#SKD101|admx|99|2013.07.16 09:08:55|4548|12|146|169|10|2|2|3|9|4|3|2|1|2|2|4|7|3|9|5|2|4|9|7|84|13|116|1|3|7|2|12|204|10|3|123|13|84|56|3|150|3|24|7|6|2|3|6|87|4|5|2|166|2501|2|2|13|10|28|6|120|112|2|2|2|4|7|29|90|1|1

DROP TABLE IF EXISTS `db_abby_monid`;
CREATE TABLE `db_abby_monid` (
  `id_abby_monid` int(11) NOT NULL AUTO_INCREMENT,
  `faculty_id` int(11) NOT NULL,
  `time_form_id` int(11) NOT NULL,
  `monid` varchar(50) NOT NULL,
  PRIMARY KEY (`id_abby_monid`),
  UNIQUE KEY `faculty_id` (`faculty_id`,`time_form_id`)
) ENGINE=InnoDB AUTO_INCREMENT=13 /*!40101 DEFAULT CHARSET=cp1251 */;

INSERT INTO `db_abby_monid` VALUES
(1, 1, 1, '31264'),
(2, 1, 2, ''),
(3, 2, 1, '31238'),
(4, 2, 2, ''),
(5, 3, 1, '31236'),
(6, 3, 2, ''),
(7, 4, 1, '31265'),
(8, 4, 2, ''),
(9, 5, 1, '31237'),
(10, 5, 2, ''),
(11, 6, 1, '31410'),
(12, 6, 2, '34623');

DROP TABLE IF EXISTS `db_acl`;
CREATE TABLE `db_acl` (
  `id_acl` int(11) NOT NULL AUTO_INCREMENT,
  `group_id` int(11) NOT NULL,
  `key_id` int(11) NOT NULL,
  `value` int(11) NOT NULL,
  PRIMARY KEY (`id_acl`),
  UNIQUE KEY `group_id` (`group_id`,`key_id`)
) ENGINE=InnoDB AUTO_INCREMENT=1059 /*!40101 DEFAULT CHARSET=cp1251 */;

INSERT INTO `db_acl` VALUES
(1, 1, 1, 1),
(2, 2, 86, 1),
(3, 2, 106, 1),
(4, 2, 76, 1),
(5, 3, 9, 1),
(6, 3, 20, 1),
(7, 3, 55, 1),
(8, 3, 70, 0),
(9, 3, 72, 1),
(10, 3, 76, 1),
(11, 3, 80, 1),
(12, 3, 104, 1),
(15, 3, 32, 1),
(22, 4, 3, 1),
(23, 4, 13, 1),
(24, 4, 20, 1),
(25, 4, 32, 1),
(26, 4, 35, 1),
(27, 4, 37, 1),
(28, 4, 40, 1),
(29, 4, 42, 1),
(30, 4, 55, 1),
(31, 4, 59, 1),
(32, 4, 63, 1),
(33, 4, 65, 1),
(34, 4, 69, 1),
(35, 4, 70, 0),
(36, 4, 72, 1),
(37, 4, 73, 1),
(38, 4, 80, 1),
(39, 4, 84, 1),
(40, 4, 85, 1),
(41, 4, 94, 1),
(42, 4, 101, 1),
(43, 4, 106, 1),
(45, 4, 5, 1),
(48, 4, 29, 1),
(49, 4, 30, 1),
(70, 4, 7, 1),
(143, 4, 109, 1),
(144, 4, 110, 1),
(157, 4, 44, 1),
(201, 4, 111, 1),
(226, 4, 99, 1),
(258, 4, 104, 1),
(266, 4, 9, 1),
(299, 4, 10, 1),
(328, 5, 13, 1),
(329, 5, 84, 1),
(330, 5, 85, 1),
(331, 5, 101, 1),
(332, 5, 104, 1),
(333, 5, 109, 1),
(334, 5, 110, 1),
(335, 5, 111, 1),
(337, 5, 32, 1),
(338, 5, 44, 1),
(339, 5, 59, 1),
(340, 5, 72, 1),
(345, 5, 106, 1),
(353, 5, 69, 1),
(363, 5, 7, 1),
(364, 5, 9, 1),
(368, 5, 55, 1),
(372, 5, 80, 1),
(393, 5, 99, 1),
(404, 5, 37, 1),
(425, 5, 42, 1),
(450, 5, 65, 1),
(468, 5, 40, 0),
(469, 6, 7, 1),
(470, 6, 73, 1),
(473, 6, 104, 1),
(474, 6, 111, 1),
(475, 7, 5, 1),
(476, 7, 7, 1),
(477, 7, 13, 1),
(478, 7, 29, 1),
(479, 7, 30, 1),
(480, 7, 37, 1),
(481, 7, 44, 1),
(482, 7, 84, 1),
(483, 7, 99, 1),
(493, 7, 104, 1),
(501, 7, 73, 1),
(522, 4, 61, 1),
(539, 8, 29, 1),
(540, 8, 30, 1),
(541, 8, 44, 1),
(542, 8, 84, 1),
(543, 8, 104, 1),
(544, 8, 106, 1),
(545, 8, 109, 1),
(546, 8, 110, 1),
(547, 8, 111, 1),
(557, 8, 112, 1),
(558, 8, 7, 1),
(562, 8, 72, 1),
(563, 8, 73, 1),
(572, 8, 9, 1),
(575, 8, 40, 1),
(577, 8, 55, 1),
(580, 8, 80, 1),
(592, 8, 32, 1),
(608, 8, 15, 1),
(632, 7, 61, 1),
(639, 7, 10, 1),
(673, 5, 113, 1),
(708, 4, 113, 1),
(715, 8, 37, 1),
(743, 8, 99, 1),
(760, 5, 61, 1),
(789, 5, 73, 1),
(822, 8, 113, 1),
(823, 9, 9, 1),
(824, 9, 13, 1),
(825, 9, 20, 1),
(826, 9, 32, 1),
(827, 9, 35, 1),
(828, 9, 44, 1),
(829, 9, 55, 1),
(830, 9, 70, 1),
(831, 9, 72, 1),
(832, 9, 73, 1),
(833, 9, 74, 1),
(834, 9, 76, 1),
(835, 9, 80, 1),
(836, 9, 84, 1),
(837, 9, 85, 1),
(838, 9, 99, 1),
(839, 9, 101, 1),
(840, 9, 104, 1),
(841, 9, 106, 1),
(842, 9, 109, 1),
(843, 9, 110, 1),
(844, 9, 111, 1),
(845, 9, 113, 1),
(846, 9, 7, 1),
(876, 8, 35, 1),
(904, 8, 63, 1),
(941, 8, 114, 1),
(967, 8, 115, 1),
(971, 5, 29, 1),
(995, 10, 37, 1),
(996, 10, 84, 1),
(1032, 4, 115, 1);

DROP TABLE IF EXISTS `db_applog`;
CREATE TABLE `db_applog` (
  `id_applog` int(11) NOT NULL AUTO_INCREMENT,
  `action_name` varchar(200) NOT NULL,
  `user_id` int(11) NOT NULL,
  `uri` varchar(200) NOT NULL,
  `ts` timestamp NOT NULL /*!40101 DEFAULT CURRENT_TIMESTAMP ON UPDATE CURRENT_TIMESTAMP */,
  `ipaddr` varchar(16) NOT NULL,
  PRIMARY KEY (`id_applog`)
) ENGINE=InnoDB AUTO_INCREMENT=170 /*!40101 DEFAULT CHARSET=cp1251 */;

INSERT INTO `db_applog` VALUES
(1, 'control', 1, '/control.php', '2013-07-16 00:31:05', '172.20.0.3'),
(2, 'person.submitted', 1, '/submitted.php', '2013-07-16 00:31:08', '172.20.0.3'),
(3, 'person.stick', 1, '/sticker.php', '2013-07-16 00:31:11', '172.20.0.3'),
(4, 'person.query', 1, '/query.php', '2013-07-16 00:31:12', '172.20.0.3'),
(5, 'person.chain', 1, '/chain.php', '2013-07-16 00:31:13', '172.20.0.3'),
(6, 'control', 1, '/control.php', '2013-07-16 00:31:19', '172.20.0.3'),
(7, 'index', 1, '/index.php', '2013-07-16 00:31:48', '172.20.0.3'),
(8, 'logout', 0, '/logout.php', '2013-07-16 00:32:24', '172.20.0.3'),
(9, 'login', 0, '/login.php', '2013-07-16 00:32:24', '172.20.0.3'),
(10, 'index', 0, '/', '2013-07-16 08:28:29', '10.5.0.40'),
(11, 'login', 0, '/login.php', '2013-07-16 08:28:29', '10.5.0.40'),
(12, 'login', 0, '/login.php', '2013-07-16 08:28:40', '10.5.0.40'),
(13, 'index', 1, '/index.php', '2013-07-16 08:28:40', '10.5.0.40'),
(14, 'control', 1, '/control.php', '2013-07-16 08:29:18', '10.5.0.40'),
(15, 'person.search', 1, '/search.php', '2013-07-16 08:29:20', '10.5.0.40'),
(16, 'person.search', 1, '/search.php', '2013-07-16 08:29:22', '10.5.0.40'),
(17, 'person.search', 1, '/search.php', '2013-07-16 08:29:24', '10.5.0.40'),
(18, 'person.search', 1, '/rev_search.php', '2013-07-16 08:29:26', '10.5.0.40'),
(19, 'person.search', 1, '/search.php', '2013-07-16 08:29:28', '10.5.0.40'),
(20, 'login', 0, '/login.php', '2013-07-16 08:46:14', '10.5.0.59'),
(21, 'login', 0, '/login.php', '2013-07-16 08:46:27', '10.5.0.62'),
(22, 'login', 0, '/login.php', '2013-07-16 08:46:38', '10.5.0.59'),
(23, 'index', 12, '/index.php', '2013-07-16 08:46:38', '10.5.0.59'),
(24, 'login', 0, '/login.php', '2013-07-16 08:46:47', '10.5.0.62'),
(25, 'index', 11, '/index.php', '2013-07-16 08:46:47', '10.5.0.62'),
(26, 'person.create', 11, '/create.php', '2013-07-16 08:50:02', '10.5.0.62'),
(27, 'index', 11, '/index.php', '2013-07-16 08:50:04', '10.5.0.62'),
(28, 'login', 0, '/login.php', '2013-07-16 08:50:57', '10.5.0.98'),
(29, 'login', 0, '/login.php', '2013-07-16 08:51:22', '10.5.0.98'),
(30, 'login', 0, '/login.php', '2013-07-16 08:51:22', '10.5.0.98'),
(31, 'login', 0, '/login.php', '2013-07-16 08:51:37', '10.5.0.98'),
(32, 'index', 19, '/index.php', '2013-07-16 08:51:37', '10.5.0.98'),
(33, 'login', 0, '/login.php', '2013-07-16 08:51:52', '10.5.0.55'),
(34, 'login', 0, '/login.php', '2013-07-16 08:51:54', '10.5.0.55'),
(35, 'index', 8, '/index.php', '2013-07-16 08:51:54', '10.5.0.55'),
(36, 'index', 8, '/index.php', '2013-07-16 08:51:57', '10.5.0.55'),
(37, 'person.search', 8, '/search.php', '2013-07-16 08:51:59', '10.5.0.55'),
(38, 'logout', 0, '/logout.php', '2013-07-16 08:52:42', '10.5.0.98'),
(39, 'login', 0, '/login.php', '2013-07-16 08:52:42', '10.5.0.98'),
(40, 'index', 0, '/', '2013-07-16 08:52:56', '10.5.0.86'),
(41, 'login', 0, '/login.php', '2013-07-16 08:52:56', '10.5.0.86'),
(42, 'login', 0, '/login.php', '2013-07-16 08:53:15', '10.5.0.28'),
(43, 'login', 0, '/login.php', '2013-07-16 08:53:35', '10.5.0.86'),
(44, 'index', 17, '/index.php', '2013-07-16 08:53:35', '10.5.0.86'),
(45, 'login', 0, '/login.php', '2013-07-16 08:53:47', '10.5.0.28'),
(46, 'index', 3, '/index.php', '2013-07-16 08:53:47', '10.5.0.28'),
(47, 'person.create', 3, '/create.php', '2013-07-16 08:53:50', '10.5.0.28'),
(48, 'login', 0, '/login.php', '2013-07-16 08:54:08', '10.5.0.30'),
(49, 'login', 0, '/login.php', '2013-07-16 08:54:10', '10.5.0.30'),
(50, 'index', 4, '/index.php', '2013-07-16 08:54:10', '10.5.0.30'),
(51, 'person.create', 4, '/create.php', '2013-07-16 08:54:12', '10.5.0.30'),
(52, 'person.edit', 0, '/edit.php?id=10', '2013-07-16 08:54:58', '10.5.0.66'),
(53, 'login', 0, '/login.php', '2013-07-16 08:54:58', '10.5.0.66'),
(54, 'login', 0, '/login.php', '2013-07-16 08:55:19', '10.5.0.66'),
(55, 'index', 9, '/index.php', '2013-07-16 08:55:19', '10.5.0.66'),
(56, 'login', 0, '/login.php', '2013-07-16 08:55:40', '10.5.0.101'),
(57, 'login', 0, '/login.php', '2013-07-16 08:55:50', '10.5.0.101'),
(58, 'index', 23, '/index.php', '2013-07-16 08:55:50', '10.5.0.101'),
(59, 'login', 0, '/login.php', '2013-07-16 08:55:55', '10.5.0.57'),
(60, 'login', 0, '/login.php', '2013-07-16 08:55:59', '10.5.0.57'),
(61, 'index', 13, '/index.php', '2013-07-16 08:55:59', '10.5.0.57'),
(62, 'login', 0, '/login.php', '2013-07-16 08:56:04', '10.5.0.35'),
(63, 'index', 0, '/', '2013-07-16 08:56:11', '10.5.0.34'),
(64, 'login', 0, '/login.php', '2013-07-16 08:56:11', '10.5.0.34'),
(65, 'login', 0, '/login.php', '2013-07-16 08:56:16', '10.5.0.35'),
(66, 'login', 0, '/login.php', '2013-07-16 08:56:32', '10.5.0.35'),
(67, 'index', 6, '/index.php', '2013-07-16 08:56:32', '10.5.0.35'),
(68, 'index', 0, '/', '2013-07-16 08:56:34', '10.5.0.27'),
(69, 'login', 0, '/login.php', '2013-07-16 08:56:34', '10.5.0.27'),
(70, 'login', 0, '/login.php', '2013-07-16 08:56:36', '10.5.0.34'),
(71, 'index', 7, '/index.php', '2013-07-16 08:56:36', '10.5.0.34'),
(72, 'report.note', 6, '/note_denis.php', '2013-07-16 08:56:41', '10.5.0.35'),
(73, 'login', 0, '/login.php', '2013-07-16 08:56:53', '10.5.0.27'),
(74, 'login', 0, '/login.php', '2013-07-16 08:56:54', '10.5.0.27'),
(75, 'logout', 0, '/logout.php', '2013-07-16 08:57:16', '10.5.0.101'),
(76, 'login', 0, '/login.php', '2013-07-16 08:57:16', '10.5.0.101'),
(77, 'login', 0, '/login.php', '2013-07-16 08:57:24', '10.5.0.102'),
(78, 'login', 0, '/login.php', '2013-07-16 08:57:30', '10.5.0.27'),
(79, 'index', 5, '/index.php', '2013-07-16 08:57:30', '10.5.0.27'),
(80, 'login', 0, '/login.php', '2013-07-16 08:57:41', '10.5.0.102'),
(81, 'index', 21, '/index.php', '2013-07-16 08:57:41', '10.5.0.102'),
(82, 'secretary', 6, '/secretary.php', '2013-07-16 08:57:43', '10.5.0.35'),
(83, 'secretary', 6, '/secretary.php', '2013-07-16 08:57:48', '10.5.0.35'),
(84, 'phones', 6, '/phones.php', '2013-07-16 08:57:49', '10.5.0.35'),
(85, 'report.discrete', 6, '/discrete.php', '2013-07-16 08:57:54', '10.5.0.35'),
(86, 'report.discrete', 6, '/discrete.php?fc=2&tf=1&ef=1', '2013-07-16 08:58:00', '10.5.0.35'),
(87, 'person.search', 6, '/search.php', '2013-07-16 08:58:44', '10.5.0.35'),
(88, 'person.search', 6, '/rangesearch.php', '2013-07-16 08:58:48', '10.5.0.35'),
(89, 'person.search', 6, '/rev_search.php', '2013-07-16 08:58:50', '10.5.0.35'),
(90, 'person.chain', 6, '/chain.php', '2013-07-16 08:58:56', '10.5.0.35'),
(91, 'person.query', 6, '/query.php', '2013-07-16 08:58:58', '10.5.0.35'),
(92, 'person.stick', 6, '/sticker.php', '2013-07-16 08:58:59', '10.5.0.35'),
(93, 'report.note', 6, '/note_denis.php', '2013-07-16 08:59:01', '10.5.0.35'),
(94, 'report.discrete', 6, '/discrete.php', '2013-07-16 08:59:21', '10.5.0.35'),
(95, 'report.note', 6, '/note_denis.php', '2013-07-16 08:59:24', '10.5.0.35'),
(96, 'index', 0, '/', '2013-07-16 08:59:38', '10.5.0.29'),
(97, 'login', 0, '/login.php', '2013-07-16 08:59:38', '10.5.0.29'),
(98, 'login', 0, '/login.php', '2013-07-16 08:59:59', '10.5.0.29'),
(99, 'login', 0, '/login.php', '2013-07-16 08:59:59', '10.5.0.29'),
(100, 'login', 0, '/login.php', '2013-07-16 09:00:14', '10.5.0.29'),
(101, 'login', 0, '/login.php', '2013-07-16 09:00:14', '10.5.0.29'),
(102, 'report.discrete', 0, '/discrete.php?fc=1&tf=1&ef=1&raw', '2013-07-16 09:00:30', '172.20.0.40'),
(103, 'report.discrete', 0, '/discrete.php?fc=2&tf=1&ef=1&raw', '2013-07-16 09:00:30', '172.20.0.40'),
(104, 'report.discrete', 0, '/discrete.php?fc=3&tf=1&ef=1&raw', '2013-07-16 09:00:30', '172.20.0.40'),
(105, 'report.discrete', 0, '/discrete.php?fc=4&tf=1&ef=1&raw', '2013-07-16 09:00:30', '172.20.0.40'),
(106, 'report.discrete', 0, '/discrete.php?fc=5&tf=1&ef=1&raw', '2013-07-16 09:00:30', '172.20.0.40'),
(107, 'report.discrete', 0, '/discrete.php?fc=6&tf=1&ef=1&raw', '2013-07-16 09:00:30', '172.20.0.40'),
(108, 'report.discrete', 0, '/discrete.php?fc=6&tf=2&ef=1&raw', '2013-07-16 09:00:30', '172.20.0.40'),
(109, 'report.discrete', 0, '/discrete_paid.php?raw', '2013-07-16 09:00:30', '172.20.0.40'),
(110, 'report.discrete', 0, '/discrete_paid.php?fc=1&tf=1&raw', '2013-07-16 09:00:30', '172.20.0.40'),
(111, 'report.discrete', 0, '/discrete_paid.php?fc=2&tf=1&raw', '2013-07-16 09:00:30', '172.20.0.40'),
(112, 'report.discrete', 0, '/discrete_paid.php?fc=3&tf=1&raw', '2013-07-16 09:00:30', '172.20.0.40'),
(113, 'report.discrete', 0, '/discrete_paid.php?fc=4&tf=1&raw', '2013-07-16 09:00:30', '172.20.0.40'),
(114, 'report.discrete', 0, '/discrete_paid.php?fc=6&tf=1&raw', '2013-07-16 09:00:30', '172.20.0.40'),
(115, 'report.discrete', 0, '/discrete_paid.php?fc=6&tf=2&raw', '2013-07-16 09:00:30', '172.20.0.40'),
(116, 'login', 0, '/login.php', '2013-07-16 09:00:33', '10.5.0.29'),
(117, 'login', 0, '/login.php', '2013-07-16 09:00:33', '10.5.0.29'),
(118, 'login', 0, '/login.php', '2013-07-16 09:00:34', '10.5.0.29'),
(119, 'login', 0, '/login.php', '2013-07-16 09:00:34', '10.5.0.29'),
(120, 'login', 0, '/login.php', '2013-07-16 09:00:41', '10.5.0.29'),
(121, 'login', 0, '/login.php', '2013-07-16 09:00:41', '10.5.0.29'),
(122, 'person.receipt', 0, '/receipt_frame.php?id=2', '2013-07-16 09:01:23', '10.5.0.89'),
(123, 'login', 0, '/login.php', '2013-07-16 09:01:23', '10.5.0.89'),
(124, 'person.search', 1, '/search.php', '2013-07-16 09:01:49', '10.5.0.40'),
(125, 'login', 0, '/login.php', '2013-07-16 09:02:08', '10.5.0.89'),
(126, 'index', 18, '/index.php', '2013-07-16 09:02:08', '10.5.0.89'),
(127, 'index', 18, '/index.php', '2013-07-16 09:02:37', '10.5.0.89'),
(128, 'person.search', 18, '/search.php', '2013-07-16 09:02:39', '10.5.0.89'),
(129, 'person.create', 12, '/create.php', '2013-07-16 09:02:54', '10.5.0.59'),
(130, 'index', 9, '/index.php', '2013-07-16 09:04:04', '10.5.0.66'),
(131, 'person.search', 9, '/search.php', '2013-07-16 09:04:05', '10.5.0.66'),
(132, 'secretary', 8, '/secretary.php', '2013-07-16 09:05:17', '10.5.0.55'),
(133, 'secretary', 8, '/secretary.php', '2013-07-16 09:05:22', '10.5.0.55'),
(134, 'person.search', 1, '/search.php', '2013-07-16 09:05:27', '10.5.0.40'),
(135, 'secretary', 9, '/secretary.php', '2013-07-16 09:05:27', '10.5.0.66'),
(136, 'person.search', 1, '/search.php', '2013-07-16 09:05:28', '10.5.0.40'),
(137, 'person.search', 8, '/search.php', '2013-07-16 09:05:30', '10.5.0.55'),
(138, 'phones', 9, '/phones.php', '2013-07-16 09:05:51', '10.5.0.66'),
(139, 'index', 11, '/index.php', '2013-07-16 09:05:59', '10.5.0.62'),
(140, 'login', 0, '/login.php', '2013-07-16 09:06:46', '10.5.0.87'),
(141, 'person.search', 18, '/rangesearch.php', '2013-07-16 09:06:58', '10.5.0.89'),
(142, 'login', 0, '/login.php', '2013-07-16 09:07:03', '10.5.0.87'),
(143, 'index', 16, '/index.php', '2013-07-16 09:07:03', '10.5.0.87'),
(144, 'person.search', 18, '/rev_search.php', '2013-07-16 09:07:05', '10.5.0.89'),
(145, 'person.create', 16, '/create.php', '2013-07-16 09:07:13', '10.5.0.87'),
(146, 'person.chain', 18, '/chain.php', '2013-07-16 09:07:14', '10.5.0.89'),
(147, 'person.query', 18, '/query.php', '2013-07-16 09:07:20', '10.5.0.89'),
(148, 'person.stick', 18, '/sticker.php', '2013-07-16 09:07:23', '10.5.0.89'),
(149, 'report.note', 18, '/note_denis.php', '2013-07-16 09:07:25', '10.5.0.89'),
(150, 'login', 0, '/login.php', '2013-07-16 09:07:45', '10.5.0.29'),
(151, 'index', 1, '/index.php', '2013-07-16 09:07:45', '10.5.0.29'),
(152, 'control', 1, '/control.php', '2013-07-16 09:07:53', '10.5.0.29'),
(153, 'control.users', 1, '/users.php', '2013-07-16 09:07:55', '10.5.0.29'),
(154, 'index', 0, '/', '2013-07-16 09:07:56', '10.5.0.64'),
(155, 'login', 0, '/login.php', '2013-07-16 09:07:56', '10.5.0.64'),
(156, 'secretary', 18, '/secretary.php', '2013-07-16 09:08:05', '10.5.0.89'),
(157, 'phones', 18, '/phones.php', '2013-07-16 09:08:11', '10.5.0.89'),
(158, 'person.search', 18, '/search.php', '2013-07-16 09:08:17', '10.5.0.89'),
(159, 'index', 18, '/index.php', '2013-07-16 09:08:19', '10.5.0.89'),
(160, 'person.search', 18, '/search.php', '2013-07-16 09:08:22', '10.5.0.89'),
(161, 'login', 0, '/login.php', '2013-07-16 09:08:23', '10.5.0.64'),
(162, 'login', 0, '/login.php', '2013-07-16 09:08:23', '10.5.0.64'),
(163, 'control.users', 1, '/users.php', '2013-07-16 09:08:38', '10.5.0.29'),
(164, 'control.users', 1, '/users.php?id=29', '2013-07-16 09:08:38', '10.5.0.29'),
(165, 'person.search', 1, '/search.php', '2013-07-16 09:08:40', '10.5.0.29'),
(166, 'person.search', 1, '/search.php', '2013-07-16 09:08:42', '10.5.0.29'),
(167, 'control', 1, '/control.php', '2013-07-16 09:08:44', '10.5.0.29'),
(168, 'login', 0, '/login.php', '2013-07-16 09:08:46', '10.5.0.64'),
(169, 'index', 15, '/index.php', '2013-07-16 09:08:46', '10.5.0.64');

DROP TABLE IF EXISTS `db_ball_temp`;
CREATE TABLE `db_ball_temp` (
  `id_ball_temp` int(11) NOT NULL AUTO_INCREMENT,
  `faculty` int(11) NOT NULL,
  `time_form_id` int(11) NOT NULL,
  `edu_form` int(11) NOT NULL,
  `target` int(11) NOT NULL,
  `target_type` int(11) NOT NULL,
  `target_cell` int(11) NOT NULL,
  `region_cell` int(11) NOT NULL,
  `total` int(11) NOT NULL,
  `delo_name` varchar(10) NOT NULL,
  `person_id` int(11) NOT NULL,
  PRIMARY KEY (`id_ball_temp`)
) ENGINE=InnoDB /*!40101 DEFAULT CHARSET=cp1251 */;

DROP TABLE IF EXISTS `db_balls`;
CREATE TABLE `db_balls` (
  `id_balls` int(11) NOT NULL AUTO_INCREMENT,
  `person_id` int(11) NOT NULL,
  `sum` int(11) NOT NULL,
  PRIMARY KEY (`id_balls`)
) ENGINE=InnoDB /*!40101 DEFAULT CHARSET=cp1251 */;

DROP TABLE IF EXISTS `db_benefit`;
CREATE TABLE `db_benefit` (
  `id_benefit` int(11) NOT NULL AUTO_INCREMENT,
  `name` varchar(60) NOT NULL,
  `sname` varchar(60) NOT NULL,
  `abbr` varchar(50) NOT NULL,
  PRIMARY KEY (`id_benefit`)
) ENGINE=InnoDB AUTO_INCREMENT=11 /*!40101 DEFAULT CHARSET=cp1251 */;

INSERT INTO `db_benefit` VALUES
(1, 'Медаль / Диплом с отличием', '', 'МДО'),
(2, 'Ч18', '', 'Ч18'),
(3, 'Ч13 / Ч21 - Ч23', '', 'Ч13'),
(4, 'И1-3', '', 'И'),
(5, 'Сироты', '', 'С'),
(6, 'Воин-инт', '', 'В'),
(7, '2-3 ст Областная', '', '23О'),
(8, 'МДС', '', 'МДС'),
(9, 'Почетный караул', '', 'ПК'),
(10, 'МСВУ', 'МСВУ', 'МСВУ');

DROP TABLE IF EXISTS `db_call`;
CREATE TABLE `db_call` (
  `id_call` int(11) NOT NULL AUTO_INCREMENT,
  `name` varchar(60) NOT NULL,
  `sname` varchar(60) NOT NULL,
  `abbr` varchar(50) NOT NULL,
  `person_id` int(11) NOT NULL,
  `call_date` timestamp NOT NULL /*!40101 DEFAULT CURRENT_TIMESTAMP ON UPDATE CURRENT_TIMESTAMP */,
  `call_request` text NOT NULL,
  `call_response` text NOT NULL,
  `caller_id` int(11) NOT NULL,
  PRIMARY KEY (`id_call`)
) ENGINE=InnoDB /*!40101 DEFAULT CHARSET=cp1251 */;

DROP TABLE IF EXISTS `db_certificate`;
CREATE TABLE `db_certificate` (
  `id_certificate` int(11) NOT NULL AUTO_INCREMENT,
  `name` varchar(60) NOT NULL,
  `sname` varchar(60) NOT NULL,
  `abbr` varchar(50) NOT NULL,
  PRIMARY KEY (`id_certificate`)
) ENGINE=InnoDB AUTO_INCREMENT=3 /*!40101 DEFAULT CHARSET=cp1251 */;

INSERT INTO `db_certificate` VALUES
(1, 'Аттестат', '', ''),
(2, 'Диплом', '', '');

DROP TABLE IF EXISTS `db_chain`;
CREATE TABLE `db_chain` (
  `id_chain` int(11) NOT NULL AUTO_INCREMENT,
  `name` text NOT NULL,
  `sname` varchar(60) NOT NULL,
  `abbr` varchar(50) NOT NULL,
  `owner_id` int(11) NOT NULL,
  `save_date` timestamp NOT NULL /*!40101 DEFAULT CURRENT_TIMESTAMP ON UPDATE CURRENT_TIMESTAMP */,
  PRIMARY KEY (`id_chain`)
) ENGINE=InnoDB /*!40101 DEFAULT CHARSET=cp1251 */;

DROP TABLE IF EXISTS `db_chid`;
CREATE TABLE `db_chid` (
  `id_chid` int(11) NOT NULL AUTO_INCREMENT,
  `name` varchar(60) NOT NULL,
  `sname` varchar(60) NOT NULL,
  `abbr` varchar(50) NOT NULL,
  `chain_id` int(11) NOT NULL,
  `person_id` int(11) NOT NULL,
  `owner_id` int(11) NOT NULL,
  PRIMARY KEY (`id_chid`)
) ENGINE=InnoDB /*!40101 DEFAULT CHARSET=cp1251 */;

DROP TABLE IF EXISTS `db_city_rang`;
CREATE TABLE `db_city_rang` (
  `id_city_rang` int(11) NOT NULL AUTO_INCREMENT,
  `name` varchar(60) NOT NULL,
  `sname` varchar(60) NOT NULL,
  `abbr` varchar(50) NOT NULL,
  PRIMARY KEY (`id_city_rang`)
) ENGINE=InnoDB AUTO_INCREMENT=3 /*!40101 DEFAULT CHARSET=cp1251 */;

INSERT INTO `db_city_rang` VALUES
(1, 'Городской', 'Город', 'Г'),
(2, 'Сельский', 'Село', 'Г');

DROP TABLE IF EXISTS `db_community`;
CREATE TABLE `db_community` (
  `id_community` int(11) NOT NULL AUTO_INCREMENT,
  `name` varchar(60) NOT NULL,
  `sname` varchar(60) NOT NULL,
  `abbr` varchar(50) NOT NULL,
  PRIMARY KEY (`id_community`)
) ENGINE=InnoDB AUTO_INCREMENT=4 /*!40101 DEFAULT CHARSET=cp1251 */;

INSERT INTO `db_community` VALUES
(1, 'БРСМ', '', ''),
(2, 'Белая Русь', '', ''),
(3, 'Спецфонд', '', '');

DROP TABLE IF EXISTS `db_country`;
CREATE TABLE `db_country` (
  `id_country` int(11) NOT NULL AUTO_INCREMENT,
  `name` varchar(60) NOT NULL,
  `sname` varchar(60) NOT NULL,
  `abbr` varchar(60) NOT NULL,
  PRIMARY KEY (`id_country`)
) ENGINE=InnoDB AUTO_INCREMENT=10 /*!40101 DEFAULT CHARSET=cp1251 */;

INSERT INTO `db_country` VALUES
(1, 'Республика Беларусь', 'Беларусь', 'РБ'),
(2, 'Российская Федерация', 'Россия', 'РФ'),
(3, 'Республика Казахстан', 'Казахстан', 'РК'),
(4, 'Кыргызская Республика', 'Киргизия', 'КР'),
(5, 'Республика Таджикистан', 'Таджикистан', 'РТ'),
(6, 'Украина', 'Украина', 'У'),
(7, 'Литовская Республика', 'Литва', 'Л'),
(8, 'Латвийская Республика', 'Латвия', 'Л'),
(9, 'Республика Польша', 'Польша', 'П');

DROP TABLE IF EXISTS `db_course`;
CREATE TABLE `db_course` (
  `id_course` int(11) NOT NULL AUTO_INCREMENT,
  `name` varchar(60) NOT NULL,
  `sname` varchar(60) NOT NULL,
  `abbr` varchar(50) NOT NULL,
  PRIMARY KEY (`id_course`)
) ENGINE=InnoDB AUTO_INCREMENT=5 /*!40101 DEFAULT CHARSET=cp1251 */;

INSERT INTO `db_course` VALUES
(1, 'ПО БГМУ', '', ''),
(2, 'ПК БГМУ', '', ''),
(3, 'Другие ПО', '', ''),
(4, 'Другие ПК', '', '');

DROP TABLE IF EXISTS `db_ct`;
CREATE TABLE `db_ct` (
  `id_ct` int(11) NOT NULL AUTO_INCREMENT,
  `name` varchar(60) NOT NULL,
  `sname` varchar(60) NOT NULL,
  `abbr` varchar(50) NOT NULL,
  PRIMARY KEY (`id_ct`)
) ENGINE=InnoDB AUTO_INCREMENT=4 /*!40101 DEFAULT CHARSET=cp1251 */;

INSERT INTO `db_ct` VALUES
(1, 'ЦТ', '', 'ЦТ'),
(2, 'I ст областная', '', ''),
(3, 'Нет', 'Нет', 'Нет');

DROP TABLE IF EXISTS `db_ct_info`;
CREATE TABLE `db_ct_info` (
  `id_ct_info` int(11) NOT NULL AUTO_INCREMENT,
  `surname` varchar(60) NOT NULL,
  `name` varchar(60) NOT NULL,
  `midname` varchar(60) NOT NULL,
  `serial` varchar(10) NOT NULL,
  `number` varchar(10) NOT NULL,
  `lct_sum` int(11) NOT NULL,
  `lct_sn` varchar(50) NOT NULL,
  `lct_xn` varchar(50) NOT NULL,
  `cct_sum` int(11) NOT NULL,
  `cct_sn` varchar(50) NOT NULL,
  `cct_xn` varchar(50) NOT NULL,
  `bct_sum` int(11) NOT NULL,
  `bct_sn` varchar(50) NOT NULL,
  `bct_xn` varchar(50) NOT NULL,
  PRIMARY KEY (`id_ct_info`),
  UNIQUE KEY `serial` (`serial`,`number`)
) ENGINE=InnoDB /*!40101 DEFAULT CHARSET=cp1251 */;

DROP TABLE IF EXISTS `db_cut`;
CREATE TABLE `db_cut` (
  `id_cut` int(11) NOT NULL AUTO_INCREMENT,
  `name` varchar(60) NOT NULL,
  `sname` varchar(60) NOT NULL,
  `abbr` varchar(50) NOT NULL,
  `dt` datetime NOT NULL,
  `owner_id` int(11) NOT NULL,
  PRIMARY KEY (`id_cut`)
) ENGINE=InnoDB /*!40101 DEFAULT CHARSET=cp1251 */;

DROP TABLE IF EXISTS `db_dicttemp`;
CREATE TABLE `db_dicttemp` (
  `id_dicttemp` int(11) NOT NULL AUTO_INCREMENT,
  `value` int(11) NOT NULL,
  PRIMARY KEY (`id_dicttemp`)
) ENGINE=InnoDB AUTO_INCREMENT=3 /*!40101 DEFAULT CHARSET=cp1251 */;

INSERT INTO `db_dicttemp` VALUES
(1, 1),
(2, 2);

DROP TABLE IF EXISTS `db_dual_mode`;
CREATE TABLE `db_dual_mode` (
  `id_dual_mode` int(11) NOT NULL AUTO_INCREMENT,
  `name` varchar(60) NOT NULL,
  `sname` varchar(60) NOT NULL,
  `abbr` varchar(50) NOT NULL,
  PRIMARY KEY (`id_dual_mode`)
) ENGINE=InnoDB AUTO_INCREMENT=2 /*!40101 DEFAULT CHARSET=cp1251 */;

INSERT INTO `db_dual_mode` VALUES
(1, 'Плюс Платное', '', '+В/Б');

DROP TABLE IF EXISTS `db_education`;
CREATE TABLE `db_education` (
  `id_education` int(11) NOT NULL AUTO_INCREMENT,
  `name` varchar(50) NOT NULL,
  `sname` varchar(50) NOT NULL,
  `abbr` varchar(50) NOT NULL,
  PRIMARY KEY (`id_education`)
) ENGINE=InnoDB AUTO_INCREMENT=3 /*!40101 DEFAULT CHARSET=cp1251 */;

INSERT INTO `db_education` VALUES
(1, 'После медколледжа', 'После медколледжа', 'М/К'),
(2, 'После высшего образования', 'После высшего', 'В/В');

DROP TABLE IF EXISTS `db_ef`;
CREATE TABLE `db_ef` (
  `id_ef` int(11) NOT NULL AUTO_INCREMENT,
  `name` varchar(60) NOT NULL,
  `sname` varchar(60) NOT NULL,
  `abbr` varchar(11) NOT NULL,
  `order_extract` varchar(100) NOT NULL,
  `notification` varchar(100) NOT NULL,
  PRIMARY KEY (`id_ef`)
) ENGINE=InnoDB AUTO_INCREMENT=3 /*!40101 DEFAULT CHARSET=cp1251 */;

INSERT INTO `db_ef` VALUES
(1, 'Бюджетная', 'Бюдж', 'Б', 'за счёт средств республиканского бюджета', 'бюджетное'),
(2, 'Платная', 'Плат', 'П', 'на условиях оплаты', 'платное');

DROP TABLE IF EXISTS `db_experience`;
CREATE TABLE `db_experience` (
  `id_experience` int(11) NOT NULL AUTO_INCREMENT,
  `name` varchar(60) NOT NULL,
  `sname` varchar(60) NOT NULL,
  `abbr` varchar(50) NOT NULL,
  PRIMARY KEY (`id_experience`)
) ENGINE=InnoDB AUTO_INCREMENT=5 /*!40101 DEFAULT CHARSET=cp1251 */;

INSERT INTO `db_experience` VALUES
(1, 'Нет', '', ''),
(2, 'меньше года', '', ''),
(3, 'два и менее', '', ''),
(4, 'более двух', '', '');

DROP TABLE IF EXISTS `db_faculty`;
CREATE TABLE `db_faculty` (
  `id` int(11) NOT NULL AUTO_INCREMENT,
  `name` varchar(60) NOT NULL,
  `sname` varchar(60) NOT NULL,
  `abbr` varchar(60) NOT NULL,
  `idelo` int(11) NOT NULL,
  `spec` varchar(50) NOT NULL,
  `speccode` varchar(50) NOT NULL,
  `place` varchar(200) NOT NULL,
  `chief` varchar(200) NOT NULL,
  `chief_phone` varchar(200) NOT NULL,
  `order_extract` varchar(100) NOT NULL,
  PRIMARY KEY (`id`)
) ENGINE=InnoDB AUTO_INCREMENT=8 /*!40101 DEFAULT CHARSET=cp1251 */;

INSERT INTO `db_faculty` VALUES
(1, 'Лечебный', 'Леч', 'Л', 0, 'лечебное дело', '1-79 01 01', 'на 5 этаже главного корпуса', 'Волотовский Алексей Игоревич', '(+375 17) 272 61 02', 'лечебного'),
(2, 'Медико-профилактический', 'Мед-проф', 'МП', 0, 'медико-профилактическое дело', '1-79 01 03', 'на 4 этаже главного корпуса', 'Аветисов Арам Рубенович', '(+375 17) 272 67 56', 'медико-профилактического'),
(3, 'Педиатрический', 'Пед', 'ПД', 0, 'педиатрия', '1-79 01 02', 'на 5 этаже главного корпуса', 'Кепеть Василий Аркадьевич', '(+375 17) 272 55 95', 'педиатрического'),
(4, 'Стоматологический', 'Стом', 'СТ', 0, 'стоматология', '1-79 01 07', 'на 5 этаже главного корпуса', 'Пархамович Сергей Николаевич', '(+ 375 17)  272 67 58', 'стоматологического'),
(5, 'Военно-медицинский', 'Воен-мед', 'ВМ', 0, 'лечебное дело', '1-79 01 01', 'в общежитии №1', 'проф. Шнитко Светослав Николаевич', '(+ 375 17) 285 66 83', 'военно-медицинского'),
(6, 'Фармацевтический', 'Фарма', 'Ф', 0, 'Фармация', '1-79 01 08', 'на 10 этаже главного корпуса', 'проф. Гурина Наталия Сергеевна', '(+ 375 17) 271 03 54', 'фармацевтического'),
(7, 'Профориентации', 'ПФ', 'ПДП', 0, 'Слушатель', '', '', '', '', '');

DROP TABLE IF EXISTS `db_fax`;
CREATE TABLE `db_fax` (
  `id_fax` int(11) NOT NULL AUTO_INCREMENT,
  `name` varchar(60) NOT NULL,
  `sname` varchar(60) NOT NULL,
  `abbr` varchar(50) NOT NULL,
  `person_id` int(11) NOT NULL,
  `call_date` timestamp NOT NULL /*!40101 DEFAULT CURRENT_TIMESTAMP ON UPDATE CURRENT_TIMESTAMP */,
  `call_request` text NOT NULL,
  `call_response` text NOT NULL,
  `caller_id` int(11) NOT NULL,
  PRIMARY KEY (`id_fax`)
) ENGINE=InnoDB /*!40101 DEFAULT CHARSET=cp1251 */;

DROP TABLE IF EXISTS `db_field_macro`;
CREATE TABLE `db_field_macro` (
  `id_field_macro` int(11) NOT NULL AUTO_INCREMENT,
  `name` text NOT NULL,
  `sname` text NOT NULL,
  `abbr` varchar(50) NOT NULL,
  PRIMARY KEY (`id_field_macro`),
  UNIQUE KEY `abbr` (`abbr`)
) ENGINE=InnoDB /*!40101 DEFAULT CHARSET=cp1251 */;

DROP TABLE IF EXISTS `db_files`;
CREATE TABLE `db_files` (
  `id_files` int(11) NOT NULL AUTO_INCREMENT,
  `name` varchar(200) NOT NULL,
  `cuid` int(11) NOT NULL,
  `ctime` datetime NOT NULL,
  `size` int(11) NOT NULL,
  `block` longblob NOT NULL,
  PRIMARY KEY (`id_files`)
) ENGINE=InnoDB /*!40101 DEFAULT CHARSET=cp1251 */;

DROP TABLE IF EXISTS `db_grade`;
CREATE TABLE `db_grade` (
  `id_grade` int(11) NOT NULL AUTO_INCREMENT,
  `name` varchar(60) NOT NULL,
  `sname` varchar(60) NOT NULL,
  `abbr` varchar(50) NOT NULL,
  PRIMARY KEY (`id_grade`)
) ENGINE=InnoDB AUTO_INCREMENT=4 /*!40101 DEFAULT CHARSET=cp1251 */;

INSERT INTO `db_grade` VALUES
(1, 'Международная', '', ''),
(2, 'Республиканская', '', ''),
(3, 'Лауреат СФП', '', '');

DROP TABLE IF EXISTS `db_groups`;
CREATE TABLE `db_groups` (
  `id_group` int(11) NOT NULL AUTO_INCREMENT,
  `groupkey` varchar(60) NOT NULL,
  `groupname` varchar(60) NOT NULL,
  PRIMARY KEY (`id_group`)
) ENGINE=InnoDB AUTO_INCREMENT=11 /*!40101 DEFAULT CHARSET=cp1251 */;

INSERT INTO `db_groups` VALUES
(1, '', 'Admins'),
(3, 'Editors', 'Редакторы'),
(4, 'ex', 'Ответственные секретари'),
(5, 'sec', 'Секретари'),
(6, 'phone', 'Телефонистки'),
(7, 'Деканы', 'Деканы'),
(8, 'kanc', 'Канцелярия'),
(9, 'valid', 'Сверщики'),
(10, 'tso', 'ТСО');

DROP TABLE IF EXISTS `db_help`;
CREATE TABLE `db_help` (
  `id_help` int(11) NOT NULL AUTO_INCREMENT,
  `name` varchar(60) NOT NULL,
  `sname` varchar(60) NOT NULL,
  `abbr` varchar(50) NOT NULL,
  `page` varchar(60) NOT NULL,
  `par` text NOT NULL,
  PRIMARY KEY (`id_help`)
) ENGINE=InnoDB AUTO_INCREMENT=6 /*!40101 DEFAULT CHARSET=cp1251 */;

INSERT INTO `db_help` VALUES
(1, 'Авторизация', '', '', 'login.php', 'Страница предназначенная для авторизации пользователя в системе. Если вы забыли пароль - обратитесь к администратору.'),
(2, 'Главная страница', '', '', 'index.php', 'Страница на которую попадает авторизовавшийся пользователь.'),
(3, 'Предсоздание', '', '', 'precreate.php', 'Данная страница предназначена для использования имеющихся данных о централизованном тестировании.'),
(4, 'Серия', '', '', 'precreate.php', 'Поле для ввода серии паспорта. Например MC, KH и т.д.'),
(5, 'Номер', '', '', 'precreate.php', 'Поле для ввода номера паспорта ( то что идёт за 2 буквами, например 1234567).');

DROP TABLE IF EXISTS `db_history`;
CREATE TABLE `db_history` (
  `id_history` int(11) NOT NULL AUTO_INCREMENT,
  `ts` timestamp NOT NULL /*!40101 DEFAULT CURRENT_TIMESTAMP ON UPDATE CURRENT_TIMESTAMP */,
  `person_id` int(11) NOT NULL,
  `user_id` int(11) NOT NULL,
  `field` varchar(50) NOT NULL,
  `value_old` varchar(100) NOT NULL,
  `value_new` varchar(100) NOT NULL,
  PRIMARY KEY (`id_history`)
) ENGINE=InnoDB /*!40101 DEFAULT CHARSET=cp1251 */;

DROP TABLE IF EXISTS `db_hostel`;
CREATE TABLE `db_hostel` (
  `id_hostel` int(11) NOT NULL AUTO_INCREMENT,
  `name` varchar(60) NOT NULL,
  `sname` varchar(60) NOT NULL,
  `abbr` varchar(50) NOT NULL,
  PRIMARY KEY (`id_hostel`)
) ENGINE=InnoDB AUTO_INCREMENT=3 /*!40101 DEFAULT CHARSET=cp1251 */;

INSERT INTO `db_hostel` VALUES
(1, 'Нуждаюсь', '', ''),
(2, 'Не нуждаюсь', '', '');

DROP TABLE IF EXISTS `db_inst_rank`;
CREATE TABLE `db_inst_rank` (
  `id_inst_rank` int(11) NOT NULL AUTO_INCREMENT,
  `name` varchar(60) NOT NULL,
  `sname` varchar(60) NOT NULL,
  `abbr` varchar(50) NOT NULL,
  PRIMARY KEY (`id_inst_rank`)
) ENGINE=InnoDB AUTO_INCREMENT=5 /*!40101 DEFAULT CHARSET=cp1251 */;

INSERT INTO `db_inst_rank` VALUES
(1, 'Общее среднее', '', ''),
(2, 'Среднеe специальное', '', ''),
(3, 'Профессионально-техническое', '', ''),
(4, 'Высшее', '', '');

DROP TABLE IF EXISTS `db_institution`;
CREATE TABLE `db_institution` (
  `id_institution` int(11) NOT NULL AUTO_INCREMENT,
  `name` varchar(60) NOT NULL,
  `sname` varchar(60) NOT NULL,
  `abbr` varchar(60) NOT NULL,
  `issued` varchar(50) NOT NULL,
  PRIMARY KEY (`id_institution`)
) ENGINE=InnoDB AUTO_INCREMENT=10 /*!40101 DEFAULT CHARSET=cp1251 */;

INSERT INTO `db_institution` VALUES
(1, 'Средняя школа', '', '', 'СШ'),
(2, 'Гимназия', '', '', 'гимназией'),
(3, 'Лицей', '', '', 'лицеем'),
(4, 'Интернат', '', '', 'интернатом'),
(5, 'ПТУ', '', '', 'ПТУ'),
(6, 'ВУЗ', '', '', ''),
(7, 'Колледж', '', '', 'колледжем'),
(8, 'Медколледж', '', '', 'медколледжем'),
(9, 'Суворовское училище', '', '', 'Сув. уч-м');

DROP TABLE IF EXISTS `db_invalid`;
CREATE TABLE `db_invalid` (
  `id_invalid` int(11) NOT NULL AUTO_INCREMENT,
  `name` varchar(60) NOT NULL,
  `sname` varchar(60) NOT NULL,
  `abbr` varchar(50) NOT NULL,
  PRIMARY KEY (`id_invalid`)
) ENGINE=InnoDB AUTO_INCREMENT=8 /*!40101 DEFAULT CHARSET=cp1251 */;

INSERT INTO `db_invalid` VALUES
(1, 'I гр.', '', ''),
(2, 'II гр.', '', ''),
(3, 'III гр.', '', ''),
(4, '4 суз', '', ''),
(5, '3 суз', '', ''),
(6, '2 суз', '', ''),
(7, '1 суз', '', '');

DROP TABLE IF EXISTS `db_inventory_doc`;
CREATE TABLE `db_inventory_doc` (
  `id_inventory_doc` int(11) NOT NULL AUTO_INCREMENT,
  `name` varchar(60) NOT NULL,
  `sname` varchar(60) NOT NULL,
  `abbr` varchar(50) NOT NULL,
  `code` text NOT NULL,
  PRIMARY KEY (`id_inventory_doc`)
) ENGINE=InnoDB AUTO_INCREMENT=85 /*!40101 DEFAULT CHARSET=cp1251 */;

INSERT INTO `db_inventory_doc` VALUES
(1, 'Заявление', '', '', 'return \'Заявление\';'),
(2, 'Заявление на восстановление', '', '', 'return \'Заявление\';\\return \'на восстановление\';'),
(3, 'Диплом/Аттестат', '', '', 'return $edu_doc;'),
(4, 'Перевод диплома/аттестата', '', '', 'return \'Перевод \'.lowercase($edu_doc).\'а\';'),
(5, 'Выписка из диплома/аттестата', '', '', 'return \'Выписка \'.lowercase($edu_doc).\'а\';'),
(6, 'Перевод выписки диплома/аттестата', '', '', 'return \'Перевод выписки \'.lowercase($edu_doc).\'а\';'),
(7, 'Копия диплома III ст. респ. олимпиады', '', '', 'return \'Копия диплома\';\\return \'III ст. респ. олимпиады\';'),
(8, 'Копия диплома о высшем образовании', '', '', 'return \'Копия диплома\';\\return \'о высшем образовании\';'),
(9, 'Копия выписки из зачётно-экзаменационной ведомости', '', '', 'return \'Копия выписки\';\\return \'из зачётно-экзаменационной\';\\return \'ведомости\';'),
(10, 'Копия свидетельства о рождении', '', '', 'return \'Копия свидетельства\';\\ return \'о рождении\';'),
(11, 'Копия паспорта', '', '', 'return \'Копия паспорта\';'),
(12, 'Копия удостоверения юной медсестры', '', '', 'return \'Копия удостоверения\';\\ return \'юной медсестры\';'),
(13, 'Копия справки о самостоятельном трудоустройстве', '', '', 'return \'Копия справки\';\\return \'о самостоятельном\';\\return \' трудоустройстве\';'),
(14, 'Копия свидетельства о заключении брака', '', '', 'return \'Копия свидетельства\';\\ return \'о заключении брака\';'),
(15, 'Копия удостоверения инвалидности отца', '', '', 'return \'Копия удостоверения\';\\return \'инвалидности отца\';'),
(16, 'Копия вида на жительство', '', '', 'return \'Копия вида на\';\\return \'жительство\';'),
(17, 'Справка с места жительства', '', '', 'return \'Справка с места\';\\return \'жительства\';'),
(18, 'Справка об отчислении', '', '', 'return \'Справка об отчислении\';'),
(19, 'Копия удостоверения МДС', '', '', 'return \'Копия\';\\return \'удостоверения МДС\';'),
(20, 'Копия удостоверения ЧАЭС', '', '', 'return \'Копия\';\\return \'удостоверения ЧАЭС\';'),
(21, 'Удостоверение МДС', '', '', 'return \'Удостоверение МДС\';'),
(22, 'Удостоверение ЧАЭС', '', '', 'return \'Удостоверение ЧАЭС\';'),
(23, 'Справка МРЭК', '', '', 'return \'Справка МРЭК\';'),
(24, 'Копия удостоверения инвалида', '', '', 'return \'Копия\';\\return \'удостоверения инвалида\';'),
(25, 'Копия свидетельства инвалида', '', '', 'return \'Копия\';\\return \'свидетельства инвалида\';'),
(26, 'Целевой договор', '', '', 'return \'Целевой договор\';'),
(27, 'Справка о смерти отца', '', '', 'return \'Справка о смерти отца\';'),
(28, 'Справка о смерти матери', '', '', 'return \'Справка о смерти матери\';'),
(29, 'Копия свидетельства о смерти отца', '', '', 'return \'Копия свидетельства\';\\return \'о смерти отца\';'),
(30, 'Копия свидетельства о смерти матери', '', '', 'return \'Копия свидетельства\';\\return \'о смерти матери\';'),
(31, 'Академическая справка', '', '', 'return \'Академическая справка\';'),
(32, 'Копия диплома победителя олимпиады', '', '', 'return \'Копия диплома\';\\return \'победителя олимпиады\';'),
(33, 'Справка из МВД', '', '', 'return \'Справка из МВД\';'),
(34, 'Копия приказа о присвоении КМС', '', '', 'return \'Копия приказа\';\\return \'о присвоении КМС\';'),
(35, 'Копия удостоверения КМС', '', '', 'return \'Копия удостоверения\';\\return \'КМС\';'),
(36, 'Ходатайство спортивной организации', '', '', 'return \'Ходатайство\';\\return \'спортивной организации\';'),
(37, 'Согласованное письмо', '', '', 'return \'Согласованное письмо\';'),
(38, 'Сертификаты по', '', '', 'return \'Сертификаты по:\';\\return \'язык \'.$p->lct_sn.\' \'.$p->lct_xn;\\return \'био. \'.$p->bct_sn.\' \'.$p->bct_xn;\\return \'хим. \'.$p->cct_sn.\' \'.$p->cct_xn;'),
(39, 'Сведения о результатах ЦТ и среднем балле', '', '', 'return \'Сведения о результатах\';\\return \'ЦТ и среднем балле\';'),
(40, 'Заявление на платное', '', '', 'return \'Заявление на платное\';'),
(41, 'Договор', '', '', 'return \'Договор\';'),
(42, 'Выписка из приказа', '', '', 'return \'Выписка из приказа\';'),
(43, 'Договор о подготовке за счёт бюджета', '', '', 'return \'Договор о подготовке\';\\return \'за счёт бюджета\';'),
(44, 'Справка о замене паспорта', '', '', 'return \'Справка о замене\';\\return \'паспорта\';'),
(45, 'Доверенность', '', '', 'return \'Доверенность\';'),
(46, 'Решение об установлении попечительства', '', '', 'return \'Решение об\';\\return \'установлении\';\\return  \'попечительства\';'),
(47, 'Копия свидетельства о перемене имени', '', '', 'return \'Копия свидетельства\';\\return \'о перемене имени\';'),
(48, 'Приложение к диплому', '', '', 'return \'Приложение к диплому\';'),
(49, 'Копия Свидетельства ПО', '', '', 'return \'Копия свидетельства ПО\';'),
(50, 'Копия трудовой книжки', '', '', 'return \'Копия трудовой книжки\';'),
(51, 'Приложение к аттестату', '', '', 'return \'Приложение к аттестату\';'),
(52, 'Копии диплома/аттестата', '', '', 'return \'Копия \'.lowercase($edu_doc).\'а\';'),
(53, 'Копия выписки об успеваемости', '', '', 'return \'Копия выписки\';\\return \'об успеваемости\';'),
(54, 'Сертификат', '', '', 'return \'Заявление\';'),
(55, 'Перевод сертификата', '', '', 'return \'Перевод сертификата\';'),
(56, 'Характеристика', '', '', 'return \'Характеристика\';'),
(57, 'Перевод выписки об успеваемости', '', '', 'return \'Перевод выписки\';\\return \'об успеваемости\';'),
(58, 'Перевод паспорта', '', '', 'return \'Перевод паспорта\';'),
(59, 'Копия приложения к диплому/аттестату', '', '', 'return \'Копия приложения \';\\return \'к \'.lowercase($edu_doc).\'у\';'),
(60, 'Копия выписки к диплому аттестату', '', '', 'return \'Копия выписки \';\\return \'к \'.lowercase($edu_doc).\'у\';'),
(61, 'Выписка из трудовой книжки', '', '', 'return \'Выписка из трудовой\';\\return \'книжки\';'),
(62, 'Уведомление к свидетельствуо направлении на работу', '', '', 'return \'Уведомление к \';\\return \'свидетельству о \';\\return \'направлении на работу\';'),
(63, 'Приказ о приёме на работу', '', '', 'return \'Приказ о приёме\';\\return \'на работу\';'),
(64, 'Копия диплома (без подстановки)', '', '', 'return \'Копия диплома\';'),
(65, 'Копия выписки к диплому (без подстановки)', '', '', 'return \'Копия выписки \';\\return \'к диплому\';'),
(66, 'Копия приложения к диплому (без подстановки)', '', '', 'return \'Копия приложения \';\\return \'к диплому\';'),
(67, 'Копия и перевод аттестата диплома', '', '', 'return \' Копия и перевод \';\\return lowercase($edu_doc).\'а\';'),
(68, 'Копия и перевод приложения к аттестату/диплому', '', '', 'return \'Копия и перевод \';\\return \'приложения к \'.lowercase($edu_doc).\'у\';'),
(69, 'Копия свидетельства о рождении и перевод', '', '', 'return \'Копия свидетельства\';\\ return \'о рождении и \';\\ return \'перевод \';'),
(70, 'Копия паспорта и перевод', '', '', 'return \'Копия паспорта\';\\return \'и перевод\';'),
(71, 'Копия уведомления', '', '', 'return \'Копия уведомления к \';\\return \'свидетельству о \';\\return \'направлении на работу\';'),
(72, 'Копия приказа о приёме на работу', '', '', 'return \'Копия приказа\';\\return \'о приёме на работу\';'),
(73, 'Копия зачётной книжки', '', '', 'return \'Копия зачётной книжки\';'),
(74, 'Справка министарства спорта и туризма', '', '', 'return \'Справка министарства\';\\return \'спорта и туризма\';'),
(75, 'Справка о трудовом стаже', '', '', 'return \'Справка о трудовом\';\\return \'стаже\';'),
(76, 'Приложение аттестата зрелости', '', '', 'return \'Приложение аттестата\';\\return \'зрелости\';'),
(77, 'Аттестат зрелости', '', '', 'return \'Аттестат зрелости\';'),
(78, 'Письмо министерства образования', '', '', 'return \'Письмо министарства\';\\return \'образования\';'),
(79, 'Справка о подтверждении профессионального уровня', '', '', 'return \'Справка о\' ;\\return \'подтверждении\';\\return \'профессионального\' ;\\return \'уровня\';'),
(80, 'Копия свидетельства о расторжении брака', '', '', 'return \'Копия свидетельства\';\\ return \'о расторжении брака\';'),
(81, 'Справка с места работы', '', '', 'return \'Справка с места \';\\return \'работы\';'),
(82, 'Справка из записи акта о заключении брака', '', '', 'return \'Справка из записи акта\';\\return \'о заключении брака\';'),
(83, 'Копия направления на интернатуру', '', '', 'return \'Копия направлении\';\\return \'на интернатуру\';'),
(84, 'Копия свидетельства о направлении на работу', '', '', 'return \'Копия свидетельства\';\\ return \'о направлении на работу\';');

DROP TABLE IF EXISTS `db_ir_relation`;
CREATE TABLE `db_ir_relation` (
  `id_ir_relation` int(11) NOT NULL AUTO_INCREMENT,
  `inst_rank_id` int(11) NOT NULL,
  `institution_id` int(11) NOT NULL,
  PRIMARY KEY (`id_ir_relation`)
) ENGINE=InnoDB AUTO_INCREMENT=14 /*!40101 DEFAULT CHARSET=cp1251 */;

INSERT INTO `db_ir_relation` VALUES
(1, 1, 1),
(2, 1, 2),
(3, 1, 3),
(4, 1, 4),
(5, 2, 2),
(6, 2, 3),
(7, 2, 7),
(8, 1, 9),
(9, 3, 5),
(10, 3, 7),
(11, 3, 3),
(12, 4, 6),
(13, 2, 8);

DROP TABLE IF EXISTS `db_keys`;
CREATE TABLE `db_keys` (
  `id_keys` int(11) NOT NULL AUTO_INCREMENT,
  `keystring` varchar(60) NOT NULL,
  `keyname` varchar(60) NOT NULL,
  PRIMARY KEY (`id_keys`)
) ENGINE=InnoDB AUTO_INCREMENT=117 /*!40101 DEFAULT CHARSET=cp1251 */;

INSERT INTO `db_keys` VALUES
(1, '*', 'Wildcard'),
(2, 'control.acls', 'Права доступа'),
(3, 'person.pop_chain', ''),
(4, 'person.advsearch', 'Улучшеный поиск'),
(5, 'report.analog', 'Аналог'),
(6, 'analog.test', 'Аналог'),
(7, 'api', 'АПИ'),
(8, 'control.applog', 'Лог'),
(9, 'person.average', 'Сведения о ЦТ и среднем балле'),
(10, 'report.ball', 'Проходной балл'),
(11, 'control.benefits', 'Льготы'),
(12, 'control.certificates', 'Сертификаты'),
(13, 'person.change', 'Смена конкурса'),
(14, 'person.changes', 'Смены конкурса'),
(15, 'person.close', 'Закрыть дело'),
(16, 'control.communitys', 'Общественные организации'),
(17, 'control', 'Управление'),
(18, 'control.countrys', 'Страны'),
(19, 'control.courses', 'Курсы'),
(20, 'person.create', 'Новое дело'),
(21, 'control.ct_info_load', 'Загрузка данных ЦТ'),
(22, 'control.cts', ''),
(23, 'debug', 'Отладка'),
(24, 'person.defaults', 'Значения по умолчанию'),
(25, 'debug.desql', 'SQL'),
(26, 'control.devnull', 'Убивать'),
(27, 'control.devtest', 'Тестирование'),
(28, 'control.devzero', 'Занулить'),
(29, 'report.discrete', 'Дискрет'),
(30, 'report.discrete_raw', 'Дискрет с номерами дел'),
(31, 'control.dual_modes', 'Доп. заявления'),
(32, 'person.edit', 'Правка дела'),
(33, 'control.edu_forms', 'Формы обучения'),
(34, 'control.educations', 'Образования'),
(35, 'person.envelop', 'Конверт'),
(36, 'control.experiences', 'Стаж'),
(37, 'person.export', 'Экспорт'),
(38, 'control.facultys', 'Факультеты'),
(39, 'control.field_macros', 'Макрос поля'),
(40, 'files', 'Файлы'),
(41, 'control.grades', 'Награды'),
(42, 'person.groupedit', 'Групповое редактирование'),
(43, 'control.groups', 'Группы пользователей'),
(44, 'person.history', 'История дела'),
(45, 'control.hostels', 'Общежитие'),
(46, 'index', 'Главная'),
(47, 'control.inst_ranks', 'Ранги УО'),
(48, 'control.institutions', 'Типы УО'),
(49, 'control.inventory_doc', 'Документы описи отдела кадров'),
(50, 'control.inventory_docs', ''),
(51, 'control.inventory_wizard', ''),
(52, 'control.keys', 'Ключи доступа'),
(53, 'control.lang_levels', 'Уровни иностранного'),
(54, 'control.languages', 'Языки'),
(55, 'person.listcase', 'Опись папки'),
(56, 'control.macro', ''),
(57, 'control.militarys', 'Военнообязанность'),
(58, 'control.months', 'Месяцы'),
(59, 'person.move', 'Перевод'),
(60, 'control.nametowns', ''),
(61, 'report.note', 'Справка'),
(62, 'note.test', ''),
(63, 'person.notification', 'Извещение'),
(64, 'control.others', 'Другие'),
(65, 'phones', 'Телефоны'),
(66, 'control.pipelines', 'Передачи дел'),
(67, 'control.plancells', 'План целевых'),
(68, 'control.planform', 'План приёма'),
(69, 'person.pool', 'Пул брони'),
(70, 'person.precreate', 'Предсоздание'),
(71, 'control.presidents', 'Лауреаты'),
(72, 'person.print', 'Печать'),
(73, 'person.qs', 'Быстрый поиск'),
(74, 'person.query', 'Запросы'),
(75, 'control.querys', 'Запросы'),
(76, 'person.rakeup', 'Подбор передачи'),
(77, 'real_chain.view', ''),
(78, 'control.reasoffs', 'Причины окончания конкурса'),
(79, 'control.reasons', 'Причины начала конкурса'),
(80, 'person.receipt', 'Расписка'),
(81, 'control.regions', 'Области'),
(82, 'control.republics', 'Победители республики'),
(83, 'control.savefields', 'Сохранённые поля экспорта'),
(84, 'person.search', 'Поиск'),
(85, 'secretary', 'Секретарская'),
(86, 'control.settings', 'Настройки'),
(87, 'control.sexs', 'Пол'),
(88, 'control.smalltowns', 'Малые города'),
(89, 'control.stalkers', 'Загрязнённые НП'),
(90, 'control.states', 'Состояния дела'),
(91, 'control.students', 'Состояние зачисления'),
(92, 'control.subdivs', 'Типы городов'),
(93, 'control.submissions', 'Подчинение пользователей'),
(94, 'person.submitted', 'Поданные цифры'),
(95, 'control.targetcells', 'Целевые конкурсы'),
(96, 'control.targets', 'Конкурсы'),
(97, 'control.targettypes', 'Типы конкурсов'),
(98, 'control.tasks', 'Таски'),
(99, 'temp_chain.view', ''),
(100, 'control.time_forms', 'Формы получения'),
(101, 'person.transmit', 'Передача дела'),
(102, 'control.trys', 'Попытки'),
(103, 'control.users', 'Пользователи'),
(104, 'person.view', 'Просмотр'),
(105, 'control.voenmeds', 'Абитуриенты ВМ'),
(106, 'person.walking', 'Хождения'),
(107, 'control.wouldbes', 'Потенциальность'),
(108, 'control.xclasss', 'Штрихкласс'),
(109, 'person.chain', 'Цепочки'),
(110, 'person.query', 'Запросы'),
(111, 'person.call', 'Звонки абитуриенту'),
(112, 'kanckill', 'Канцелярия'),
(113, 'person.stick', 'Стикеры'),
(114, 'person.inventory', 'Опись'),
(115, 'person.order_extract', 'Выписка'),
(116, 'person.nochange', 'Просмотр смены конкурса');

DROP TABLE IF EXISTS `db_klik`;
CREATE TABLE `db_klik` (
  `id_klik` int(11) NOT NULL AUTO_INCREMENT,
  `name` varchar(60) NOT NULL,
  `sname` varchar(60) NOT NULL,
  `abbr` varchar(50) NOT NULL,
  PRIMARY KEY (`id_klik`)
) ENGINE=InnoDB AUTO_INCREMENT=2 /*!40101 DEFAULT CHARSET=cp1251 */;

INSERT INTO `db_klik` VALUES
(1, 'Сверка', 'check.php', '');

DROP TABLE IF EXISTS `db_lang_level`;
CREATE TABLE `db_lang_level` (
  `id_lang_level` int(11) NOT NULL AUTO_INCREMENT,
  `name` varchar(60) NOT NULL,
  `sname` varchar(60) NOT NULL,
  `abbr` varchar(50) NOT NULL,
  PRIMARY KEY (`id_lang_level`)
) ENGINE=InnoDB AUTO_INCREMENT=4 /*!40101 DEFAULT CHARSET=cp1251 */;

INSERT INTO `db_lang_level` VALUES
(1, 'Начальный', 'Нач', 'Н'),
(2, 'Средний', 'Сред', 'С'),
(3, 'Высокий', 'Выс', 'В');

DROP TABLE IF EXISTS `db_language`;
CREATE TABLE `db_language` (
  `id_language` int(11) NOT NULL AUTO_INCREMENT,
  `name` varchar(60) NOT NULL,
  `sname` varchar(60) NOT NULL,
  `abbr` varchar(50) NOT NULL,
  PRIMARY KEY (`id_language`)
) ENGINE=InnoDB AUTO_INCREMENT=8 /*!40101 DEFAULT CHARSET=cp1251 */;

INSERT INTO `db_language` VALUES
(1, 'Английский', 'Англ', 'А'),
(2, 'Немецкий', 'Нем', 'Н'),
(3, 'Французкий', '', 'Ф'),
(4, 'Итальянский', '', 'Ит'),
(5, 'Испанский', '', 'Ис'),
(6, 'Китайский', '', 'К'),
(7, 'Другие', '', 'Д');

DROP TABLE IF EXISTS `db_mail`;
CREATE TABLE `db_mail` (
  `id_mail` int(11) NOT NULL AUTO_INCREMENT,
  `name` varchar(60) NOT NULL,
  `sname` varchar(60) NOT NULL,
  `abbr` varchar(50) NOT NULL,
  `person_id` int(11) NOT NULL,
  `call_date` timestamp NOT NULL /*!40101 DEFAULT CURRENT_TIMESTAMP ON UPDATE CURRENT_TIMESTAMP */,
  `call_request` text NOT NULL,
  `call_response` text NOT NULL,
  `caller_id` int(11) NOT NULL,
  PRIMARY KEY (`id_mail`)
) ENGINE=InnoDB /*!40101 DEFAULT CHARSET=cp1251 */;

DROP TABLE IF EXISTS `db_military`;
CREATE TABLE `db_military` (
  `id_military` int(11) NOT NULL AUTO_INCREMENT,
  `name` varchar(60) NOT NULL,
  `sname` varchar(60) NOT NULL,
  `abbr` varchar(50) NOT NULL,
  PRIMARY KEY (`id_military`)
) ENGINE=InnoDB AUTO_INCREMENT=3 /*!40101 DEFAULT CHARSET=cp1251 */;

INSERT INTO `db_military` VALUES
(1, 'Да', '', ''),
(2, 'Нет', '', '');

DROP TABLE IF EXISTS `db_month`;
CREATE TABLE `db_month` (
  `id_month` int(11) NOT NULL AUTO_INCREMENT,
  `name` varchar(60) NOT NULL,
  `sname` varchar(60) NOT NULL,
  `abbr` varchar(50) NOT NULL,
  `issued` varchar(60) NOT NULL,
  PRIMARY KEY (`id_month`)
) ENGINE=InnoDB AUTO_INCREMENT=13 /*!40101 DEFAULT CHARSET=cp1251 */;

INSERT INTO `db_month` VALUES
(1, 'Январь', '', '', 'января'),
(2, 'Февраль', '', '', 'февраля'),
(3, 'Март', '', '', 'марта'),
(4, 'Апрель', '', '', 'апреля'),
(5, 'Май', '', '', 'мая'),
(6, 'Июнь', '', '', 'июня'),
(7, 'Июль', '', '', 'июля'),
(8, 'Август', '', '', 'августа'),
(9, 'Сентябрь', '', '', 'сентября'),
(10, 'Октябрь', '', '', 'октября'),
(11, 'Ноябрь', '', '', 'ноября'),
(12, 'Декабрь', '', '', 'декабря');

DROP TABLE IF EXISTS `db_move_journal`;
CREATE TABLE `db_move_journal` (
  `id_move_journal` int(11) NOT NULL AUTO_INCREMENT,
  `prev_person_id` int(11) NOT NULL,
  `next_person_id` int(11) NOT NULL,
  `mover_id` int(11) NOT NULL,
  `ts` timestamp NOT NULL /*!40101 DEFAULT CURRENT_TIMESTAMP ON UPDATE CURRENT_TIMESTAMP */,
  PRIMARY KEY (`id_move_journal`)
) ENGINE=InnoDB /*!40101 DEFAULT CHARSET=cp1251 */;

DROP TABLE IF EXISTS `db_n`;
CREATE TABLE `db_n` (
  `id` int(11) NOT NULL AUTO_INCREMENT,
  `person_id` int(11) NOT NULL,
  `faculty` int(11) NOT NULL,
  PRIMARY KEY (`id`)
) ENGINE=InnoDB /*!40101 DEFAULT CHARSET=cp1251 */;

DROP TABLE IF EXISTS `db_nametown`;
CREATE TABLE `db_nametown` (
  `id_nametown` int(11) NOT NULL AUTO_INCREMENT,
  `name` varchar(60) NOT NULL,
  `sname` varchar(60) NOT NULL,
  `abbr` varchar(50) NOT NULL,
  `town` varchar(200) NOT NULL,
  `region_by` int(11) NOT NULL,
  PRIMARY KEY (`id_nametown`)
) ENGINE=InnoDB AUTO_INCREMENT=206 /*!40101 DEFAULT CHARSET=cp1251 */;

INSERT INTO `db_nametown` VALUES
(1, '', '', '', 'г. Брест', 1),
(2, '', '', '', 'г. Барановичи', 1),
(3, '', '', '', 'г. Пинск', 1),
(4, '', '', '', 'г. п. Городище', 1),
(5, '', '', '', 'г. Береза', 1),
(6, '', '', '', 'г. Белоозерск', 1),
(7, '', '', '', 'г.п. Домачево', 1),
(8, '', '', '', 'г. Ганцевичи', 1),
(9, '', '', '', 'г. Дрогичин', 1),
(10, '', '', '', 'г.п. Антополь', 1),
(11, '', '', '', 'г. Жабинка', 1),
(12, '', '', '', 'г. Иваново', 1),
(13, '', '', '', 'г. Ивацевичи', 1),
(14, '', '', '', 'г. Коссово', 1),
(15, '', '', '', 'г.п. Телеханы', 1),
(16, '', '', '', 'г. Каменец', 1),
(17, '', '', '', 'г. Высокое', 1),
(18, '', '', '', 'г. Кобрин', 1),
(19, '', '', '', 'г. Лунинец', 1),
(20, '', '', '', 'г. Микашевичи', 1),
(21, '', '', '', 'г. Ляховичи', 1),
(22, '', '', '', 'г. Малорита', 1),
(23, '', '', '', 'г.п. Логишин', 1),
(24, '', '', '', 'г. Пружаны', 1),
(25, '', '', '', 'г.п. Ружаны', 1),
(26, '', '', '', 'г.п. Шерешево', 1),
(27, '', '', '', 'г. Столин', 1),
(28, '', '', '', 'г. Давид-Городок', 1),
(29, '', '', '', 'р.п. Речица', 1),
(30, '', '', '', 'г. Витебск', 2),
(31, '', '', '', 'г.п. Руба', 2),
(32, '', '', '', 'г. Новополоцк', 2),
(33, '', '', '', 'г.п. Боровуха', 2),
(34, '', '', '', 'г. Орша', 2),
(35, '', '', '', 'г. Барань', 2),
(36, '', '', '', 'г.п. Болбасово', 2),
(37, '', '', '', 'г. Полоцк', 2),
(38, '', '', '', 'г.п. Бешенковичи', 2),
(39, '', '', '', 'г. Браслав', 2),
(40, '', '', '', 'г.п. Видзы', 2),
(41, '', '', '', 'г. Верхнедвинск', 2),
(42, '', '', '', 'г.п. Освея', 2),
(43, '', '', '', 'г.п. Сураж', 2),
(44, '', '', '', 'г.п. Яновичи', 2),
(45, '', '', '', 'г. Глубокое', 2),
(46, '', '', '', 'г.п. Подсвилье', 2),
(47, '', '', '', 'г. Городок', 2),
(48, '', '', '', 'г.п. Езерище', 2),
(49, '', '', '', 'г. Докшицы', 2),
(50, '', '', '', 'г.п. Бегомль', 2),
(51, '', '', '', 'г. Дубровно', 2),
(52, '', '', '', 'г. Лепель', 2),
(53, '', '', '', 'г.п. Лиозно', 2),
(54, '', '', '', 'г. Миоры', 2),
(55, '', '', '', 'г. Дисна', 2),
(56, '', '', '', 'г.п. Копысь', 2),
(57, '', '', '', 'г.п. Ореховск', 2),
(58, '', '', '', 'г.п. Ветрино', 2),
(59, '', '', '', 'г. Поставы', 2),
(60, '', '', '', 'г.п. Воропаево', 2),
(61, '', '', '', 'г.п. Лынтупы', 2),
(62, '', '', '', 'г.п. Россоны', 2),
(63, '', '', '', 'г. Сенно', 2),
(64, '', '', '', 'г.п. Богушевск', 2),
(65, '', '', '', 'г. Толочин', 2),
(66, '', '', '', 'г.п. Коханово', 2),
(67, '', '', '', 'г.п. Ушачи', 2),
(68, '', '', '', 'г. Чашники', 2),
(69, '', '', '', 'г. Новолукомль', 2),
(70, '', '', '', 'г.п. Шарковщина', 2),
(71, '', '', '', 'г.п. Шумилино', 2),
(72, '', '', '', 'г.п. Оболь', 2),
(73, '', '', '', 'г. Гомель', 3),
(74, '', '', '', 'р.п. Костюковка', 3),
(75, '', '', '', 'г.п. Брагин', 3),
(76, '', '', '', 'г.п. Комарин', 3),
(77, '', '', '', 'г. Буда-Кошелево', 3),
(78, '', '', '', 'г.п. Уваровичи', 3),
(79, '', '', '', 'г. Ветка', 3),
(80, '', '', '', 'р.п. Большевик', 3),
(81, '', '', '', 'г. Добруш', 3),
(82, '', '', '', 'г.п. Тереховка', 3),
(83, '', '', '', 'г. Ельск', 3),
(84, '', '', '', 'г. Житковичи', 3),
(85, '', '', '', 'г. Туров', 3),
(86, '', '', '', 'г. Жлобин', 3),
(87, '', '', '', 'г.п. Стрешин', 3),
(88, '', '', '', 'г. Калинковичи', 3),
(89, '', '', '', 'г.п. Озаричи', 3),
(90, '', '', '', 'г.п. Корма', 3),
(91, '', '', '', 'г.п. Лельчицы', 3),
(92, '', '', '', 'г.п. Лоев', 3),
(93, '', '', '', 'г. Мозырь', 3),
(94, '', '', '', 'г. Наровля', 3),
(95, '', '', '', 'г.п. Октябрьский', 3),
(96, '', '', '', 'г. Петриков', 3),
(97, '', '', '', 'г.п. Копаткевичи', 3),
(98, '', '', '', 'г. Речица', 3),
(99, '', '', '', 'г. Василевичи', 3),
(100, '', '', '', 'г.п. Заречье', 3),
(101, '', '', '', 'г. Рогачев', 3),
(103, '', '', '', 'г. Светлогорск', 3),
(104, '', '', '', 'г.п. Паричи', 3),
(105, '', '', '', 'р.п. Сосновый Бор', 3),
(106, '', '', '', 'г. Хойники', 3),
(107, '', '', '', 'г. Чечерск', 3),
(108, '', '', '', 'г. Гродно', 4),
(109, '', '', '', 'г.п. Большая Берестовица', 4),
(110, '', '', '', 'г. Волковыск', 4),
(111, '', '', '', 'г.п. Красносельский', 4),
(112, '', '', '', 'г.п. Россь', 4),
(113, '', '', '', 'г.п. Вороново', 4),
(114, '', '', '', 'г.п. Радунь', 4),
(115, '', '', '', 'г. Скидель', 4),
(116, '', '', '', 'г.п. Сопоцкин', 4),
(117, '', '', '', 'г. Дятлово', 4),
(118, '', '', '', 'г.п. Козловщина', 4),
(119, '', '', '', 'г.п. Новоельня', 4),
(120, '', '', '', 'г.п. Зельва', 4),
(121, '', '', '', 'г.п. Ивье', 4),
(122, '', '', '', 'г.п. Юратишки', 4),
(123, '', '', '', 'г.п. Кореличи', 4),
(124, '', '', '', 'г.п. Мир', 4),
(125, '', '', '', 'г. Лида', 4),
(126, '', '', '', 'г. Березовка', 4),
(127, '', '', '', 'г. Мосты', 4),
(128, '', '', '', 'г. Новогрудок', 4),
(129, '', '', '', 'г.п. Любча', 4),
(130, '', '', '', 'г.п. Островец', 4),
(131, '', '', '', 'г. Ошмяны', 4),
(132, '', '', '', 'г. Свислочь', 4),
(133, '', '', '', 'г.п. Порозово', 4),
(134, '', '', '', 'г. Слоним', 4),
(135, '', '', '', 'г. Сморгонь', 4),
(136, '', '', '', 'г. Щучин', 4),
(137, '', '', '', 'г.п. Желудок', 4),
(138, '', '', '', 'г.п. Острино', 4),
(139, '', '', '', 'г. Минск', 5),
(140, '', '', '', 'г. Жодино', 5),
(141, '', '', '', 'г. Березино', 5),
(142, '', '', '', 'г. Борисов', 5),
(143, '', '', '', 'г. Вилейка', 5),
(144, '', '', '', 'г. Воложин', 5),
(145, '', '', '', 'г.п. Ивенец', 5),
(146, '', '', '', 'г. Дзержинск', 5),
(147, '', '', '', 'г. Фаниполь', 5),
(148, '', '', '', 'г. Клецк', 5),
(149, '', '', '', 'г. Копыль', 5),
(150, '', '', '', 'г. Крупки', 5),
(151, '', '', '', 'г.п. Бобр', 5),
(152, '', '', '', 'г.п. Холопеничи', 5),
(153, '', '', '', 'г. Логойск', 5),
(154, '', '', '', 'г.п. Плещеницы', 5),
(155, '', '', '', 'г. Любань', 5),
(156, '', '', '', 'г.п. Уречье', 5),
(157, '', '', '', 'г. Заславль', 5),
(158, '', '', '', 'г.п. Мачулищи', 5),
(159, '', '', '', 'г. Молодечно', 5),
(160, '', '', '', 'г.п. Радошковичи', 5),
(161, '', '', '', 'г. Мядель', 5),
(162, '', '', '', 'г.п. Кривичи', 5),
(163, '', '', '', 'к.п. Нарочь', 5),
(164, '', '', '', 'г.п. Свирь', 5),
(165, '', '', '', 'г. Несвиж', 5),
(166, '', '', '', 'г.п. Городея', 5),
(167, '', '', '', 'г. Марьина Горка', 5),
(168, '', '', '', 'р.п. Правдинский', 5),
(169, '', '', '', 'г.п. Руденск', 5),
(170, '', '', '', 'г.п. Свислочь', 5),
(171, '', '', '', 'г. Слуцк', 5),
(172, '', '', '', 'г. Смолевичи', 5),
(173, '', '', '', 'р.п. Зеленый Бор', 5),
(174, '', '', '', 'г. Солигорск', 5),
(175, '', '', '', 'г.п. Красная Слобода', 5),
(176, '', '', '', 'г.п. Старобин', 5),
(177, '', '', '', 'г. Старые Дороги', 5),
(178, '', '', '', 'г. Столбцы', 5),
(179, '', '', '', 'г. Узда', 5),
(180, '', '', '', 'г. Червень', 5),
(181, '', '', '', 'г.п. Смиловичи', 5),
(182, '', '', '', 'г. Могилев', 6),
(183, '', '', '', 'г. Бобруйск', 6),
(184, '', '', '', 'г.п. Белыничи', 6),
(185, '', '', '', 'р.п. Глуша', 6),
(186, '', '', '', 'г. Быхов', 6),
(187, '', '', '', 'г.п. Глуск', 6),
(188, '', '', '', 'г. Горки', 6),
(189, '', '', '', 'г.п. Дрибин', 6),
(190, '', '', '', 'г. Кировск', 6),
(191, '', '', '', 'г. Климовичи', 6),
(192, '', '', '', 'г. Кличев', 6),
(193, '', '', '', 'г. Костюковичи', 6),
(194, '', '', '', 'г.п. Краснополье', 6),
(195, '', '', '', 'г. Кричев', 6),
(196, '', '', '', 'г.п. Круглое', 6),
(197, '', '', '', 'г. Мстиславль', 6),
(198, '', '', '', 'г. Осиповичи', 6),
(199, '', '', '', 'р.п. Елизово', 6),
(200, '', '', '', 'р.п. Татарка', 6),
(201, '', '', '', 'г. Славгород', 6),
(202, '', '', '', 'г.п. Хотимск', 6),
(203, '', '', '', 'г. Чаусы', 6),
(204, '', '', '', 'г. Чериков', 6),
(205, '', '', '', 'г. Шклов', 6);

DROP TABLE IF EXISTS `db_natio`;
CREATE TABLE `db_natio` (
  `id_natio` int(11) NOT NULL AUTO_INCREMENT,
  `name` varchar(60) NOT NULL,
  `sname` varchar(60) NOT NULL,
  `abbr` varchar(50) NOT NULL,
  PRIMARY KEY (`id_natio`)
) ENGINE=InnoDB AUTO_INCREMENT=11 /*!40101 DEFAULT CHARSET=cp1251 */;

INSERT INTO `db_natio` VALUES
(1, 'Республика Беларусь', 'Беларусь', 'РБ'),
(2, 'Российская Федерация', 'Россия', 'РФ'),
(3, 'Республика Казахстан', 'Казахстан', 'РК'),
(4, 'Кыргызская Республика', 'Киргизия', 'КР'),
(5, 'Республика Таджикистан', 'Таджикистан', 'РТ'),
(6, 'Украина', 'Украина', 'У'),
(7, 'Литовская Республика', 'Литва', 'Л'),
(8, 'Латвийская Республика', 'Латвия', 'Л'),
(9, 'Республика Польша', 'Польша', 'П'),
(10, 'Без гражданства/ вид на жительство РБ', '', '');

DROP TABLE IF EXISTS `db_other`;
CREATE TABLE `db_other` (
  `id_other` int(11) NOT NULL AUTO_INCREMENT,
  `name` varchar(60) NOT NULL,
  `sname` varchar(60) NOT NULL,
  `abbr` varchar(50) NOT NULL,
  PRIMARY KEY (`id_other`)
) ENGINE=InnoDB AUTO_INCREMENT=4 /*!40101 DEFAULT CHARSET=cp1251 */;

INSERT INTO `db_other` VALUES
(1, 'Спортивная федерация', 'Спортивная федерация', 'СПФ'),
(2, 'Договор за счёт бюджета', 'Договор за счёт бюджета', 'ДзСБ'),
(3, 'Договор за оплату', 'Договор за оплату', 'ДзО');

DROP TABLE IF EXISTS `db_person`;
CREATE TABLE `db_person` (
  `id` int(11) NOT NULL AUTO_INCREMENT,
  `inst_city_type` int(11) NOT NULL,
  `inst_city_name` varchar(60) NOT NULL,
  `surname` varchar(60) NOT NULL,
  `name` varchar(60) NOT NULL,
  `midname` varchar(60) NOT NULL,
  `auid` int(11) NOT NULL,
  `cuid` int(11) NOT NULL,
  `vuid` int(11) NOT NULL,
  `xuid` int(11) NOT NULL,
  `faculty` int(11) NOT NULL,
  `edu_form` int(11) NOT NULL,
  `target` int(11) NOT NULL,
  `target_type` int(11) NOT NULL,
  `target_cell` int(11) NOT NULL,
  `out_time_form_id` int(11) NOT NULL,
  `out_edu_form` int(11) NOT NULL,
  `out_target` int(11) NOT NULL,
  `out_target_type` int(11) NOT NULL,
  `out_target_cell` int(11) NOT NULL,
  `out_region_cell` int(11) NOT NULL,
  `sex` int(11) NOT NULL,
  `serial` varchar(60) NOT NULL,
  `private` varchar(60) NOT NULL,
  `natio` int(11) NOT NULL,
  `country` int(11) NOT NULL,
  `region_by` int(11) NOT NULL,
  `region_text` varchar(60) NOT NULL,
  `area` varchar(60) NOT NULL,
  `subdiv` int(11) NOT NULL,
  `city_name` varchar(60) NOT NULL,
  `zip` varchar(10) NOT NULL,
  `microarea` varchar(50) NOT NULL,
  `house` varchar(50) NOT NULL,
  `house_part` varchar(50) NOT NULL,
  `room` varchar(50) NOT NULL,
  `phone` varchar(50) NOT NULL,
  `mobile` varchar(50) NOT NULL,
  `email` varchar(50) NOT NULL,
  `real_addr` varchar(200) NOT NULL,
  `street` varchar(100) NOT NULL,
  `total` int(11) NOT NULL,
  `region_cell` int(11) NOT NULL,
  `state_id` int(11) NOT NULL,
  `atime` timestamp NOT NULL /*!40101 DEFAULT CURRENT_TIMESTAMP ON UPDATE CURRENT_TIMESTAMP */,
  `ctime` timestamp NOT NULL DEFAULT '0000-00-00 00:00:00',
  `vtime` timestamp NOT NULL DEFAULT '0000-00-00 00:00:00',
  `xtime` timestamp NOT NULL DEFAULT '0000-00-00 00:00:00',
  `time_form_id` int(11) NOT NULL,
  `institution_id` int(11) NOT NULL,
  `institution_name` varchar(50) NOT NULL,
  `certificate_id` int(11) NOT NULL,
  `certificate_name` varchar(50) NOT NULL,
  `certificate_sum` int(11) NOT NULL,
  `education_id` int(11) NOT NULL,
  `language_set` int(11) NOT NULL,
  `benefit_set` int(11) NOT NULL,
  `community_set` int(11) NOT NULL,
  `other_set` int(11) NOT NULL,
  `experience_id` int(11) NOT NULL,
  `try_id` int(11) NOT NULL,
  `military_id` int(11) NOT NULL,
  `hostel_id` int(11) NOT NULL,
  `live_num` varchar(60) NOT NULL,
  `live_date` date NOT NULL,
  `live_data` varchar(60) NOT NULL,
  `aes_num` varchar(60) NOT NULL,
  `aes_date` date NOT NULL,
  `aes_data` varchar(60) NOT NULL,
  `uzo_num` varchar(60) NOT NULL,
  `uzo_date` date NOT NULL,
  `uzo_data` varchar(60) NOT NULL,
  `inv_num` text NOT NULL,
  `inv_date` date NOT NULL,
  `inv_data` varchar(60) NOT NULL,
  `course_id` int(11) NOT NULL,
  `grade_id` int(11) NOT NULL,
  `birthday` date NOT NULL,
  `cert_date` date NOT NULL,
  `delo_name` varchar(10) NOT NULL,
  `delo_int` int(11) NOT NULL,
  `lct_id` int(11) NOT NULL,
  `lct_sum` int(11) NOT NULL,
  `lct_sn` varchar(50) NOT NULL,
  `lct_xn` varchar(50) NOT NULL,
  `cct_id` int(11) NOT NULL,
  `cct_sum` int(11) NOT NULL,
  `cct_sn` varchar(50) NOT NULL,
  `cct_xn` varchar(50) NOT NULL,
  `bct_id` int(11) NOT NULL,
  `bct_sum` int(11) NOT NULL,
  `bct_sn` varchar(50) NOT NULL,
  `bct_xn` varchar(50) NOT NULL,
  `uq` varchar(13) NOT NULL,
  `filltime` int(11) NOT NULL,
  `order_num` varchar(10) NOT NULL,
  `order_date` date NOT NULL,
  `arrive_date` date NOT NULL,
  `arrive_time` time NOT NULL,
  `arrive_room` varchar(10) NOT NULL,
  `dual_mode_set` int(11) NOT NULL,
  `student_id` int(11) NOT NULL,
  `xclass_id` int(11) NOT NULL,
  `authority` varchar(500) NOT NULL,
  `authority_date` date NOT NULL,
  `inst_rank_id` int(11) NOT NULL,
  `wouldbe_id` int(11) NOT NULL,
  `f_surname` varchar(50) NOT NULL,
  `f_name` varchar(50) NOT NULL,
  `f_midname` varchar(50) NOT NULL,
  `m_surname` varchar(50) NOT NULL,
  `m_name` varchar(50) NOT NULL,
  `m_midname` varchar(50) NOT NULL,
  `f_addr` varchar(200) NOT NULL,
  `m_addr` varchar(200) NOT NULL,
  `cur_lang_id` int(11) NOT NULL,
  `cur_lang_level` int(11) NOT NULL,
  `in_course` int(11) NOT NULL,
  `out_course` int(11) NOT NULL,
  `proto_num` varchar(50) NOT NULL,
  `proto_date` date NOT NULL,
  `aes_end_date` date DEFAULT NULL,
  `inv_end_date` date DEFAULT NULL,
  `invalid_id` int(11) DEFAULT NULL,
  `live_addr` varchar(200) NOT NULL,
  `target_use_id` int(11) NOT NULL,
  `subgrade_l_id` int(11) NOT NULL,
  `subgrade_c_id` int(11) NOT NULL,
  `subgrade_b_id` int(11) NOT NULL,
  `lang_grade` int(11) NOT NULL,
  `m_org` varchar(200) NOT NULL,
  `m_pos` varchar(200) NOT NULL,
  `m_phone` varchar(200) NOT NULL,
  `f_org` varchar(200) NOT NULL,
  `f_pos` varchar(200) NOT NULL,
  `f_phone` varchar(200) NOT NULL,
  `po_lang_id` int(11) NOT NULL,
  `po_base_id` int(11) NOT NULL,
  PRIMARY KEY (`id`)
) ENGINE=InnoDB /*!40101 DEFAULT CHARSET=cp1251 */;

DROP TABLE IF EXISTS `db_person_talks`;
CREATE TABLE `db_person_talks` (
  `id_person_talks` int(11) NOT NULL AUTO_INCREMENT,
  `name` varchar(60) NOT NULL,
  `sname` varchar(60) NOT NULL,
  `abbr` varchar(50) NOT NULL,
  PRIMARY KEY (`id_person_talks`)
) ENGINE=InnoDB /*!40101 DEFAULT CHARSET=cp1251 */;

DROP TABLE IF EXISTS `db_phone_codes`;
CREATE TABLE `db_phone_codes` (
  `id_phones_bsmu` int(11) NOT NULL AUTO_INCREMENT,
  `name` varchar(60) NOT NULL,
  `sname` varchar(60) NOT NULL,
  `abbr` varchar(50) NOT NULL,
  `realname` varchar(100) NOT NULL,
  `phones` varchar(100) NOT NULL,
  PRIMARY KEY (`id_phones_bsmu`)
) ENGINE=InnoDB AUTO_INCREMENT=124 /*!40101 DEFAULT CHARSET=cp1251 */;

INSERT INTO `db_phone_codes` VALUES
(1, '', '', '', 'Барановичи', '8-0163'),
(2, '', '', '', 'Белыничи', '8-02232'),
(3, '', '', '', 'Береза', '8-01643'),
(4, '', '', '', 'Березино', '8-01715'),
(5, '', '', '', 'Берестовица', '8-01511'),
(6, '', '', '', 'Бешенковичи', '8-02131'),
(7, '', '', '', 'Бобруйск', '8-0225'),
(8, '', '', '', 'Борисов', '8-0177'),
(9, '', '', '', 'Брагин', '8-02344'),
(10, '', '', '', 'Браслав', '8-02153'),
(11, '', '', '', 'Брест', '8-016(2)'),
(12, '', '', '', 'Буда-Кошелево', '8-02336'),
(13, '', '', '', 'Быхов', '8-02231'),
(14, '', '', '', 'Верхнедвинск', '8-02151'),
(15, '', '', '', 'Ветка', '8-02330'),
(16, '', '', '', 'Вилейка', '8-01771'),
(17, '', '', '', 'Витебск', '8-021(2)'),
(18, '', '', '', 'Волковыск', '8-01512'),
(19, '', '', '', 'Воложин', '8-01772'),
(20, '', '', '', 'Вороново', '8-01594'),
(21, '', '', '', 'Ганцевичи', '8-01646'),
(22, '', '', '', 'Глубокое', '8-02156'),
(23, '', '', '', 'Глуск', '8-02230'),
(24, '', '', '', 'Гомель', '8-023(2)'),
(25, '', '', '', 'Горки', '8-02233'),
(26, '', '', '', 'Городок', '8-02139'),
(27, '', '', '', 'Гродно', '8-015(2)'),
(28, '', '', '', 'Дзержинск', '8-01716'),
(29, '', '', '', 'Добруш', '8-02333'),
(30, '', '', '', 'Докшицы', '8-02157'),
(31, '', '', '', 'Дрибин', '8-02248'),
(32, '', '', '', 'Дрогичин', '8-01644'),
(33, '', '', '', 'Дубровно', '8-02137'),
(34, '', '', '', 'Дятлово', '8-01563'),
(35, '', '', '', 'Ельск', '8-02354'),
(36, '', '', '', 'Жабинка', '8-01641'),
(37, '', '', '', 'Житковичи', '8-02353'),
(38, '', '', '', 'Жлобин', '8-02334'),
(39, '', '', '', 'Жодино', '8-01775'),
(40, '', '', '', 'Зельва', '8-01564'),
(41, '', '', '', 'Иваново', '8-01652'),
(42, '', '', '', 'Ивацевичи', '8-01645'),
(43, '', '', '', 'Ивье', '8-01595'),
(44, '', '', '', 'Калинковичи', '8-02345'),
(45, '', '', '', 'Каменец', '8-01631'),
(46, '', '', '', 'Кировск', '8-02237'),
(47, '', '', '', 'Клецк', '8-01793'),
(48, '', '', '', 'Климовичи', '8-02244'),
(49, '', '', '', 'Кличев', '8-02236'),
(50, '', '', '', 'Кобрин', '8-01642'),
(51, '', '', '', 'Копыль', '8-01719'),
(52, '', '', '', 'Кореличи', '8-01596'),
(53, '', '', '', 'Корма', '8-02337'),
(54, '', '', '', 'Костюковичи', '8-02245'),
(55, '', '', '', 'Краснополье', '8-02238'),
(56, '', '', '', 'Кричев', '8-02241'),
(57, '', '', '', 'Круглое', '8-02234'),
(58, '', '', '', 'Крупки', '8-01796'),
(59, '', '', '', 'Лельчицы', '8-02356'),
(60, '', '', '', 'Лепель', '8-02132'),
(61, '', '', '', 'Лида', '8-01561'),
(62, '', '', '', 'Лиозно', '8-02138'),
(63, '', '', '', 'Логойск', '8-01774'),
(64, '', '', '', 'Лоев', '8-02347'),
(65, '', '', '', 'Лунинец', '8-01647'),
(66, '', '', '', 'Любань', '8-01794'),
(67, '', '', '', 'Ляховичи', '8-01633'),
(68, '', '', '', 'Малорита', '8-01651'),
(69, '', '', '', 'Марьина Горка', '8-01713'),
(70, '', '', '', 'Минск', '8-017'),
(71, '', '', '', 'Минский район', '8-017'),
(72, '', '', '', 'Миоры', '8-02152'),
(73, '', '', '', 'Могилев', '8-022(2)'),
(74, '', '', '', 'Мозырь', '8-0236'),
(75, '', '', '', 'Молодечно', '8-01773'),
(76, '', '', '', 'Мосты', '8-01515'),
(77, '', '', '', 'Мстиславль', '8-02240'),
(78, '', '', '', 'Мядель', '8-01797'),
(79, '', '', '', 'Наровля', '8-02355'),
(80, '', '', '', 'Несвиж', '8-01770'),
(81, '', '', '', 'Новогрудок', '8-01597'),
(82, '', '', '', 'Новополоцк', '8-0214'),
(83, '', '', '', 'Октябрьский', '8-02357'),
(84, '', '', '', 'Орша', '8-0216(1)'),
(85, '', '', '', 'Осиповичи', '8-02235'),
(86, '', '', '', 'Островец', '8-01591'),
(87, '', '', '', 'Ошмяны', '8-01593'),
(88, '', '', '', 'Петриков', '8-02350'),
(89, '', '', '', 'Пинск', '8-0165'),
(90, '', '', '', 'Плещеницы', '8-01774'),
(91, '', '', '', 'Полоцк', '8-0214'),
(92, '', '', '', 'Поставы', '8-02155'),
(93, '', '', '', 'Пружаны', '8-01632'),
(94, '', '', '', 'Пуховичи', '8-01713'),
(95, '', '', '', 'Речица', '8-02340'),
(96, '', '', '', 'Рогачев', '8-02339'),
(97, '', '', '', 'Россоны', '8-02159'),
(98, '', '', '', 'Светлогорск', '8-02342'),
(99, '', '', '', 'Свислочь', '8-01513'),
(100, '', '', '', 'Сенно', '8-02135'),
(101, '', '', '', 'Славгород', '8-02246'),
(102, '', '', '', 'Слоним', '8-01562'),
(103, '', '', '', 'Слуцк', '8-01795'),
(104, '', '', '', 'Смолевичи', '8-01776'),
(105, '', '', '', 'Сморгонь', '8-01592'),
(106, '', '', '', 'Солигорск', '8-01710'),
(107, '', '', '', 'Старые Дороги', '8-01792'),
(108, '', '', '', 'Столбцы', '8-01717'),
(109, '', '', '', 'Столин', '8-01655'),
(110, '', '', '', 'Толочин', '8-02136'),
(111, '', '', '', 'Узда', '8-01718'),
(112, '', '', '', 'Ушачи', '8-02158'),
(113, '', '', '', 'Хойники', '8-02346'),
(114, '', '', '', 'Хотимск', '8-02247'),
(115, '', '', '', 'Чаусы', '8-02242'),
(116, '', '', '', 'Чашники', '8-02133'),
(117, '', '', '', 'Червень', '8-01714'),
(118, '', '', '', 'Чериков', '8-02243'),
(119, '', '', '', 'Чечерск', '8-02332'),
(120, '', '', '', 'Шарковщина', '8-02154'),
(121, '', '', '', 'Шклов', '8-02239'),
(122, '', '', '', 'Шумилино', '8-02130'),
(123, '', '', '', 'Щучин', '8-01514');

DROP TABLE IF EXISTS `db_phones_bsmu`;
CREATE TABLE `db_phones_bsmu` (
  `id_phones_bsmu` int(11) NOT NULL AUTO_INCREMENT,
  `name` varchar(60) NOT NULL,
  `sname` varchar(60) NOT NULL,
  `abbr` varchar(50) NOT NULL,
  `realname` varchar(100) NOT NULL,
  `phones` varchar(100) NOT NULL,
  PRIMARY KEY (`id_phones_bsmu`)
) ENGINE=InnoDB /*!40101 DEFAULT CHARSET=cp1251 */;

DROP TABLE IF EXISTS `db_phones_uzo`;
CREATE TABLE `db_phones_uzo` (
  `id_phones_uzo` int(11) NOT NULL AUTO_INCREMENT,
  `name` varchar(60) NOT NULL,
  `sname` varchar(60) NOT NULL,
  `abbr` varchar(50) NOT NULL,
  `realname` varchar(100) NOT NULL,
  `phones` varchar(100) NOT NULL,
  PRIMARY KEY (`id_phones_uzo`)
) ENGINE=InnoDB AUTO_INCREMENT=14 /*!40101 DEFAULT CHARSET=cp1251 */;

INSERT INTO `db_phones_uzo` VALUES
(1, 'ФармаБрест', '', '', 'Бресткое ТПРУП Фармация', 'т. ф. (8-0162) 40 96 74'),
(2, 'ФармаВитебск', '', '', 'Витебское ТПРУП Фармация', 'т.(8-0212) 37 31 44; ф. (8-0212) 48 50 10; (8-0212) 48 63 23'),
(3, 'ФармаГомель', '', '', 'Гомельское ТПРУП Фармация', 'т. ф. (8-0232) 40-06-72'),
(4, 'ФармаГродно', '', '', 'Гродненское ТПРУП Фармация', 'т. (8-0152) 74 43 92; ф. (8-0152) 72 22 68;'),
(5, 'ФармаМинск', '', '', 'Минское ТПРУП Фармация', 'т.(8-017) 222 77 80; ф. т.(8-017) 222 84 03'),
(6, 'ФармаМогилёв', '', '', 'Могилёвское ТПРУП Фармация', 'т. (8-0222) 22 57 35; ф. (8-0222) 25 10 56'),
(7, 'Белфармция', '', '', 'БелФармация', 'т. (8-017) 288 15 77; ф. (8-017) 288 25 26'),
(8, 'УЗОБрест', '', '', 'УЗО Брестского облисполкома', 'т. (8-0162) 28 23 25 ф. (8-0162) 28 23 26'),
(9, 'УзоВитебск', '', '', 'УЗО Витебского облисполкома', 'т. (8-0212,8-02122) 365591; ф. (8-0212,8-02122) 3655991'),
(10, 'УзоГомель', '', '', 'УЗО Гомельского облисполкома', 'т.(8-0232) 74 55 44; ф. (8-0232) 74 87 89, 74 42 12'),
(11, 'УзоГродно', '', '', 'УЗО Гродненского облисполкома', 'т.(8-0152,8-01522) 72 39 01; ф. (8-0152,8-01522) 72 27 33'),
(12, 'УзоМинск', '', '', 'УЗО Минского облисполкома', 'т. (8-017) 500 42 31; ф. 327 66 88'),
(13, 'УзоМогилёв', '', '', 'УЗО Могилёвского облисполкома', 'т.(8-0222) 32 66 77; ф. (8-0222) 27 35 26');

DROP TABLE IF EXISTS `db_pipeline`;
CREATE TABLE `db_pipeline` (
  `id_pipeline` int(11) NOT NULL AUTO_INCREMENT,
  `name` varchar(60) NOT NULL,
  `sname` varchar(60) NOT NULL,
  `abbr` varchar(50) NOT NULL,
  `sender_id` int(11) NOT NULL,
  `acceptor_id` int(11) NOT NULL,
  `person_id` int(11) NOT NULL,
  `delo_name` varchar(60) NOT NULL,
  `ts` datetime NOT NULL,
  PRIMARY KEY (`id_pipeline`)
) ENGINE=InnoDB /*!40101 DEFAULT CHARSET=cp1251 */;

DROP TABLE IF EXISTS `db_plancell`;
CREATE TABLE `db_plancell` (
  `id_plancell` int(11) NOT NULL AUTO_INCREMENT,
  `faculty_id` int(11) NOT NULL,
  `targetcell_id` int(11) NOT NULL,
  `region_id` int(11) NOT NULL,
  `plan` int(11) NOT NULL,
  PRIMARY KEY (`id_plancell`),
  UNIQUE KEY `d` (`faculty_id`,`targetcell_id`,`region_id`)
) ENGINE=InnoDB AUTO_INCREMENT=241 /*!40101 DEFAULT CHARSET=cp1251 */;

INSERT INTO `db_plancell` VALUES
(1, 1, 1, 1, 15),
(2, 1, 1, 2, 5),
(3, 1, 1, 3, 0),
(4, 1, 1, 4, 5),
(5, 1, 1, 5, 30),
(6, 1, 1, 6, 20),
(7, 1, 2, 1, 0),
(8, 1, 2, 2, 0),
(9, 1, 2, 3, 0),
(10, 1, 2, 4, 0),
(11, 1, 2, 5, 0),
(12, 1, 2, 6, 0),
(13, 2, 1, 1, 4),
(14, 2, 1, 2, 4),
(15, 2, 1, 3, 3),
(16, 2, 1, 4, 2),
(17, 2, 1, 5, 4),
(18, 2, 1, 6, 4),
(19, 2, 2, 1, 0),
(20, 2, 2, 2, 0),
(21, 2, 2, 3, 0),
(22, 2, 2, 4, 0),
(23, 2, 2, 5, 0),
(24, 2, 2, 6, 0),
(25, 3, 1, 1, 7),
(26, 3, 1, 2, 5),
(27, 3, 1, 3, 7),
(28, 3, 1, 4, 0),
(29, 3, 1, 5, 10),
(30, 3, 1, 6, 7),
(31, 3, 2, 1, 0),
(32, 3, 2, 2, 0),
(33, 3, 2, 3, 0),
(34, 3, 2, 4, 0),
(35, 3, 2, 5, 0),
(36, 3, 2, 6, 0),
(37, 4, 1, 1, 3),
(38, 4, 1, 2, 2),
(39, 4, 1, 3, 3),
(40, 4, 1, 4, 3),
(41, 4, 1, 5, 2),
(42, 4, 1, 6, 2),
(43, 4, 2, 1, 0),
(44, 4, 2, 2, 0),
(45, 4, 2, 3, 0),
(46, 4, 2, 4, 0),
(47, 4, 2, 5, 0),
(48, 4, 2, 6, 0),
(49, 5, 1, 1, 0),
(50, 5, 1, 2, 0),
(51, 5, 1, 3, 0),
(52, 5, 1, 4, 0),
(53, 5, 1, 5, 0),
(54, 5, 1, 6, 0),
(55, 5, 2, 1, 0),
(56, 5, 2, 2, 0),
(57, 5, 2, 3, 0),
(58, 5, 2, 4, 0),
(59, 5, 2, 5, 0),
(60, 5, 2, 6, 0),
(61, 6, 1, 1, 4),
(62, 6, 1, 2, 0),
(63, 6, 1, 3, 2),
(64, 6, 1, 4, 0),
(65, 6, 1, 5, 2),
(66, 6, 1, 6, 0),
(67, 6, 2, 1, 0),
(68, 6, 2, 2, 0),
(69, 6, 2, 3, 2),
(70, 6, 2, 4, 2),
(71, 6, 2, 5, 2),
(72, 6, 2, 6, 2),
(145, 7, 1, 1, 0),
(146, 7, 1, 2, 0),
(147, 7, 1, 3, 0),
(148, 7, 1, 4, 0),
(149, 7, 1, 5, 0),
(150, 7, 1, 6, 0),
(151, 7, 2, 1, 0),
(152, 7, 2, 2, 0),
(153, 7, 2, 3, 0),
(154, 7, 2, 4, 0),
(155, 7, 2, 5, 0),
(156, 7, 2, 6, 0);

DROP TABLE IF EXISTS `db_planform`;
CREATE TABLE `db_planform` (
  `id_planform` int(11) NOT NULL AUTO_INCREMENT,
  `faculty_id` int(11) NOT NULL,
  `time_form_id` int(11) NOT NULL,
  `edu_form_id` int(11) NOT NULL,
  `total` int(11) NOT NULL,
  PRIMARY KEY (`id_planform`),
  UNIQUE KEY `faculty_id` (`faculty_id`,`time_form_id`,`edu_form_id`)
) ENGINE=InnoDB AUTO_INCREMENT=137 /*!40101 DEFAULT CHARSET=cp1251 */;

INSERT INTO `db_planform` VALUES
(1, 1, 1, 1, 250),
(2, 1, 1, 2, 80),
(3, 1, 2, 1, 0),
(4, 1, 2, 2, 0),
(5, 2, 1, 1, 70),
(6, 2, 1, 2, 20),
(7, 2, 2, 1, 0),
(8, 2, 2, 2, 0),
(9, 3, 1, 1, 120),
(10, 3, 1, 2, 20),
(11, 3, 2, 1, 0),
(12, 3, 2, 2, 0),
(13, 4, 1, 1, 50),
(14, 4, 1, 2, 50),
(15, 4, 2, 1, 0),
(16, 4, 2, 2, 0),
(17, 5, 1, 1, 30),
(18, 5, 1, 2, 0),
(19, 5, 2, 1, 0),
(20, 5, 2, 2, 0),
(21, 6, 1, 1, 55),
(22, 6, 1, 2, 30),
(23, 6, 2, 1, 0),
(24, 6, 2, 2, 30),
(29, 1, 3, 1, 0),
(30, 1, 3, 2, 0),
(31, 1, 4, 1, 0),
(32, 1, 4, 2, 0),
(37, 2, 3, 1, 0),
(38, 2, 3, 2, 0),
(39, 2, 4, 1, 0),
(40, 2, 4, 2, 0),
(45, 3, 3, 1, 0),
(46, 3, 3, 2, 0),
(47, 3, 4, 1, 0),
(48, 3, 4, 2, 0),
(53, 4, 3, 1, 0),
(54, 4, 3, 2, 0),
(55, 4, 4, 1, 0),
(56, 4, 4, 2, 0),
(61, 5, 3, 1, 0),
(62, 5, 3, 2, 0),
(63, 5, 4, 1, 0),
(64, 5, 4, 2, 0),
(69, 6, 3, 1, 0),
(70, 6, 3, 2, 0),
(71, 6, 4, 1, 0),
(72, 6, 4, 2, 0),
(73, 7, 1, 1, 0),
(74, 7, 1, 2, 0),
(75, 7, 2, 1, 0),
(76, 7, 2, 2, 0),
(77, 7, 3, 1, 0),
(78, 7, 3, 2, 0),
(79, 7, 4, 1, 0),
(80, 7, 4, 2, 0);

DROP TABLE IF EXISTS `db_po_base`;
CREATE TABLE `db_po_base` (
  `id_po_base` int(11) NOT NULL AUTO_INCREMENT,
  `name` varchar(60) NOT NULL,
  `sname` varchar(60) NOT NULL,
  `abbr` varchar(50) NOT NULL,
  PRIMARY KEY (`id_po_base`)
) ENGINE=InnoDB AUTO_INCREMENT=4 /*!40101 DEFAULT CHARSET=cp1251 */;

INSERT INTO `db_po_base` VALUES
(1, 'Минск', '', ''),
(2, 'Барановичи', '', ''),
(3, 'Бобруйск', '', '');

DROP TABLE IF EXISTS `db_po_bsmu`;
CREATE TABLE `db_po_bsmu` (
  `id_po_bsmu` int(11) NOT NULL AUTO_INCREMENT,
  `name` varchar(60) NOT NULL,
  `surname` varchar(200) NOT NULL,
  `midname` varchar(200) NOT NULL,
  PRIMARY KEY (`id_po_bsmu`)
) ENGINE=InnoDB AUTO_INCREMENT=151 /*!40101 DEFAULT CHARSET=cp1251 */;

INSERT INTO `db_po_bsmu` VALUES
(1, 'Анастасию', 'Алексеенко', 'Дмитриевну'),
(2, 'Юрия', 'Алексеенко', 'Олеговича'),
(3, 'Алексея', 'Ануфриенко', 'Александровича'),
(4, 'Аиду', 'Бабаян', 'Адамовну'),
(5, 'Вячеслава', 'Багдевича', 'Леонидовича'),
(6, 'Алексея', 'Барабанова', 'Михайловича'),
(7, 'Михаила', 'Багай', 'Олеговича'),
(8, 'Марию', 'Бондарчук', 'Константиновну'),
(9, 'Александра', 'Вашкипеля', 'Робертовича'),
(10, 'Александра', 'Войнича', 'Андреевича'),
(11, 'Павла', 'Вяжевича', 'Антоновича'),
(12, 'Ксению', 'Гирис', 'Олеговну'),
(13, 'Венеру', 'Грушевскую', 'Владимировну'),
(14, 'Ангелину', 'Гуд', 'Александровну'),
(15, 'Викторию', 'Жданову', 'Павловну'),
(16, 'Ольгу', 'Клюеву', 'Владимировну'),
(17, 'Алексея', 'Кобзарь', 'Александровича'),
(18, 'Илью', 'Колчанова', 'Сергеевича'),
(19, 'Марию', 'Корсак', 'Александровну'),
(20, 'Маргариту', 'Кот', 'Александровну'),
(21, 'Фатиму', 'Кубашичеву', 'Нурбиевну'),
(22, 'Андрея', 'Кубеко', 'Владимировича'),
(23, 'Юлию', 'Кулецкую', 'Сергеевну'),
(24, 'Полину', 'Маер', 'Валерьевну'),
(25, 'Анастасию', 'Мазур', 'Викторовну'),
(26, 'Луизу', 'Макаренко', 'Михайловну'),
(27, 'Марину', 'Малько', 'Юрьевну'),
(28, 'Марию', 'Мацкевич', 'Ивановну'),
(29, 'Алексея', 'Мыслицкого', 'Сергеевича'),
(30, 'Владислава', 'Новицкого', 'Александровича'),
(31, 'Артема', 'Осадчука', 'Святославовича'),
(32, 'Дениса', 'Паца', 'Ивановича'),
(33, 'Валерию', 'Полозняк', 'Вадимовну'),
(34, 'Екатерину', 'Послед', 'Сергеевну'),
(35, 'Ирину', 'Прокопович', 'Анатольевну'),
(36, 'Ксению', 'Радюк', 'Валерьевну'),
(37, 'Анастасию', 'Романюк', 'Валерьевну'),
(38, 'Наталью', 'Садовскую', 'Константиновну'),
(39, 'Марию', 'Татун', 'Андреевну'),
(40, 'Людмилу', 'Тонкович', 'Эдуардовну'),
(41, 'Татьяну', 'Уперечкину', 'Александровну'),
(42, 'Анну', 'Хаджи-Исмаил', 'Исмаиловну'),
(43, 'Есению', 'Хамицевич', 'Владимировну'),
(44, 'Марию', 'Ходкевич', 'Валерьевну'),
(45, 'Алину', 'Чикилевскую', 'Александровну'),
(46, 'Ирину', 'Шмарловскую', 'Владимировну'),
(47, 'Сабину', 'Щенснович', 'Ивановну'),
(48, 'Дарью', 'Янушкевич', 'Максимовну'),
(49, 'Викторию', 'Ярмолич', 'Александровну'),
(50, 'Артура', 'Ященко', 'Сергеевича'),
(51, 'Анастасию', 'Алексеенко', 'Дмитриевну'),
(52, 'Юрия', 'Алексеенко', 'Олеговича'),
(53, 'Алексея', 'Ануфриенко', 'Александровича'),
(54, 'Аиду', 'Бабаян', 'Адамовну'),
(55, 'Вячеслава', 'Багдевич', 'Леонидовича'),
(56, 'Алексея', 'Барабанов', 'Михайловича'),
(57, 'Михаила', 'Багай', 'Олеговича'),
(58, 'Марию', 'Бондарчук', 'Константиновну'),
(59, 'Александра', 'Вашкипель', 'Робертовича'),
(60, 'Александра', 'Войнич', 'Андреевича'),
(61, 'Павла', 'Вяжевич', 'Антоновича'),
(62, 'Ксению', 'Гирис', 'Олеговну'),
(63, 'Венеру', 'Грушевская', 'Владимировну'),
(64, 'Ангелину', 'Гуд', 'Александровну'),
(65, 'Викторию', 'Жданова', 'Павловну'),
(66, 'Ольгу', 'Клюева', 'Владимировну'),
(67, 'Алексея', 'Кобзарь', 'Александровича'),
(68, 'Илью', 'Колчанов', 'Сергеевича'),
(69, 'Марию', 'Корсак', 'Александровну'),
(70, 'Маргариту', 'Кот', 'Александровну'),
(71, 'Фатиму', 'Кубашичева', 'Нурбиевну'),
(72, 'Андрея', 'Кубеко', 'Владимировича'),
(73, 'Юлию', 'Кулецкая', 'Сергеевну'),
(74, 'Полину', 'Маер', 'Валерьевну'),
(75, 'Анастасию', 'Мазур', 'Викторовну'),
(76, 'Луизу', 'Макаренко', 'Михайловну'),
(77, 'Марину', 'Малько', 'Юрьевну'),
(78, 'Марию', 'Мацкевич', 'Ивановну'),
(79, 'Алексея', 'Мыслицкий', 'Сергеевича'),
(80, 'Владислава', 'Новицкий', 'Александровича'),
(81, 'Артема', 'Осадчук', 'Святославовича'),
(82, 'Дениса', 'Пац', 'Ивановича'),
(83, 'Валерию', 'Полозняк', 'Вадимовну'),
(84, 'Екатерину', 'Послед', 'Сергеевну'),
(85, 'Ирину', 'Прокопович', 'Анатольевну'),
(86, 'Ксению', 'Радюк', 'Валерьевну'),
(87, 'Анастасию', 'Романюк', 'Валерьевну'),
(88, 'Наталью', 'Садовская', 'Константиновну'),
(89, 'Марию', 'Татун', 'Андреевну'),
(90, 'Людмилу', 'Тонкович', 'Эдуардовну'),
(91, 'Татьяну', 'Уперечкина', 'Александровну'),
(92, 'Анну', 'Хаджи-Исмаил', 'Исмаиловну'),
(93, 'Есению', 'Хамицевич', 'Владимировну'),
(94, 'Марию', 'Ходкевич', 'Валерьевну'),
(95, 'Алину', 'Чикилевская', 'Александровну'),
(96, 'Ирину', 'Шмарловская', 'Владимировну'),
(97, 'Сабину', 'Щенснович', 'Ивановну'),
(98, 'Дарью', 'Янушкевич', 'Максимовну'),
(99, 'Викторию', 'Ярмолич', 'Александровну'),
(100, 'Артура', 'Ященко', 'Сергеевича'),
(101, 'Анастасию', 'Алексеенко', 'Дмитриевну'),
(102, 'Юрия', 'Алексеенко', 'Олеговича'),
(103, 'Алексея', 'Ануфриенко', 'Александровича'),
(104, 'Аиду', 'Бабаян', 'Адамовну'),
(105, 'Вячеслава', 'Багдевич', 'Леонидовича'),
(106, 'Алексея', 'Барабанов', 'Михайловича'),
(107, 'Михаила', 'Багай', 'Олеговича'),
(108, 'Марию', 'Бондарчук', 'Константиновну'),
(109, 'Александра', 'Вашкипель', 'Робертовича'),
(110, 'Александра', 'Войнич', 'Андреевича'),
(111, 'Павла', 'Вяжевич', 'Антоновича'),
(112, 'Ксению', 'Гирис', 'Олеговну'),
(113, 'Венеру', 'Грушевская', 'Владимировну'),
(114, 'Ангелину', 'Гуд', 'Александровну'),
(115, 'Викторию', 'Жданова', 'Павловну'),
(116, 'Ольгу', 'Клюева', 'Владимировну'),
(117, 'Алексея', 'Кобзарь', 'Александровича'),
(118, 'Илью', 'Колчанов', 'Сергеевича'),
(119, 'Марию', 'Корсак', 'Александровну'),
(120, 'Маргариту', 'Кот', 'Александровну'),
(121, 'Фатиму', 'Кубашичева', 'Нурбиевну'),
(122, 'Андрея', 'Кубеко', 'Владимировича'),
(123, 'Юлию', 'Кулецкая', 'Сергеевну'),
(124, 'Полину', 'Маер', 'Валерьевну'),
(125, 'Анастасию', 'Мазур', 'Викторовну'),
(126, 'Луизу', 'Макаренко', 'Михайловну'),
(127, 'Марину', 'Малько', 'Юрьевну'),
(128, 'Марию', 'Мацкевич', 'Ивановну'),
(129, 'Алексея', 'Мыслицкий', 'Сергеевича'),
(130, 'Владислава', 'Новицкий', 'Александровича'),
(131, 'Артема', 'Осадчук', 'Святославовича'),
(132, 'Дениса', 'Пац', 'Ивановича'),
(133, 'Валерию', 'Полозняк', 'Вадимовну'),
(134, 'Екатерину', 'Послед', 'Сергеевну'),
(135, 'Ирину', 'Прокопович', 'Анатольевну'),
(136, 'Ксению', 'Радюк', 'Валерьевну'),
(137, 'Анастасию', 'Романюк', 'Валерьевну'),
(138, 'Наталью', 'Садовская', 'Константиновну'),
(139, 'Марию', 'Татун', 'Андреевну'),
(140, 'Людмилу', 'Тонкович', 'Эдуардовну'),
(141, 'Татьяну', 'Уперечкина', 'Александровну'),
(142, 'Анну', 'Хаджи-Исмаил', 'Исмаиловну'),
(143, 'Есению', 'Хамицевич', 'Владимировну'),
(144, 'Марию', 'Ходкевич', 'Валерьевну'),
(145, 'Алину', 'Чикилевская', 'Александровну'),
(146, 'Ирину', 'Шмарловская', 'Владимировну'),
(147, 'Сабину', 'Щенснович', 'Ивановну'),
(148, 'Дарью', 'Янушкевич', 'Максимовну'),
(149, 'Викторию', 'Ярмолич', 'Александровну'),
(150, 'Артура', 'Ященко', 'Сергеевича');

DROP TABLE IF EXISTS `db_po_lang`;
CREATE TABLE `db_po_lang` (
  `id_po_lang` int(11) NOT NULL AUTO_INCREMENT,
  `name` varchar(60) NOT NULL,
  `sname` varchar(60) NOT NULL,
  `abbr` varchar(50) NOT NULL,
  PRIMARY KEY (`id_po_lang`)
) ENGINE=InnoDB AUTO_INCREMENT=4 /*!40101 DEFAULT CHARSET=cp1251 */;

INSERT INTO `db_po_lang` VALUES
(1, 'Язык', '', ''),
(2, 'Биология', '', ''),
(3, 'Химия', '', '');

DROP TABLE IF EXISTS `db_pool`;
CREATE TABLE `db_pool` (
  `id_pool` int(11) NOT NULL AUTO_INCREMENT,
  `faculty_id` int(11) NOT NULL,
  `time_form_id` int(11) NOT NULL,
  `delo_id` int(11) NOT NULL,
  PRIMARY KEY (`id_pool`)
) ENGINE=InnoDB /*!40101 DEFAULT CHARSET=cp1251 */;

DROP TABLE IF EXISTS `db_president`;
CREATE TABLE `db_president` (
  `id_president` int(11) NOT NULL AUTO_INCREMENT,
  `name` varchar(60) NOT NULL,
  `sname` varchar(60) NOT NULL,
  `abbr` varchar(50) NOT NULL,
  `surname` varchar(200) NOT NULL,
  `midname` varchar(200) NOT NULL,
  PRIMARY KEY (`id_president`)
) ENGINE=InnoDB AUTO_INCREMENT=25 /*!40101 DEFAULT CHARSET=cp1251 */;

INSERT INTO `db_president` VALUES
(1, 'Евгений', '', '', 'Анискевич', 'Николаевич'),
(2, 'Дмитрий', '', '', 'Арашкевич', 'Александрович'),
(3, 'Илья', '', '', 'Барбараш', 'Михайлович'),
(4, 'Адам', '', '', 'Бардашевич', 'Викторович'),
(5, 'Владимир', '', '', 'Гриневич', 'Валентинович'),
(6, 'Максим', '', '', 'Гуцаки', 'Александрович'),
(7, 'Алексей', '', '', 'Кирикович', 'Викторович'),
(8, 'Геннадий', '', '', 'Короткевич', 'Владимирович'),
(9, 'Алексей', '', '', 'Кравцов', 'Валерьевич'),
(10, 'Евгений', '', '', 'Новиков', 'Александрович'),
(11, 'Дмитрий', '', '', 'Новокрестов', 'Павлович'),
(12, 'Владислав', '', '', 'Подтелкин', 'Евгеньевич'),
(13, 'Анастасия', '', '', 'Танана', 'Юрьевна'),
(14, 'Евгений', '', '', 'Безруков', 'Сергеевич'),
(15, 'Александр', '', '', 'Байтеховский', 'Владимирович'),
(16, 'Илья', '', '', 'Иданкин', 'Сергеевич'),
(17, 'Александра', '', '', 'Кирильчик', 'Андреевна'),
(18, 'Юлия', '', '', 'Кореновская', 'Владимировна'),
(19, 'Павел', '', '', 'Литвинко', 'Михайлович'),
(20, 'Игорь', '', '', 'Лобач', 'Леонидович'),
(21, 'Мария', '', '', 'Манкевич', 'Анатольевна'),
(22, 'Вячеслав', '', '', 'Мурашко', 'Игоревич'),
(23, 'Роман', '', '', 'Надводнюк', 'Александрович'),
(24, 'Владимир', '', '', 'Касеневич', 'Владиславович');

DROP TABLE IF EXISTS `db_query`;
CREATE TABLE `db_query` (
  `id_query` int(11) NOT NULL AUTO_INCREMENT,
  `name` text NOT NULL,
  `sname` varchar(60) NOT NULL,
  `abbr` varchar(50) NOT NULL,
  `query` text NOT NULL,
  `owner_id` int(11) NOT NULL,
  `save_date` timestamp NOT NULL /*!40101 DEFAULT CURRENT_TIMESTAMP ON UPDATE CURRENT_TIMESTAMP */,
  PRIMARY KEY (`id_query`)
) ENGINE=InnoDB /*!40101 DEFAULT CHARSET=cp1251 */;

DROP TABLE IF EXISTS `db_queue`;
CREATE TABLE `db_queue` (
  `id_queue` int(11) NOT NULL AUTO_INCREMENT,
  `name` varchar(60) NOT NULL,
  `sname` varchar(60) NOT NULL,
  `abbr` varchar(50) NOT NULL,
  PRIMARY KEY (`id_queue`)
) ENGINE=InnoDB AUTO_INCREMENT=8 /*!40101 DEFAULT CHARSET=cp1251 */;

INSERT INTO `db_queue` VALUES
(1, 'Лечебный', '', ''),
(2, 'Мед-проф', '', ''),
(3, 'Педиатрия', '', ''),
(4, 'Стоматологический', '', ''),
(5, 'Военно-медицинский', '', ''),
(6, 'Фарма (дневная)', '', ''),
(7, 'Фарма (заочная)', '', '');

DROP TABLE IF EXISTS `db_queue_list`;
CREATE TABLE `db_queue_list` (
  `id_queue_list` int(11) NOT NULL AUTO_INCREMENT,
  `user_id` int(11) NOT NULL,
  `queue_id` int(11) NOT NULL,
  `closed` int(11) NOT NULL,
  PRIMARY KEY (`id_queue_list`)
) ENGINE=InnoDB AUTO_INCREMENT=7 /*!40101 DEFAULT CHARSET=cp1251 */;

INSERT INTO `db_queue_list` VALUES
(1, 1, 1, 1),
(2, 1, 1, 1),
(3, 1, 1, 1),
(4, 48, 0, 1),
(5, 42, 0, 1),
(6, 47, 0, 1);

DROP TABLE IF EXISTS `db_reasoff`;
CREATE TABLE `db_reasoff` (
  `id_reasoff` int(11) NOT NULL AUTO_INCREMENT,
  `name` varchar(60) NOT NULL,
  `sname` varchar(60) NOT NULL,
  `abbr` varchar(50) NOT NULL,
  PRIMARY KEY (`id_reasoff`)
) ENGINE=InnoDB AUTO_INCREMENT=3 /*!40101 DEFAULT CHARSET=cp1251 */;

INSERT INTO `db_reasoff` VALUES
(1, 'Закрыт', '', ''),
(2, 'Смена конкурса', '', '');

DROP TABLE IF EXISTS `db_reason`;
CREATE TABLE `db_reason` (
  `id_reason` int(11) NOT NULL AUTO_INCREMENT,
  `name` varchar(60) NOT NULL,
  `sname` varchar(60) NOT NULL,
  `abbr` varchar(50) NOT NULL,
  PRIMARY KEY (`id_reason`)
) ENGINE=InnoDB AUTO_INCREMENT=4 /*!40101 DEFAULT CHARSET=cp1251 */;

INSERT INTO `db_reason` VALUES
(1, 'Создан', '', ''),
(2, 'Смена конкурса', '', ''),
(3, 'Перевод', '', '');

DROP TABLE IF EXISTS `db_region`;
CREATE TABLE `db_region` (
  `id_region` int(11) NOT NULL AUTO_INCREMENT,
  `name` varchar(60) NOT NULL,
  `sname` varchar(60) NOT NULL,
  `abbr` varchar(60) NOT NULL,
  PRIMARY KEY (`id_region`)
) ENGINE=InnoDB AUTO_INCREMENT=7 /*!40101 DEFAULT CHARSET=cp1251 */;

INSERT INTO `db_region` VALUES
(1, 'Брестская область', '', 'Бр'),
(2, 'Витебская область', '', 'Вт'),
(3, 'Гомельская область', '', 'Го'),
(4, 'Гродненская область', '', 'Гр'),
(5, 'Минская область', '', 'Мн'),
(6, 'Могилевская область', '', 'Мг');

DROP TABLE IF EXISTS `db_republic`;
CREATE TABLE `db_republic` (
  `id_republic` int(11) NOT NULL AUTO_INCREMENT,
  `name` varchar(60) NOT NULL,
  `sname` varchar(60) NOT NULL,
  `abbr` varchar(50) NOT NULL,
  `surname` varchar(200) NOT NULL,
  `midname` varchar(200) NOT NULL,
  `subject` varchar(100) NOT NULL,
  `rank` varchar(100) NOT NULL,
  PRIMARY KEY (`id_republic`)
) ENGINE=InnoDB AUTO_INCREMENT=88 /*!40101 DEFAULT CHARSET=cp1251 */;

INSERT INTO `db_republic` VALUES
(1, 'Федор', '', '', 'Старовойтов', 'Валерьевич', 'язык', '1ст'),
(2, 'Анна', '', '', 'Ковалева', 'Игоревна', 'язык', '1ст'),
(3, 'Анна', '', '', 'Лобацкая', 'Сергеевна', 'язык', '1ст'),
(4, 'Дарья', '', '', 'Кузнецова', 'Сергеевна', 'язык', '1ст'),
(5, 'Татьяна', '', '', 'Кулева', 'Сергеевна', 'язык', '2ст'),
(6, 'Ольга', '', '', 'Бируля', 'Игоревна', 'язык', '2ст'),
(7, 'Ирина', '', '', 'Минец', 'Валерьевна', 'язык', '2ст'),
(8, 'Евгения', '', '', 'Полонникова', 'Геннадьевна', 'язык', '2ст'),
(9, 'Екатерина', '', '', 'Воробьева', 'Михайловна', 'язык', '2ст'),
(10, 'Андрей', '', '', 'Матюшенок', 'Александрович', 'язык', '2ст'),
(11, 'Виктория', '', '', 'Захарова', 'Валерьевна', 'язык', '3ст'),
(12, 'Ангелина', '', '', 'Герус', 'Сергеевна', 'язык', '3ст'),
(13, 'Валерия', '', '', 'Говрилова', 'Сергеевна', 'язык', '3ст'),
(14, 'Иоанна', '', '', 'Владыко', 'Владимировна', 'язык', '3ст'),
(15, 'Валерия', '', '', 'Мацкевич', 'Андреевна', 'язык', '3ст'),
(16, 'Юлия', '', '', 'Клименцева', 'Николаевна', 'язык', '3ст'),
(17, 'Валерия', '', '', 'Попко', 'Геннадьевна', 'язык', '3ст'),
(18, 'Евгения', '', '', 'Райко', 'Викторовна', 'язык', '3ст'),
(19, 'Алеся', '', '', 'Жигарь', 'Николаевна', 'язык', '3ст'),
(20, 'Алина', '', '', 'Кринчик', 'Владимировна', 'язык', '3ст'),
(21, 'Дарья', '', '', 'Морозова', 'Сергеевна', 'язык', '1ст'),
(22, 'Оксана', '', '', 'Семенова', 'Александровна', 'язык', '1ст'),
(23, 'Виктория', '', '', 'Ковальчук', 'Викторовна', 'язык', '1ст'),
(24, 'Павел', '', '', 'Иванов', 'Владимирович', 'язык', '1ст'),
(25, 'Тимур', '', '', 'Буйко', 'Сергеевич', 'язык', '2ст'),
(26, 'Ольга', '', '', 'Юргель', 'Дмитриевна', 'язык', '2ст'),
(27, 'Алина', '', '', 'Огренич', 'Александровна', 'язык', '2ст'),
(28, 'Екатерина', '', '', 'Скурат', 'Юрьевна', 'язык', '2ст'),
(29, 'Анастасия', '', '', 'Дедюля', 'Николаевна', 'язык', '2ст'),
(30, 'Кристина', '', '', 'Радиевская', 'Анатольевна', 'язык', '3ст'),
(31, 'Анна', '', '', 'Цибулина', 'Игоревна', 'язык', '3ст'),
(32, 'Дарья', '', '', 'Васько', 'Петровна', 'язык', '3ст'),
(33, 'Екатерина', '', '', 'Глуховская', 'Геннадьевна', 'язык', '3ст'),
(34, 'Анастасия', '', '', 'Демешко', 'Анатольевна', 'язык', '3ст'),
(35, 'Надежда', '', '', 'Циторович', 'Александровна', 'язык', '3ст'),
(36, 'Наталья', '', '', 'Боломут', 'Геннадьевна', 'язык', '3ст'),
(37, 'Антон', '', '', 'Левоник', 'Дмитриевич', 'язык', '3ст'),
(38, 'Надежда', '', '', 'Иванова', 'Владимировна', 'язык', '3ст'),
(39, 'Марина', '', '', 'Шевель', 'Владимировна', 'язык', '3ст'),
(40, 'Юлия', '', '', 'Федоськова', 'Олеговна', 'язык', '3ст'),
(41, 'Дмитрий', '', '', 'Соловьев', 'Александрович', 'химия', '1ст'),
(42, 'Тимофей', '', '', 'Новолаев', 'Игоревич', 'химия', '1ст'),
(43, 'Екатерина', '', '', 'Гуринович', 'Андреевна', 'химия', '1ст'),
(44, 'Евгений', '', '', 'Анискевич', 'Николаевич', 'химия', '1ст'),
(45, 'Андрей', '', '', 'Панкратов', 'Олегович', 'химия', '1ст'),
(46, 'Ксения', '', '', 'Баслык', 'Сергеевна', 'химия', '2ст'),
(47, 'Алексей', '', '', 'Кравцов', 'Валерьевич', 'химия', '2ст'),
(48, 'Анна', '', '', 'Пискур', 'Викторовна', 'химия', '2ст'),
(49, 'Александр', '', '', 'Панкратов', 'Олегович', 'химия', '2ст'),
(50, 'Игнат ', '', '', 'Чишанков', 'Геннадьевич', 'химия', '2ст'),
(51, 'Вадим', '', '', 'Янович', 'Вацлавович', 'химия', '3ст'),
(52, 'Артем', '', '', 'Цымбал', 'Витальевич', 'химия', '3ст'),
(53, 'Кристина', '', '', 'Пилинко', 'Андреевна', 'химия', '3ст'),
(54, 'Андрей', '', '', 'Солтан', 'Валерьвиеч', 'химия', '3ст'),
(55, 'Владислав', '', '', 'Гопко', 'Владимирович', 'химия', '3ст'),
(56, 'Вероника', '', '', 'Трушко', 'Анатольевна', 'химия', '3ст'),
(57, 'Дарья', '', '', 'Снитовец', 'Михайловна', 'химия', '3ст'),
(58, 'Артем', '', '', 'Бурель', 'Викторович', 'химия', '3ст'),
(59, 'Вячеслав', '', '', 'Негодейко', 'Олегович', 'химия', '3ст'),
(60, 'Владимир', '', '', 'Гриневич', 'Валентинович', 'биология', '1ст'),
(61, 'Дарья', '', '', 'Шугля', 'Петровна', 'биология', '1ст'),
(62, 'Маргарита', '', '', 'Жданович', 'Геннадьевна', 'биология', '1ст'),
(63, 'Владислав', '', '', 'Терещенко', 'Дмитриевич', 'биология', '1ст'),
(64, 'Екатерина', '', '', 'Москаленко', 'Сергеевна', 'биология', '1ст'),
(65, 'Павел', '', '', 'Гончар', 'Александрович', 'биология', '1ст'),
(66, 'Александр', '', '', 'Сырадоев', 'Васильевич', 'биология', '1ст'),
(67, 'Павел', '', '', 'Кветко', 'Юрьевич', 'биология', '1ст'),
(68, 'Анастасия', '', '', 'Петрикеева', 'Петровна', 'биология', '2ст'),
(69, 'Николай', '', '', 'Клопов', 'Александрович', 'биология', '2ст'),
(70, 'Дарья', '', '', 'Полянина', 'Леонидовна', 'биология', '2ст'),
(71, 'Евгений', '', '', 'Кутько', 'Андреевич', 'биология', '2ст'),
(72, 'Александр', '', '', 'Лобач', 'Валентинович', 'биология', '2ст'),
(73, 'Николай', '', '', 'Белявский', 'Викторович', 'биология', '2ст'),
(74, 'Надежда', '', '', 'Кулеш', 'Сергеевна', 'биология', '2ст'),
(75, 'Григорий', '', '', 'Миронов', 'Владимирович', 'биология', '2ст'),
(76, 'Юлиана', '', '', 'Павловец', 'Юрьевна', 'биология', '2ст'),
(77, 'Андрей', '', '', 'Лихтарович', 'Владимирович', 'биология', '2ст'),
(78, 'Анастасия', '', '', 'Липницкая', 'Викторовна', 'биология', '2ст'),
(79, 'Светлана', '', '', 'Громовская', 'Владимировна', 'биология', '3ст'),
(80, 'Дарья', '', '', 'Сербина', 'Викторовна', 'биология', '3ст'),
(81, 'Николай', '', '', 'Радкевич', 'Валерьевич', 'биология', '3ст'),
(82, 'Мария', '', '', 'Бойко', 'Петровна', 'биология', '3ст'),
(83, 'Максим', '', '', 'Волчек', 'Юрьевич', 'биология', '3ст'),
(84, 'Анастасия', '', '', 'Гец', 'Михайловна', 'биология', '3ст'),
(85, 'Александра', '', '', 'Папуро', 'Павловна', 'биология', '3ст'),
(86, 'Алена', '', '', 'Новожен', 'Юрьевна', 'биология', '3ст'),
(87, 'Анна', '', '', 'Беленкова', 'Викторовна', 'биология', '3ст');

DROP TABLE IF EXISTS `db_savefield`;
CREATE TABLE `db_savefield` (
  `id_savefield` int(11) NOT NULL AUTO_INCREMENT,
  `user_id` int(11) NOT NULL,
  `name` varchar(60) NOT NULL,
  `fields` text NOT NULL,
  PRIMARY KEY (`id_savefield`)
) ENGINE=InnoDB /*!40101 DEFAULT CHARSET=cp1251 */;

DROP TABLE IF EXISTS `db_secviol`;
CREATE TABLE `db_secviol` (
  `id_secviol` int(11) NOT NULL AUTO_INCREMENT,
  `ts` timestamp NOT NULL /*!40101 DEFAULT CURRENT_TIMESTAMP ON UPDATE CURRENT_TIMESTAMP */,
  `ipaddr` varchar(16) NOT NULL,
  `rs` varchar(100) NOT NULL,
  PRIMARY KEY (`id_secviol`)
) ENGINE=InnoDB AUTO_INCREMENT=5 /*!40101 DEFAULT CHARSET=cp1251 */;

INSERT INTO `db_secviol` VALUES
(1, '2013-07-16 08:59:59', '10.5.0.29', 'fail password or login (pkKravchenkoNL | ^YHN7ujm)'),
(2, '2013-07-16 09:00:14', '10.5.0.29', 'fail password or login (pkKravchenkoNL | ^YHN7ujm)'),
(3, '2013-07-16 09:00:33', '10.5.0.29', 'fail password or login (pkKravchenkoNL | ^YHN7ujm)'),
(4, '2013-07-16 09:00:41', '10.5.0.29', 'fail password or login (pkKravchenkoNL | ^YHN7ujm)');

DROP TABLE IF EXISTS `db_selog`;
CREATE TABLE `db_selog` (
  `id_selog` int(11) NOT NULL AUTO_INCREMENT,
  `ip` varchar(16) NOT NULL,
  `uid` int(11) NOT NULL,
  `key` varchar(60) NOT NULL,
  `value` int(11) NOT NULL,
  `ts` timestamp NOT NULL /*!40101 DEFAULT CURRENT_TIMESTAMP ON UPDATE CURRENT_TIMESTAMP */,
  PRIMARY KEY (`id_selog`)
) ENGINE=InnoDB /*!40101 DEFAULT CHARSET=cp1251 */;

DROP TABLE IF EXISTS `db_settings`;
CREATE TABLE `db_settings` (
  `id_settings` int(11) NOT NULL AUTO_INCREMENT,
  `hashkey` varchar(200) NOT NULL,
  `value` varchar(200) NOT NULL,
  PRIMARY KEY (`id_settings`),
  UNIQUE KEY `haskey` (`hashkey`)
) ENGINE=InnoDB AUTO_INCREMENT=8 /*!40101 DEFAULT CHARSET=cp1251 */;

INSERT INTO `db_settings` VALUES
(1, 'rector', 'А.В. Сикорский'),
(2, 'executor', 'Д.А. Александров'),
(3, 'save', 'Сохранить'),
(6, 'abby_login', 'bsmu'),
(7, 'abby_pass', '8ys237a');

DROP TABLE IF EXISTS `db_sex`;
CREATE TABLE `db_sex` (
  `id_sex` int(11) NOT NULL AUTO_INCREMENT,
  `name` varchar(60) NOT NULL,
  `sname` varchar(60) NOT NULL,
  `abbr` varchar(60) NOT NULL,
  PRIMARY KEY (`id_sex`)
) ENGINE=InnoDB AUTO_INCREMENT=3 /*!40101 DEFAULT CHARSET=cp1251 */;

INSERT INTO `db_sex` VALUES
(1, 'Мужской', '', 'М'),
(2, 'Женский', '', 'Ж');

DROP TABLE IF EXISTS `db_smalltown`;
CREATE TABLE `db_smalltown` (
  `id_smalltown` int(11) NOT NULL AUTO_INCREMENT,
  `name` varchar(60) NOT NULL,
  `sname` varchar(60) NOT NULL,
  `abbr` varchar(50) NOT NULL,
  `town` varchar(200) NOT NULL,
  `region_by` int(11) NOT NULL,
  PRIMARY KEY (`id_smalltown`)
) ENGINE=InnoDB AUTO_INCREMENT=168 /*!40101 DEFAULT CHARSET=cp1251 */;

INSERT INTO `db_smalltown` VALUES
(1, '', '', '', 'Антополь г.п.', 1),
(2, '', '', '', 'Белоозерск', 1),
(3, '', '', '', 'Высокое', 1),
(4, '', '', '', 'Ганцевичи', 1),
(5, '', '', '', 'Городище г.п.', 1),
(6, '', '', '', 'Давид-Городок', 1),
(7, '', '', '', 'Домачево г.п.', 1),
(8, '', '', '', 'Дрогичин', 1),
(9, '', '', '', 'Жабинка', 1),
(10, '', '', '', 'Иваново', 1),
(11, '', '', '', 'Каменец', 1),
(12, '', '', '', 'Коссово', 1),
(13, '', '', '', 'Логишин г.п.', 1),
(14, '', '', '', 'Ляховичи', 1),
(15, '', '', '', 'Малорита', 1),
(16, '', '', '', 'Микашевичи', 1),
(17, '', '', '', 'Пружаны', 1),
(18, '', '', '', 'Речица р.п.', 1),
(19, '', '', '', 'Ружаны г.п.', 1),
(20, '', '', '', 'Столин', 1),
(21, '', '', '', 'Телеханы г.п.', 1),
(22, '', '', '', 'Шерешево г.п.', 1),
(23, '', '', '', 'Барань', 2),
(24, '', '', '', 'Бегомль г.п.', 2),
(25, '', '', '', 'Бешенковичи г.п.', 2),
(26, '', '', '', 'Богушевск г.п.', 2),
(27, '', '', '', 'Болбасово г.п.', 2),
(28, '', '', '', 'Боровуха г.п.', 2),
(29, '', '', '', 'Браслав', 2),
(30, '', '', '', 'Верхнедвинск', 2),
(31, '', '', '', 'Ветрино г.п.', 2),
(32, '', '', '', 'Видзы г.п.', 2),
(33, '', '', '', 'Воропаево г.п.', 2),
(34, '', '', '', 'Глубокое', 2),
(35, '', '', '', 'Городок', 2),
(36, '', '', '', 'Дисна', 2),
(37, '', '', '', 'Докшицы', 2),
(38, '', '', '', 'Дубровно', 2),
(39, '', '', '', 'Езерище г.п.', 2),
(40, '', '', '', 'Копысь г.п.', 2),
(41, '', '', '', 'Коханово г.п.', 2),
(42, '', '', '', 'Лепель', 2),
(43, '', '', '', 'Лиозно г.п.', 2),
(44, '', '', '', 'Лынтупы г.п.', 2),
(45, '', '', '', 'Миоры', 2),
(46, '', '', '', 'Новолукомль', 2),
(47, '', '', '', 'Оболь г.п.', 2),
(48, '', '', '', 'Ореховск г.п.', 2),
(49, '', '', '', 'Освея г.п.', 2),
(50, '', '', '', 'Подсвилье г.п.', 2),
(51, '', '', '', 'Поставы', 2),
(52, '', '', '', 'Россоны г.п.', 2),
(53, '', '', '', 'Руба г.п.', 2),
(54, '', '', '', 'Сенно', 2),
(55, '', '', '', 'Сураж г.п.', 2),
(56, '', '', '', 'Толочин', 2),
(57, '', '', '', 'Ушачи г.п.', 2),
(58, '', '', '', 'Чашники', 2),
(59, '', '', '', 'Шарковщина г.п.', 2),
(60, '', '', '', 'Шумилино г.п.', 2),
(61, '', '', '', 'Яновичи г.п.', 2),
(63, '', '', '', 'Большевик р.п.', 3),
(64, '', '', '', 'Брагин г.п.', 3),
(65, '', '', '', 'Буда-Кошелево', 3),
(66, '', '', '', 'Василевичи', 3),
(67, '', '', '', 'Ветка', 3),
(68, '', '', '', 'Добруш', 3),
(69, '', '', '', 'Ельск', 3),
(70, '', '', '', 'Житковичи', 3),
(71, '', '', '', 'Заречье г.п.', 3),
(72, '', '', '', 'Комарин г.п.', 3),
(73, '', '', '', 'Копаткевичи г.п.', 3),
(74, '', '', '', 'Корма г.п.', 3),
(75, '', '', '', 'Костюковка р.п.', 3),
(76, '', '', '', 'Лельчицы г.п.', 3),
(77, '', '', '', 'Лоев г.п.', 3),
(78, '', '', '', 'Наровля', 3),
(79, '', '', '', 'Озаричи г.п.', 3),
(80, '', '', '', 'Октябрьский г.п.', 3),
(81, '', '', '', 'Паричи г.п.', 3),
(82, '', '', '', 'Петриков', 3),
(83, '', '', '', 'Сосновый Бор р.п.', 3),
(84, '', '', '', 'Стрешин г.п.', 3),
(85, '', '', '', 'Тереховка г.п.', 3),
(86, '', '', '', 'Туров', 3),
(87, '', '', '', 'Уваровичи г.п.', 3),
(88, '', '', '', 'Хойники', 3),
(89, '', '', '', 'Чечерск', 3),
(90, '', '', '', 'Березовка', 4),
(91, '', '', '', 'Большая Берестовица г.п.', 4),
(92, '', '', '', 'Вороново г.п.', 4),
(93, '', '', '', 'Дятлово', 4),
(94, '', '', '', 'Желудок г.п.', 4),
(95, '', '', '', 'Зельва г.п.', 4),
(96, '', '', '', 'Ивье г.п.', 4),
(97, '', '', '', 'Козловщина г.п.', 4),
(98, '', '', '', 'Кореличи г.п.', 4),
(99, '', '', '', 'Красносельский г.п.', 4),
(100, '', '', '', 'Любча г.п.', 4),
(101, '', '', '', 'Мир г.п.', 4),
(102, '', '', '', 'Мосты', 4),
(103, '', '', '', 'Новоельня г.п.', 4),
(104, '', '', '', 'Острино г.п.', 4),
(105, '', '', '', 'Островец г.п.', 4),
(106, '', '', '', 'Ошмяны', 4),
(107, '', '', '', 'Порозово г.п.', 4),
(108, '', '', '', 'Радунь г.п.', 4),
(109, '', '', '', 'Россь г.п.', 4),
(110, '', '', '', 'Свислочь', 4),
(111, '', '', '', 'Скидель', 4),
(112, '', '', '', 'Сопоцкин г.п.', 4),
(113, '', '', '', 'Щучин', 4),
(114, '', '', '', 'Юратишки г.п.', 4),
(115, '', '', '', 'Березино', 5),
(116, '', '', '', 'Бобр г.п.', 5),
(117, '', '', '', 'Воложин', 5),
(118, '', '', '', 'Городея г.п.', 5),
(119, '', '', '', ' Заславль', 5),
(120, '', '', '', 'Зеленый Бор р.п.', 5),
(121, '', '', '', 'Ивенец г.п.', 5),
(122, '', '', '', 'Клецк', 5),
(123, '', '', '', 'Копыль', 5),
(124, '', '', '', 'Красная Слобода г.п.', 5),
(125, '', '', '', 'Кривичи г.п.', 5),
(126, '', '', '', 'Крупки', 5),
(127, '', '', '', 'Логойск', 5),
(128, '', '', '', 'Любань', 5),
(129, '', '', '', 'Мачулищи г.п', 5),
(130, '', '', '', ' Мядель', 5),
(131, '', '', '', 'Нарочь к.п.', 5),
(132, '', '', '', ' Несвиж', 5),
(133, '', '', '', 'Плещеницы г.п.', 5),
(134, '', '', '', 'Правдинский р.п.', 5),
(135, '', '', '', 'Радошковичи г.п.', 5),
(136, '', '', '', 'Руденск г.п.', 5),
(137, '', '', '', 'Свирь г.п.', 5),
(138, '', '', '', 'Свислочь г.п.', 5),
(139, '', '', '', 'Смиловичи г.п.', 5),
(140, '', '', '', ' Смолевичи', 5),
(141, '', '', '', 'Старобин г.п.', 5),
(142, '', '', '', ' Старые Дороги', 5),
(143, '', '', '', ' Столбцы', 5),
(144, '', '', '', ' Узда', 5),
(145, '', '', '', 'Уречье г.п', 5),
(146, '', '', '', 'Фаниполь', 5),
(147, '', '', '', 'Холопеничи г.п.', 5),
(148, '', '', '', ' Червень', 5),
(149, '', '', '', 'Белыничи г.п.', 6),
(150, '', '', '', 'Быхов', 6),
(151, '', '', '', 'Глуск г.п.', 6),
(152, '', '', '', 'Глуша р.п.', 6),
(153, '', '', '', 'Дрибин г.п.', 6),
(154, '', '', '', 'Елизово р.п.', 6),
(155, '', '', '', 'Кировск', 6),
(156, '', '', '', 'Климовичи', 6),
(157, '', '', '', 'Кличев', 6),
(158, '', '', '', 'Костюковичи', 6),
(159, '', '', '', 'Краснополье г.п.', 6),
(160, '', '', '', 'Круглое г.п.', 6),
(161, '', '', '', 'Мстиславль', 6),
(162, '', '', '', 'Славгород', 6),
(163, '', '', '', 'Татарка р.п.', 6),
(164, '', '', '', 'Хотимск г.п.', 6),
(165, '', '', '', 'Чаусы', 6),
(166, '', '', '', 'Чериков', 6),
(167, '', '', '', 'Шклов', 6);

DROP TABLE IF EXISTS `db_stalker`;
CREATE TABLE `db_stalker` (
  `id_stalker` int(11) NOT NULL AUTO_INCREMENT,
  `name` varchar(60) NOT NULL,
  `sname` varchar(60) NOT NULL,
  `abbr` varchar(50) NOT NULL,
  `region_by` int(11) NOT NULL,
  `area` varchar(100) NOT NULL,
  `ssname` varchar(100) NOT NULL,
  `town` varchar(100) NOT NULL,
  `ds` int(11) NOT NULL,
  PRIMARY KEY (`id_stalker`)
) ENGINE=InnoDB AUTO_INCREMENT=2392 /*!40101 DEFAULT CHARSET=cp1251 */;

INSERT INTO `db_stalker` VALUES
(1, '', '', '', 1, 'Дрогичинский', 'Закозельский', 'дер. Воловель', 0),
(2, '', '', '', 1, 'Дрогичинский', 'Закозельский', 'дер. Закозель', 0),
(3, '', '', '', 1, 'Дрогичинский', 'Закозельский', 'дер. Орловичи', 0),
(4, '', '', '', 1, 'Дрогичинский', 'Закозельский', 'дер. Селище', 0),
(5, '', '', '', 1, 'Дрогичинский', 'Закозельский', 'дер. Суличево', 0),
(6, '', '', '', 1, 'Дрогичинский', 'Немержанский', 'дер. Алексеевичи', 0),
(7, '', '', '', 1, 'Дрогичинский', 'Немержанский', 'дер. Переспа', 0),
(8, '', '', '', 1, 'Дрогичинский', 'Немержанский', 'дер. Скрипели', 0),
(9, '', '', '', 1, 'Дрогичинский', 'Попинский', 'дер. Великий Лес', 0),
(10, '', '', '', 1, 'Дрогичинский', 'Радостовский', 'дер. Залесье', 0),
(11, '', '', '', 1, 'Лунинецкий', 'районное подчинение', 'г. Лунинец', 0),
(12, '', '', '', 1, 'Лунинецкий', 'районное подчинение', 'г. Микашевичи', 0),
(13, '', '', '', 1, 'Лунинецкий', 'Вульковский', 'дер. Бродница', 0),
(14, '', '', '', 1, 'Лунинецкий', 'Вульковский', 'агрогородок Вулька-2', 0),
(15, '', '', '', 1, 'Лунинецкий', 'Вульковский', 'дер. Галый Бор', 0),
(16, '', '', '', 1, 'Лунинецкий', 'Вульковский', 'дер. Добрая Воля', 0),
(17, '', '', '', 1, 'Лунинецкий', 'Вульковский', 'дер. Застенок', 0),
(18, '', '', '', 1, 'Лунинецкий', 'Вульковский', 'дер. Красная Воля', 0),
(19, '', '', '', 1, 'Лунинецкий', 'Вульковский', 'агрогородок Межлесье', 0),
(20, '', '', '', 1, 'Лунинецкий', 'Городокский', 'дер. Бабы', 0),
(21, '', '', '', 1, 'Лунинецкий', 'Городокский', 'дер. Дребск', 0),
(22, '', '', '', 1, 'Лунинецкий', 'Городокский', 'агрогородок Кожан-Городок', 0),
(23, '', '', '', 1, 'Лунинецкий', 'Дворецкий', 'дер. Борки', 0),
(24, '', '', '', 1, 'Лунинецкий', 'Дворецкий', 'дер. Витчин', 0),
(25, '', '', '', 1, 'Лунинецкий', 'Дворецкий', 'агрогородок Дворец', 0),
(26, '', '', '', 1, 'Лунинецкий', 'Дворецкий', 'дер. Дятлы', 0),
(27, '', '', '', 1, 'Лунинецкий', 'Дворецкий', 'дер. Лодино', 0),
(28, '', '', '', 1, 'Лунинецкий', 'Дворецкий', 'дер. Любожердье', 0),
(29, '', '', '', 1, 'Лунинецкий', 'Дворецкий', 'дер. Озерница', 0),
(30, '', '', '', 1, 'Лунинецкий', 'Дворецкий', 'дер. Поле', 0),
(31, '', '', '', 1, 'Лунинецкий', 'Дворецкий', 'дер. Ракитно', 0),
(32, '', '', '', 1, 'Лунинецкий', 'Дворецкий', 'дер. Сосновка', 0),
(33, '', '', '', 1, 'Лунинецкий', 'Дворецкий', 'дер. Средиборье', 0),
(34, '', '', '', 1, 'Лунинецкий', 'Дворецкий', 'дер. Яворово', 0),
(35, '', '', '', 1, 'Лунинецкий', 'Дворецкий', 'дер. Яжевки', 0),
(36, '', '', '', 1, 'Лунинецкий', 'Дворецкий', 'дер. Язвинки', 0),
(37, '', '', '', 1, 'Лунинецкий', 'Дятловичский', 'дер. Боровцы', 0),
(38, '', '', '', 1, 'Лунинецкий', 'Дятловичский', 'агрогородок Дятловичи', 0),
(39, '', '', '', 1, 'Лунинецкий', 'Дятловичский', 'дер. Куповцы', 0),
(40, '', '', '', 1, 'Лунинецкий', 'Лахвенский', 'дер. Барсуково', 0),
(41, '', '', '', 1, 'Лунинецкий', 'Лахвенский', 'дер. Лахва', 0),
(42, '', '', '', 1, 'Лунинецкий', 'Лахвенский', 'дер. Лаховка', 0),
(43, '', '', '', 1, 'Лунинецкий', 'Лахвенский', 'агрогородок Любань', 0),
(44, '', '', '', 1, 'Лунинецкий', 'Лахвенский', 'дер. Периново', 0),
(45, '', '', '', 1, 'Лунинецкий', 'Лунинский', 'агрогородок Вулька-1', 0),
(46, '', '', '', 1, 'Лунинецкий', 'Лунинский', 'дер. Мелесница', 0),
(47, '', '', '', 1, 'Лунинецкий', 'Микашевичский городской Совет', 'дер. Вильча', 0),
(48, '', '', '', 1, 'Лунинецкий', 'Микашевичский городской Совет', 'дер. Гряда', 0),
(49, '', '', '', 1, 'Лунинецкий', 'Микашевичский городской Совет', 'дер. Ситница', 0),
(50, '', '', '', 1, 'Лунинецкий', 'Редигеровский', 'дер. Моносеево', 0),
(51, '', '', '', 1, 'Лунинецкий', 'Редигеровский', 'агрогородок Редигерово', 0),
(52, '', '', '', 1, 'Лунинецкий', 'Редигеровский', 'дер. Флерово', 0),
(53, '', '', '', 1, 'Лунинецкий', 'Редигеровский', 'дер. Черебасово', 0),
(54, '', '', '', 1, 'Лунинецкий', 'Синкевичский', 'дер. Лутовень', 0),
(55, '', '', '', 1, 'Лунинецкий', 'Синкевичский', 'дер. Мокрово', 0),
(56, '', '', '', 1, 'Лунинецкий', 'Синкевичский', 'дер. Намокрово', 0),
(57, '', '', '', 1, 'Лунинецкий', 'Синкевичский', 'дер. Острово', 0),
(58, '', '', '', 1, 'Лунинецкий', 'Синкевичский', 'агрогородок Синкевичи', 0),
(59, '', '', '', 1, 'Лунинецкий', 'Синкевичский', 'дер. Ситницкий Двор', 0),
(60, '', '', '', 1, 'Лунинецкий', 'Чучевичский', 'дер. Луги', 0),
(61, '', '', '', 1, 'Пинский', 'Дубойский', 'дер. Перехрестье', 0),
(62, '', '', '', 1, 'Пинский', 'Дубойский', 'дер. Сосновичи', 0),
(63, '', '', '', 1, 'Пинский', 'Ласицкий', 'дер. Паре', 0),
(64, '', '', '', 1, 'Пинский', 'Плещицкий', 'дер. Иваники', 0),
(65, '', '', '', 1, 'Пинский', 'Плещицкий', 'дер. Малые Дворцы', 0),
(66, '', '', '', 1, 'Пинский', 'Хойновский', 'дер. Большие Диковичи', 0),
(67, '', '', '', 1, 'Пинский', 'Хойновский', 'дер. Жидче', 0),
(68, '', '', '', 1, 'Пинский', 'Хойновский', 'дер. Невель', 0),
(69, '', '', '', 1, 'Пинский', 'Хойновский', 'дер. Хойно', 0),
(70, '', '', '', 1, 'Столинский', 'районное подчинение', 'р.п. Речица', 0),
(71, '', '', '', 1, 'Столинский', 'районное подчинение', 'г. Столин', 0),
(72, '', '', '', 1, 'Столинский', 'Белоушский', 'дер. Рыбники', 0),
(73, '', '', '', 1, 'Столинский', 'Бережновский', 'дер. Бережное', 0),
(74, '', '', '', 1, 'Столинский', 'Бережновский', 'дер. Бор-Дубенец', 0),
(75, '', '', '', 1, 'Столинский', 'Бережновский', 'дер. Дубенец', 0),
(76, '', '', '', 1, 'Столинский', 'Бережновский', 'дер. Могильное', 0),
(77, '', '', '', 1, 'Столинский', 'Бережновский', 'пос. Ново-Бережное', 0),
(78, '', '', '', 1, 'Столинский', 'Большемалешевский', 'дер. Коротичи', 0),
(79, '', '', '', 1, 'Столинский', 'Большемалешевский', 'дер. Лутки', 0),
(80, '', '', '', 1, 'Столинский', 'Большемалешевский', 'дер. Толмачево', 0),
(81, '', '', '', 1, 'Столинский', 'Видиборский', 'дер. Крушин', 0),
(82, '', '', '', 1, 'Столинский', 'Глинковский', 'дер. Глинка', 0),
(83, '', '', '', 1, 'Столинский', 'Глинковский', 'дер. Зубково', 0),
(84, '', '', '', 1, 'Столинский', 'Глинковский', 'дер. Лука', 0),
(85, '', '', '', 1, 'Столинский', 'Глинковский', 'дер. Первомайск', 0),
(86, '', '', '', 1, 'Столинский', 'Городнянский', 'дер. Городная', 0),
(87, '', '', '', 1, 'Столинский', 'Городнянский', 'дер. Деревная', 0),
(88, '', '', '', 1, 'Столинский', 'Городнянский', 'дер. Колония', 0),
(89, '', '', '', 1, 'Столинский', 'Городнянский', 'дер. Листянки', 0),
(90, '', '', '', 1, 'Столинский', 'Городнянский', 'дер. Новый Поселок', 0),
(91, '', '', '', 1, 'Столинский', 'Городнянский', 'дер. Пясово', 0),
(92, '', '', '', 1, 'Столинский', 'Лядецкий', 'дер. Большие Орлы', 0),
(93, '', '', '', 1, 'Столинский', 'Лядецкий', 'дер. Лядец', 0),
(94, '', '', '', 1, 'Столинский', 'Лядецкий', 'дер. Малые Орлы', 0),
(95, '', '', '', 1, 'Столинский', 'Маньковичский', 'дер. Маньковичи', 0),
(96, '', '', '', 1, 'Столинский', 'Ольшанский', 'дер. Ольшаны', 0),
(97, '', '', '', 1, 'Столинский', 'Плотницкий', 'дер. Коробье', 0),
(98, '', '', '', 1, 'Столинский', 'Радчицкий', 'дер. Великий Лес', 0),
(99, '', '', '', 1, 'Столинский', 'Речицкий поселковый Совет', 'дер. Бухличи', 0),
(100, '', '', '', 1, 'Столинский', 'Речицкий поселковый Совет', 'дер. Верхний Теребежов', 0),
(101, '', '', '', 1, 'Столинский', 'Речицкий поселковый Совет', 'дер. Ворони', 0),
(102, '', '', '', 1, 'Столинский', 'Речицкий поселковый Совет', 'дер. Копани', 0),
(103, '', '', '', 1, 'Столинский', 'Речицкий поселковый Совет', 'пос. Лесной', 0),
(104, '', '', '', 1, 'Столинский', 'Речицкий поселковый Совет', 'дер. Нижний Теребежов', 0),
(105, '', '', '', 1, 'Столинский', 'Рубельский', 'дер. Рубель', 0),
(106, '', '', '', 1, 'Столинский', 'Рубельский', 'дер. Хотомель', 0),
(107, '', '', '', 1, 'Столинский', 'Стружский', 'дер. Большие Викоровичи', 0),
(108, '', '', '', 1, 'Столинский', 'Стружский', 'дер. Малые Викоровичи', 0),
(109, '', '', '', 1, 'Столинский', 'Стружский', 'дер. Узляжье', 0),
(110, '', '', '', 1, 'Столинский', 'Стружский', 'дер. Ямное', 0),
(111, '', '', '', 1, 'Столинский', 'Федорский', 'дер. Нечатово', 0),
(112, '', '', '', 1, 'Столинский', 'Хоромский', 'дер. Лисовичи', 0),
(113, '', '', '', 1, 'Столинский', 'Хоромский', 'дер. Туры', 0),
(114, '', '', '', 1, 'Столинский', 'Хоромский', 'дер. Уголец', 0),
(115, '', '', '', 2, 'Толочинский', 'Толочинский', 'дер. Новая Будовка', 0),
(116, '', '', '', 3, 'Брагинский', 'Бурковский', 'дер. Великий Лес', 0),
(117, '', '', '', 3, 'Брагинский', 'Бурковский', 'дер. Кононовщина', 0),
(118, '', '', '', 3, 'Брагинский', 'Комаринский поселковый Совет', 'дер. Верхние Жары', 0),
(119, '', '', '', 3, 'Брагинский', 'Малейковский', 'дер. Заречье', 0),
(120, '', '', '', 3, 'Брагинский', 'Малейковский', 'дер. Новый Мокрец', 0),
(121, '', '', '', 3, 'Брагинский', 'Малейковский', 'дер. Петрицкое', 0),
(122, '', '', '', 3, 'Брагинский', 'Малейковский', 'дер. Старый Мокрец', 0),
(123, '', '', '', 3, 'Брагинский', 'Маложинский', 'дер. Бересневка', 0),
(124, '', '', '', 3, 'Брагинский', 'Маложинский', 'пос. Громкий', 0),
(125, '', '', '', 3, 'Брагинский', 'Маложинский', 'дер. Жиличи', 0),
(126, '', '', '', 3, 'Брагинский', 'Маложинский', 'пос. Красная Нива', 0),
(127, '', '', '', 3, 'Брагинский', 'Маложинский', 'пос. Ленинск', 0),
(128, '', '', '', 3, 'Брагинский', 'Маложинский', 'агрогородок Маложин', 0),
(129, '', '', '', 3, 'Брагинский', 'Маложинский', 'пос. Ритов', 0),
(130, '', '', '', 3, 'Брагинский', 'Маложинский', 'дер. Старые Юрковичи', 0),
(131, '', '', '', 3, 'Брагинский', 'Маложинский', 'пос. Чирвоная Поляна', 0),
(132, '', '', '', 3, 'Брагинский', 'Новоиолченский', 'дер. Александровка', 0),
(133, '', '', '', 3, 'Брагинский', 'Новоиолченский', 'дер. Асаревичи', 0),
(134, '', '', '', 3, 'Брагинский', 'Новоиолченский', 'дер. Березки', 0),
(135, '', '', '', 3, 'Брагинский', 'Новоиолченский', 'дер. Вялье', 0),
(136, '', '', '', 3, 'Брагинский', 'Новоиолченский', 'дер. Галки', 0),
(137, '', '', '', 3, 'Брагинский', 'Новоиолченский', 'дер. Красное', 0),
(138, '', '', '', 3, 'Брагинский', 'Новоиолченский', 'дер. Новая Иолча', 0),
(139, '', '', '', 3, 'Брагинский', 'Новоиолченский', 'дер. Старая Иолча', 0),
(140, '', '', '', 3, 'Брагинский', 'Угловский', 'дер. Лубеники', 0),
(141, '', '', '', 3, 'Брагинский', 'Угловский', 'пос. Майский', 0),
(142, '', '', '', 3, 'Брагинский', 'Угловский', 'дер. Михновка', 0),
(143, '', '', '', 3, 'Брагинский', 'Угловский', 'пос. Новый Путь', 0),
(144, '', '', '', 3, 'Брагинский', 'Угловский', 'дер. Рудня Журавлева', 0),
(145, '', '', '', 3, 'Брагинский', 'Чемерисский', 'дер. Грушное', 0),
(146, '', '', '', 3, 'Брагинский', 'Чемерисский', 'пос. Ленинский', 0),
(147, '', '', '', 3, 'Брагинский', 'Чемерисский', 'дер. Новая Гребля', 0),
(148, '', '', '', 3, 'Брагинский', 'Чемерисский', 'дер. Новые Храковичи', 0),
(149, '', '', '', 3, 'Брагинский', 'Чемерисский', 'дер. Просмычи', 0),
(150, '', '', '', 3, 'Брагинский', 'Чемерисский', 'дер. Старые Храковичи', 0),
(151, '', '', '', 3, 'Брагинский', 'Чемерисский', 'агрогородок Чемерисы', 0),
(152, '', '', '', 3, 'Буда-Кошелевский', 'районное подчинение', 'г. Буда-Кошелево', 0),
(153, '', '', '', 3, 'Буда-Кошелевский', 'районное подчинение', 'г.п. Уваровичи', 0),
(154, '', '', '', 3, 'Буда-Кошелевский', 'Губичский', 'пос. Боец', 0),
(155, '', '', '', 3, 'Буда-Кошелевский', 'Губичский', 'пос. Борок', 0),
(156, '', '', '', 3, 'Буда-Кошелевский', 'Губичский', 'пос. Вольный', 0),
(157, '', '', '', 3, 'Буда-Кошелевский', 'Губичский', 'пос. Восход', 0),
(158, '', '', '', 3, 'Буда-Кошелевский', 'Губичский', 'пос. Долина', 0),
(159, '', '', '', 3, 'Буда-Кошелевский', 'Губичский', 'пос. Левады', 0),
(160, '', '', '', 3, 'Буда-Кошелевский', 'Губичский', 'дер. Наспа', 0),
(161, '', '', '', 3, 'Буда-Кошелевский', 'Губичский', 'дер. Недойка', 0),
(162, '', '', '', 3, 'Буда-Кошелевский', 'Губичский', 'пос. Осовок', 0),
(163, '', '', '', 3, 'Буда-Кошелевский', 'Губичский', 'пос. Подчистое', 0),
(164, '', '', '', 3, 'Буда-Кошелевский', 'Губичский', 'пос. Светлый', 0),
(165, '', '', '', 3, 'Буда-Кошелевский', 'Губичский', 'пос. Соловьев', 0),
(166, '', '', '', 3, 'Буда-Кошелевский', 'Губичский', 'дер. Старая Буда', 0),
(167, '', '', '', 3, 'Буда-Кошелевский', 'Губичский', 'пос. Уютный', 0),
(168, '', '', '', 3, 'Буда-Кошелевский', 'Гусевицкий', 'дер. Александровка', 0),
(169, '', '', '', 3, 'Буда-Кошелевский', 'Гусевицкий', 'пос. Владимировка', 0),
(170, '', '', '', 3, 'Буда-Кошелевский', 'Гусевицкий', 'пос. Григоровка', 0),
(171, '', '', '', 3, 'Буда-Кошелевский', 'Гусевицкий', 'пос. Заря', 0),
(172, '', '', '', 3, 'Буда-Кошелевский', 'Гусевицкий', 'пос. Калинино', 0),
(173, '', '', '', 3, 'Буда-Кошелевский', 'Гусевицкий', 'пос. Красный Свет', 0),
(174, '', '', '', 3, 'Буда-Кошелевский', 'Гусевицкий', 'пос. Люткова', 0),
(175, '', '', '', 3, 'Буда-Кошелевский', 'Гусевицкий', 'дер. Новая Гусевица', 0),
(176, '', '', '', 3, 'Буда-Кошелевский', 'Гусевицкий', 'агрогородок Пенчин', 0),
(177, '', '', '', 3, 'Буда-Кошелевский', 'Гусевицкий', 'пос. Пуща', 0),
(178, '', '', '', 3, 'Буда-Кошелевский', 'Гусевицкий', 'дер. Старая Гусевица', 0),
(179, '', '', '', 3, 'Буда-Кошелевский', 'Коммунаровский', 'дер. Блюдница', 0),
(180, '', '', '', 3, 'Буда-Кошелевский', 'Коммунаровский', 'агрогородок Коммунар', 0),
(181, '', '', '', 3, 'Буда-Кошелевский', 'Коммунаровский', 'пос. Красин', 0),
(182, '', '', '', 3, 'Буда-Кошелевский', 'Коммунаровский', 'пос. Маковье', 0),
(183, '', '', '', 3, 'Буда-Кошелевский', 'Коммунаровский', 'пос. Нива', 0),
(184, '', '', '', 3, 'Буда-Кошелевский', 'Коммунаровский', 'дер. Особино', 0),
(185, '', '', '', 3, 'Буда-Кошелевский', 'Коммунаровский', 'пос. Подсеменовка', 0),
(186, '', '', '', 3, 'Буда-Кошелевский', 'Коммунаровский', 'пос. Северный', 0),
(187, '', '', '', 3, 'Буда-Кошелевский', 'Коммунаровский', 'пос. Темный Осов', 0),
(188, '', '', '', 3, 'Буда-Кошелевский', 'Кошелевский', 'пос. Боровое Лядо', 0),
(189, '', '', '', 3, 'Буда-Кошелевский', 'Кошелевский', 'дер. Брилев', 0),
(190, '', '', '', 3, 'Буда-Кошелевский', 'Кошелевский', 'дер. Кострище', 0),
(191, '', '', '', 3, 'Буда-Кошелевский', 'Кошелевский', 'дер. Кошелево', 0),
(192, '', '', '', 3, 'Буда-Кошелевский', 'Кошелевский', 'дер. Польпин', 0),
(193, '', '', '', 3, 'Буда-Кошелевский', 'Кошелевский', 'пос. Чирвоный Городок', 0),
(194, '', '', '', 3, 'Буда-Кошелевский', 'Кошелевский', 'дер. Шарибовка', 0),
(195, '', '', '', 3, 'Буда-Кошелевский', 'Кривский', 'дер. Бацунь', 0),
(196, '', '', '', 3, 'Буда-Кошелевский', 'Кривский', 'пос. Богомоловка', 0),
(197, '', '', '', 3, 'Буда-Кошелевский', 'Кривский', 'пос. Добрая Надежда', 0),
(198, '', '', '', 3, 'Буда-Кошелевский', 'Кривский', 'пос. Дунай', 0),
(199, '', '', '', 3, 'Буда-Кошелевский', 'Кривский', 'пос. Заречье', 0),
(200, '', '', '', 3, 'Буда-Кошелевский', 'Кривский', 'дер. Ивольск', 0),
(201, '', '', '', 3, 'Буда-Кошелевский', 'Кривский', 'пос. Красная Площадь', 0),
(202, '', '', '', 3, 'Буда-Кошелевский', 'Кривский', 'дер. Красный Лужок', 0),
(203, '', '', '', 3, 'Буда-Кошелевский', 'Кривский', 'агрогородок Кривск', 0),
(204, '', '', '', 3, 'Буда-Кошелевский', 'Кривский', 'дер. Лозки', 0),
(205, '', '', '', 3, 'Буда-Кошелевский', 'Кривский', 'пос. Мотылевка', 0),
(206, '', '', '', 3, 'Буда-Кошелевский', 'Кривский', 'пос. Осов', 0),
(207, '', '', '', 3, 'Буда-Кошелевский', 'Кривский', 'пос. Первобацунский', 0),
(208, '', '', '', 3, 'Буда-Кошелевский', 'Кривский', 'пос. Победа', 0),
(209, '', '', '', 3, 'Буда-Кошелевский', 'Кривский', 'пос. Поросль', 0),
(210, '', '', '', 3, 'Буда-Кошелевский', 'Кривский', 'пос. Растеребы', 0),
(211, '', '', '', 3, 'Буда-Кошелевский', 'Кривский', 'дер. Синичино', 0),
(212, '', '', '', 3, 'Буда-Кошелевский', 'Кривский', 'пос. Совет', 0),
(213, '', '', '', 3, 'Буда-Кошелевский', 'Липиничский', 'дер. Бронница', 0),
(214, '', '', '', 3, 'Буда-Кошелевский', 'Липиничский', 'дер. Буда Люшевская', 0),
(215, '', '', '', 3, 'Буда-Кошелевский', 'Липиничский', 'пос. Заречье', 0),
(216, '', '', '', 3, 'Буда-Кошелевский', 'Липиничский', 'пос. Зеленый Дуб', 0),
(217, '', '', '', 3, 'Буда-Кошелевский', 'Липиничский', 'дер. Липиничи', 0),
(218, '', '', '', 3, 'Буда-Кошелевский', 'Липиничский', 'дер. Любовин', 0),
(219, '', '', '', 3, 'Буда-Кошелевский', 'Липиничский', 'дер. Люшев', 0),
(220, '', '', '', 3, 'Буда-Кошелевский', 'Липиничский', 'агрогородок Неговка', 0),
(221, '', '', '', 3, 'Буда-Кошелевский', 'Липиничский', 'пос. Первомайский', 0),
(222, '', '', '', 3, 'Буда-Кошелевский', 'Липиничский', 'пос. Перегрузочный', 0),
(223, '', '', '', 3, 'Буда-Кошелевский', 'Липиничский', 'пос. Роща', 0),
(224, '', '', '', 3, 'Буда-Кошелевский', 'Липиничский', 'дер. Слобода Люшевская', 0),
(225, '', '', '', 3, 'Буда-Кошелевский', 'Липиничский', 'дер. Солтановка', 0),
(226, '', '', '', 3, 'Буда-Кошелевский', 'Липиничский', 'дер. Хмельное', 0),
(227, '', '', '', 3, 'Буда-Кошелевский', 'Липиничский', 'дер. Шутное', 0),
(228, '', '', '', 3, 'Буда-Кошелевский', 'Липиничский', 'пос. Якимовка', 0),
(229, '', '', '', 3, 'Буда-Кошелевский', 'Морозовичский', 'пос. Бадёрый', 0),
(230, '', '', '', 3, 'Буда-Кошелевский', 'Морозовичский', 'дер. Березина', 0),
(231, '', '', '', 3, 'Буда-Кошелевский', 'Морозовичский', 'пос. Березовка', 0),
(232, '', '', '', 3, 'Буда-Кошелевский', 'Морозовичский', 'дер. Берестовка', 0),
(233, '', '', '', 3, 'Буда-Кошелевский', 'Морозовичский', 'дер. Бушевка', 0),
(234, '', '', '', 3, 'Буда-Кошелевский', 'Морозовичский', 'пос. Васильевка', 0),
(235, '', '', '', 3, 'Буда-Кошелевский', 'Морозовичский', 'пос. Ветка', 0),
(236, '', '', '', 3, 'Буда-Кошелевский', 'Морозовичский', 'пос. Высокая Грива', 0),
(237, '', '', '', 3, 'Буда-Кошелевский', 'Морозовичский', 'агрогородок Глазовка', 0),
(238, '', '', '', 3, 'Буда-Кошелевский', 'Морозовичский', 'пос. Демидовка', 0),
(239, '', '', '', 3, 'Буда-Кошелевский', 'Морозовичский', 'пос. Диково', 0),
(240, '', '', '', 3, 'Буда-Кошелевский', 'Морозовичский', 'дер. Житонежье', 0),
(241, '', '', '', 3, 'Буда-Кошелевский', 'Морозовичский', 'пос. Зелёная Дуброва', 0),
(242, '', '', '', 3, 'Буда-Кошелевский', 'Морозовичский', 'пос. Зеленый Дуб', 0),
(243, '', '', '', 3, 'Буда-Кошелевский', 'Морозовичский', 'дер. Ивановка', 0),
(244, '', '', '', 3, 'Буда-Кошелевский', 'Морозовичский', 'пос. Канторовичи', 0),
(245, '', '', '', 3, 'Буда-Кошелевский', 'Морозовичский', 'пос. Ковалево', 0),
(246, '', '', '', 3, 'Буда-Кошелевский', 'Морозовичский', 'пос. Красное Знамя', 0),
(247, '', '', '', 3, 'Буда-Кошелевский', 'Морозовичский', 'дер. Морозовичи', 0),
(248, '', '', '', 3, 'Буда-Кошелевский', 'Морозовичский', 'пос. Новая Буда', 0),
(249, '', '', '', 3, 'Буда-Кошелевский', 'Морозовичский', 'пос. Новый Свет', 0),
(250, '', '', '', 3, 'Буда-Кошелевский', 'Морозовичский', 'пос. Новая Уза', 0),
(251, '', '', '', 3, 'Буда-Кошелевский', 'Морозовичский', 'пос. Отчаянный', 0),
(252, '', '', '', 3, 'Буда-Кошелевский', 'Морозовичский', 'пос. Папоротный', 0),
(253, '', '', '', 3, 'Буда-Кошелевский', 'Морозовичский', 'пос. Победитель', 0),
(254, '', '', '', 3, 'Буда-Кошелевский', 'Морозовичский', 'пос. Рекорд', 0),
(255, '', '', '', 3, 'Буда-Кошелевский', 'Морозовичский', 'пос. Славенец', 0),
(256, '', '', '', 3, 'Буда-Кошелевский', 'Морозовичский', 'пос. Уборки', 0),
(257, '', '', '', 3, 'Буда-Кошелевский', 'Морозовичский', 'пос. Чарот', 0),
(258, '', '', '', 3, 'Буда-Кошелевский', 'Морозовичский', 'пос. Чернятин', 0),
(259, '', '', '', 3, 'Буда-Кошелевский', 'Морозовичский', 'пос. Ясакар', 0),
(260, '', '', '', 3, 'Буда-Кошелевский', 'Николаевский', 'дер. Варварино', 0),
(261, '', '', '', 3, 'Буда-Кошелевский', 'Николаевский', 'дер. Владимировка', 0),
(262, '', '', '', 3, 'Буда-Кошелевский', 'Николаевский', 'дер. Выдрица', 0),
(263, '', '', '', 3, 'Буда-Кошелевский', 'Николаевский', 'дер. Головачи', 0),
(264, '', '', '', 3, 'Буда-Кошелевский', 'Николаевский', 'дер. Зорька', 0),
(265, '', '', '', 3, 'Буда-Кошелевский', 'Николаевский', 'дер. Любань', 0),
(266, '', '', '', 3, 'Буда-Кошелевский', 'Николаевский', 'дер. Надеждино', 0),
(267, '', '', '', 3, 'Буда-Кошелевский', 'Николаевский', 'агрогородок Николаевка', 0),
(268, '', '', '', 3, 'Буда-Кошелевский', 'Николаевский', 'дер. Прибор', 0),
(269, '', '', '', 3, 'Буда-Кошелевский', 'Николаевский', 'дер. Церковье', 0),
(270, '', '', '', 3, 'Буда-Кошелевский', 'Николаевский', 'дер. Фундаминка', 0),
(271, '', '', '', 3, 'Буда-Кошелевский', 'Октябрьский', 'пос. Болдуи', 0),
(272, '', '', '', 3, 'Буда-Кошелевский', 'Октябрьский', 'дер. Дубовица', 0),
(273, '', '', '', 3, 'Буда-Кошелевский', 'Октябрьский', 'агрогородок Дуравичи', 0),
(274, '', '', '', 3, 'Буда-Кошелевский', 'Октябрьский', 'дер. Залуневье', 0),
(275, '', '', '', 3, 'Буда-Кошелевский', 'Октябрьский', 'пос. Красный Октябрь', 0),
(276, '', '', '', 3, 'Буда-Кошелевский', 'Октябрьский', 'дер. Ленино', 0),
(277, '', '', '', 3, 'Буда-Кошелевский', 'Октябрьский', 'дер. Мачулище', 0),
(278, '', '', '', 3, 'Буда-Кошелевский', 'Октябрьский', 'дер. Череповка', 0),
(279, '', '', '', 3, 'Буда-Кошелевский', 'Потаповский', 'дер. Гавли', 0),
(280, '', '', '', 3, 'Буда-Кошелевский', 'Потаповский', 'дер. Галы', 0),
(281, '', '', '', 3, 'Буда-Кошелевский', 'Потаповский', 'пос. Дедов Курган', 0),
(282, '', '', '', 3, 'Буда-Кошелевский', 'Потаповский', 'пос. Демино', 0),
(283, '', '', '', 3, 'Буда-Кошелевский', 'Потаповский', 'пос. Дубровка', 0),
(284, '', '', '', 3, 'Буда-Кошелевский', 'Потаповский', 'дер. Забабье', 0),
(285, '', '', '', 3, 'Буда-Кошелевский', 'Потаповский', 'пос. Кочан', 0),
(286, '', '', '', 3, 'Буда-Кошелевский', 'Потаповский', 'дер. Медведево', 0),
(287, '', '', '', 3, 'Буда-Кошелевский', 'Потаповский', 'пос. Муравей', 0),
(288, '', '', '', 3, 'Буда-Кошелевский', 'Потаповский', 'пос. Победа', 0),
(289, '', '', '', 3, 'Буда-Кошелевский', 'Потаповский', 'дер. Потаповка', 0),
(290, '', '', '', 3, 'Буда-Кошелевский', 'Рогинский', 'дер. Александровка', 0),
(291, '', '', '', 3, 'Буда-Кошелевский', 'Рогинский', 'дер. Антоновка', 0),
(292, '', '', '', 3, 'Буда-Кошелевский', 'Рогинский', 'дер. Дербичи', 0),
(293, '', '', '', 3, 'Буда-Кошелевский', 'Рогинский', 'дер. Курганье', 0),
(294, '', '', '', 3, 'Буда-Кошелевский', 'Рогинский', 'дер. Лозов', 0),
(295, '', '', '', 3, 'Буда-Кошелевский', 'Рогинский', 'дер. Мойсеевка', 0),
(296, '', '', '', 3, 'Буда-Кошелевский', 'Рогинский', 'агрогородок Рогинь', 0),
(297, '', '', '', 3, 'Буда-Кошелевский', 'Рогинский', 'дер. Рудня Лозовская', 0),
(298, '', '', '', 3, 'Буда-Кошелевский', 'Рогинский', 'дер. Факел', 0),
(299, '', '', '', 3, 'Буда-Кошелевский', 'Уваровичский поселковый Совет', 'пос. Высокая Грива', 0),
(300, '', '', '', 3, 'Буда-Кошелевский', 'Уваровичский поселковый Совет', 'пос. Завидовка', 0),
(301, '', '', '', 3, 'Буда-Кошелевский', 'Уваровичский поселковый Совет', 'пос. Зеленый Остров', 0),
(302, '', '', '', 3, 'Буда-Кошелевский', 'Уваровичский поселковый Совет', 'дер. Лапичи', 0),
(303, '', '', '', 3, 'Буда-Кошелевский', 'Уваровичский поселковый Совет', 'дер. Радеево', 0),
(304, '', '', '', 3, 'Буда-Кошелевский', 'Уваровичский поселковый Совет', 'пос. Радеево', 0),
(305, '', '', '', 3, 'Буда-Кошелевский', 'Уваровичский поселковый Совет', 'дер. Теклевка', 0),
(306, '', '', '', 3, 'Буда-Кошелевский', 'Узовский', 'пос. Борки', 0),
(307, '', '', '', 3, 'Буда-Кошелевский', 'Узовский', 'дер. Калинино', 0),
(308, '', '', '', 3, 'Буда-Кошелевский', 'Узовский', 'пос. Красное Знамя', 0),
(309, '', '', '', 3, 'Буда-Кошелевский', 'Узовский', 'пос. Рогозище', 0),
(310, '', '', '', 3, 'Буда-Кошелевский', 'Узовский', 'дер. Руденец', 0),
(311, '', '', '', 3, 'Буда-Кошелевский', 'Узовский', 'дер. Тихиничи', 0),
(312, '', '', '', 3, 'Буда-Кошелевский', 'Узовский', 'дер. Уза', 0),
(313, '', '', '', 3, 'Буда-Кошелевский', 'Чеботовичский', 'пос. Заречье', 0),
(314, '', '', '', 3, 'Буда-Кошелевский', 'Чеботовичский', 'пос. Каменка', 0),
(315, '', '', '', 3, 'Буда-Кошелевский', 'Чеботовичский', 'пос. Краснобудский', 0),
(316, '', '', '', 3, 'Буда-Кошелевский', 'Чеботовичский', 'пос. Красный', 0),
(317, '', '', '', 3, 'Буда-Кошелевский', 'Чеботовичский', 'пос. Красный Курган', 0),
(318, '', '', '', 3, 'Буда-Кошелевский', 'Чеботовичский', 'пос. Ленинский', 0),
(319, '', '', '', 3, 'Буда-Кошелевский', 'Чеботовичский', 'пос. Любень', 0),
(320, '', '', '', 3, 'Буда-Кошелевский', 'Чеботовичский', 'дер. Рудня-Ольховка', 0),
(321, '', '', '', 3, 'Буда-Кошелевский', 'Чеботовичский', 'пос. Сеновец', 0),
(322, '', '', '', 3, 'Буда-Кошелевский', 'Широковский', 'пос. Александровка', 0),
(323, '', '', '', 3, 'Буда-Кошелевский', 'Широковский', 'дер. Михалевка', 0),
(324, '', '', '', 3, 'Буда-Кошелевский', 'Широковский', 'пос. Чароты', 0),
(325, '', '', '', 3, 'Буда-Кошелевский', 'Широковский', 'пос. Чернятин', 0),
(326, '', '', '', 3, 'Буда-Кошелевский', 'Широковский', 'агрогородок Широкое', 0),
(327, '', '', '', 3, 'Ветковский', 'Великонемковский', 'пос. Даринполье', 0),
(328, '', '', '', 3, 'Ветковский', 'Великонемковский', 'пос. Новое Залядье', 0),
(329, '', '', '', 3, 'Ветковский', 'Даниловичский', 'пос. Новины', 0),
(330, '', '', '', 3, 'Ветковский', 'Даниловичский', 'пос. Шевцов', 0),
(331, '', '', '', 3, 'Ветковский', 'Малонемковский', 'пос. Затишье', 0),
(332, '', '', '', 3, 'Ветковский', 'Малонемковский', 'пос. Иванькин', 0),
(333, '', '', '', 3, 'Ветковский', 'Малонемковский', 'агрогородок Малые Немки', 0),
(334, '', '', '', 3, 'Ветковский', 'Малонемковский', 'пос. Память', 0),
(335, '', '', '', 3, 'Ветковский', 'Малонемковский', 'дер. Перелевка', 0),
(336, '', '', '', 3, 'Ветковский', 'Светиловичский', 'пос. Малиновка', 0),
(337, '', '', '', 3, 'Ветковский', 'Столбунский', 'дер. Рудня-Столбунская', 0),
(338, '', '', '', 3, 'Ветковский', 'Столбунский', 'агрогородок Столбун', 0),
(339, '', '', '', 3, 'Ветковский', 'Столбунский', 'пос. Юрга', 0),
(340, '', '', '', 3, 'Ветковский', 'Хальчанский', 'дер. Золотой Рог', 0),
(341, '', '', '', 3, 'Ветковский', 'Хальчанский', 'пос. Каничев', 0),
(342, '', '', '', 3, 'Ветковский', 'Хальчанский', 'пос. Победа', 0),
(343, '', '', '', 3, 'Ветковский', 'Хальчанский', 'пос. Станки', 0),
(344, '', '', '', 3, 'Ветковский', 'Яновский', 'дер. Будище-Столбунская', 0),
(345, '', '', '', 3, 'Ветковский', 'Яновский', 'пос. Желудье', 0),
(346, '', '', '', 3, 'Ветковский', 'Яновский', 'пос. Лазарев', 0),
(347, '', '', '', 3, 'Гомельский', 'областное подчинение', 'г. Гомель', 0),
(348, '', '', '', 3, 'Гомельский', 'районное подчинение', 'р.п. Большевик', 0),
(349, '', '', '', 3, 'Гомельский', 'Азделинский', 'агрогородок Азделино', 0),
(350, '', '', '', 3, 'Гомельский', 'Азделинский', 'пос. Афанасовка', 0),
(351, '', '', '', 3, 'Гомельский', 'Азделинский', 'пос. Бук', 0),
(352, '', '', '', 3, 'Гомельский', 'Азделинский', 'пос. Зеленый Гай', 0),
(353, '', '', '', 3, 'Гомельский', 'Азделинский', 'пос. Зеленый Остров', 0),
(354, '', '', '', 3, 'Гомельский', 'Азделинский', 'пос. Зеленый Сад', 0),
(355, '', '', '', 3, 'Гомельский', 'Азделинский', 'пос. Манеев', 0),
(356, '', '', '', 3, 'Гомельский', 'Азделинский', 'пос. Молодежь', 0),
(357, '', '', '', 3, 'Гомельский', 'Азделинский', 'пос. Петров', 0),
(358, '', '', '', 3, 'Гомельский', 'Азделинский', 'пос. Приволье-1', 0),
(359, '', '', '', 3, 'Гомельский', 'Азделинский', 'пос. Приволье-2', 0),
(360, '', '', '', 3, 'Гомельский', 'Азделинский', 'дер. Роги', 0),
(361, '', '', '', 3, 'Гомельский', 'Азделинский', 'дер. Южная', 0),
(362, '', '', '', 3, 'Гомельский', 'Большевистский поселковый Совет', 'дер. Рассветная', 0),
(363, '', '', '', 3, 'Гомельский', 'Ереминский', 'пос. Вишенский', 0),
(364, '', '', '', 3, 'Гомельский', 'Ереминский', 'агрогородок Ерёмино', 0),
(365, '', '', '', 3, 'Гомельский', 'Ереминский', 'пос. Климовский', 0),
(366, '', '', '', 3, 'Гомельский', 'Ереминский', 'дер. Костюковка', 0),
(367, '', '', '', 3, 'Гомельский', 'Красненский', 'пос. Забияка', 0),
(368, '', '', '', 3, 'Гомельский', 'Красненский', 'агрогородок Красное', 0),
(369, '', '', '', 3, 'Гомельский', 'Красненский', 'пос. Красный Богатырь', 0),
(370, '', '', '', 3, 'Гомельский', 'Красненский', 'агрогородок Мичуринская', 0),
(371, '', '', '', 3, 'Гомельский', 'Красненский', 'дер. Новая Мильча', 0),
(372, '', '', '', 3, 'Гомельский', 'Красненский', 'пос. Пролетарий', 0),
(373, '', '', '', 3, 'Гомельский', 'Поколюбичский', 'пос. Грива', 0),
(374, '', '', '', 3, 'Гомельский', 'Поколюбичский', 'пос. Залинейный', 0),
(375, '', '', '', 3, 'Гомельский', 'Поколюбичский', 'пос. Калинино', 0),
(376, '', '', '', 3, 'Гомельский', 'Поколюбичский', 'пос. Красный Маяк', 0),
(377, '', '', '', 3, 'Гомельский', 'Поколюбичский', 'дер. Лопатино', 0),
(378, '', '', '', 3, 'Гомельский', 'Поколюбичский', 'пос. Мостище', 0),
(379, '', '', '', 3, 'Гомельский', 'Поколюбичский', 'пос. Остров', 0),
(380, '', '', '', 3, 'Гомельский', 'Поколюбичский', 'дер. Плесы', 0),
(381, '', '', '', 3, 'Гомельский', 'Поколюбичский', 'агрогородок Поколюбичи', 0),
(382, '', '', '', 3, 'Гомельский', 'Поколюбичский', 'пос. Прудок', 0),
(383, '', '', '', 3, 'Гомельский', 'Поколюбичский', 'пос. Ржавец', 0),
(384, '', '', '', 3, 'Гомельский', 'Поколюбичский', 'пос. Светлая Заря', 0),
(385, '', '', '', 3, 'Гомельский', 'Поколюбичский', 'пос. Церковье', 0),
(386, '', '', '', 3, 'Гомельский', 'Поколюбичский', 'пос. Янтарный', 0),
(387, '', '', '', 3, 'Гомельский', 'Тереничский', 'пос. Вишневка', 0),
(388, '', '', '', 3, 'Гомельский', 'Тереничский', 'пос. Житовля', 0),
(389, '', '', '', 3, 'Гомельский', 'Тереничский', 'дер. Ивановка', 0),
(390, '', '', '', 3, 'Гомельский', 'Тереничский', 'пос. Курганы', 0),
(391, '', '', '', 3, 'Гомельский', 'Тереничский', 'пос. Малиновка', 0),
(392, '', '', '', 3, 'Гомельский', 'Тереничский', 'пос. Муравчий', 0),
(393, '', '', '', 3, 'Гомельский', 'Тереничский', 'пос. Просвет', 0),
(394, '', '', '', 3, 'Гомельский', 'Тереничский', 'пос. Рубеж', 0),
(395, '', '', '', 3, 'Гомельский', 'Тереничский', 'дер. Рудня-Телешевская', 0),
(396, '', '', '', 3, 'Гомельский', 'Тереничский', 'дер. Телеши', 0),
(397, '', '', '', 3, 'Гомельский', 'Тереничский', 'агрогородок Тереничи', 0),
(398, '', '', '', 3, 'Гомельский', 'Улуковский', 'пос. Будатин', 0),
(399, '', '', '', 3, 'Гомельский', 'Улуковский', 'дер. Головинцы', 0),
(400, '', '', '', 3, 'Гомельский', 'Улуковский', 'пос. Ерохово', 0),
(401, '', '', '', 3, 'Гомельский', 'Улуковский', 'пос. Залядье', 0),
(402, '', '', '', 3, 'Гомельский', 'Улуковский', 'пос. Ильич', 0),
(403, '', '', '', 3, 'Гомельский', 'Улуковский', 'пос. Медвежий Лог', 0),
(404, '', '', '', 3, 'Гомельский', 'Улуковский', 'пос. Приозерный', 0),
(405, '', '', '', 3, 'Гомельский', 'Улуковский', 'дер. Романовичи', 0),
(406, '', '', '', 3, 'Гомельский', 'Урицкий', 'пос. Александровка', 0),
(407, '', '', '', 3, 'Гомельский', 'Урицкий', 'пос. Алексеевка', 0),
(408, '', '', '', 3, 'Гомельский', 'Урицкий', 'пос. Борок', 0),
(409, '', '', '', 3, 'Гомельский', 'Урицкий', 'дер. Галеевка', 0),
(410, '', '', '', 3, 'Гомельский', 'Урицкий', 'дер. Залипье', 0),
(411, '', '', '', 3, 'Гомельский', 'Урицкий', 'дер. Зеленые Луки', 0),
(412, '', '', '', 3, 'Гомельский', 'Урицкий', 'пос. Красный Маяк', 0),
(413, '', '', '', 3, 'Гомельский', 'Урицкий', 'дер. Островы', 0),
(414, '', '', '', 3, 'Гомельский', 'Урицкий', 'дер. Старая Белица', 0),
(415, '', '', '', 3, 'Гомельский', 'Урицкий', 'агрогородок Урицкое', 0),
(416, '', '', '', 3, 'Добрушский', 'районное подчинение', 'г. Добруш', 0),
(417, '', '', '', 3, 'Добрушский', 'Кузьминичский', 'пос. Галое', 0),
(418, '', '', '', 3, 'Добрушский', 'Кузьминичский', 'пос. Красный Камень', 0),
(419, '', '', '', 3, 'Добрушский', 'Кузьминичский', 'агрогородок Кузьминичи', 0),
(420, '', '', '', 3, 'Добрушский', 'Кузьминичский', 'дер. Слобода', 0),
(421, '', '', '', 3, 'Добрушский', 'Кузьминичский', 'пос. Степанов', 0),
(422, '', '', '', 3, 'Добрушский', 'Ленинский', 'агрогородок Красный Партизан', 0),
(423, '', '', '', 3, 'Добрушский', 'Носовичский', 'пос. Новодружеский', 0),
(424, '', '', '', 3, 'Добрушский', 'Носовичский', 'пос. Первомайский', 0),
(425, '', '', '', 3, 'Добрушский', 'Переростовский', 'агрогородок Перерост', 0),
(426, '', '', '', 3, 'Добрушский', 'Рассветовский', 'пос. Василевка', 0),
(427, '', '', '', 3, 'Добрушский', 'Рассветовский', 'пос. Высокополье', 0),
(428, '', '', '', 3, 'Добрушский', 'Рассветовский', 'пос. Залесье', 0),
(429, '', '', '', 3, 'Добрушский', 'Рассветовский', 'агрогородок Иговка', 0),
(430, '', '', '', 3, 'Добрушский', 'Рассветовский', 'дер. Ларищево', 0),
(431, '', '', '', 3, 'Добрушский', 'Рассветовский', 'пос. Майский', 0),
(432, '', '', '', 3, 'Добрушский', 'Рассветовский', 'дер. Марьино', 0),
(433, '', '', '', 3, 'Добрушский', 'Рассветовский', 'пос. Покровский', 0),
(434, '', '', '', 3, 'Добрушский', 'Рассветовский', 'пос. Рассвет', 0),
(435, '', '', '', 3, 'Добрушский', 'Рассветовский', 'пос. Ясенки', 0),
(436, '', '', '', 3, 'Добрушский', 'Утевский', 'дер. Гордуны', 0),
(437, '', '', '', 3, 'Добрушский', 'Утевский', 'пос. Степь', 0),
(438, '', '', '', 3, 'Ельский', 'районное подчинение', 'г. Ельск', 0),
(439, '', '', '', 3, 'Ельский', 'Валавский', 'дер. Дубровка', 0),
(440, '', '', '', 3, 'Ельский', 'Валавский', 'дер. Заячье', 0),
(441, '', '', '', 3, 'Ельский', 'Валавский', 'дер. Корма', 0),
(442, '', '', '', 3, 'Ельский', 'Засинцевский', 'дер. Гриши', 0),
(443, '', '', '', 3, 'Ельский', 'Засинцевский', 'дер. Засинцы', 0),
(444, '', '', '', 3, 'Ельский', 'Засинцевский', 'дер. Казимировка', 0),
(445, '', '', '', 3, 'Ельский', 'Засинцевский', 'дер. Капсаны', 0),
(446, '', '', '', 3, 'Ельский', 'Засинцевский', 'дер. Ковали', 0),
(447, '', '', '', 3, 'Ельский', 'Засинцевский', 'дер. Козлы', 0),
(448, '', '', '', 3, 'Ельский', 'Засинцевский', 'дер. Подгалье', 0),
(449, '', '', '', 3, 'Ельский', 'Засинцевский', 'дер. Серые', 0),
(450, '', '', '', 3, 'Ельский', 'Засинцевский', 'дер. Сугаки', 0),
(451, '', '', '', 3, 'Ельский', 'Засинцевский', 'дер. Шатуны', 0),
(452, '', '', '', 3, 'Ельский', 'Засинцевский', 'дер. Шуты', 0),
(453, '', '', '', 3, 'Ельский', 'Засинцевский', 'дер. Якимы', 0),
(454, '', '', '', 3, 'Ельский', 'Кочищанский', 'дер. Беляки', 0),
(455, '', '', '', 3, 'Ельский', 'Кочищанский', 'дер. Загатье', 0),
(456, '', '', '', 3, 'Ельский', 'Кочищанский', 'дер. Чертень', 0),
(457, '', '', '', 3, 'Ельский', 'Млынокский', 'дер. Мазуры', 0),
(458, '', '', '', 3, 'Ельский', 'Млынокский', 'пос. Полесск', 0),
(459, '', '', '', 3, 'Ельский', 'Млынокский', 'дер. Половки', 0),
(460, '', '', '', 3, 'Ельский', 'Млынокский', 'дер. Санюки', 0),
(461, '', '', '', 3, 'Ельский', 'Ремезовский', 'дер. Александровка', 0),
(462, '', '', '', 3, 'Ельский', 'Ремезовский', 'дер. Бовгорка', 0),
(463, '', '', '', 3, 'Ельский', 'Ремезовский', 'дер. Вишеньки', 0),
(464, '', '', '', 3, 'Ельский', 'Ремезовский', 'дер. Движки', 0),
(465, '', '', '', 3, 'Ельский', 'Ремезовский', 'дер. Остров', 0),
(466, '', '', '', 3, 'Ельский', 'Ремезовский', 'дер. Ремезы', 0),
(467, '', '', '', 3, 'Ельский', 'Ремезовский', 'дер. Шарин', 0),
(468, '', '', '', 3, 'Ельский', 'Скороднянский', 'дер. Баранцы', 0),
(469, '', '', '', 3, 'Ельский', 'Скороднянский', 'дер. Беки', 0),
(470, '', '', '', 3, 'Ельский', 'Скороднянский', 'дер. Демиды', 0),
(471, '', '', '', 3, 'Ельский', 'Скороднянский', 'дер. Сизаны', 0),
(472, '', '', '', 3, 'Ельский', 'Старовысоковский', 'дер. Будки', 0),
(473, '', '', '', 3, 'Ельский', 'Старовысоковский', 'дер. Верхи', 0),
(474, '', '', '', 3, 'Ельский', 'Старовысоковский', 'дер. Дуброва', 0),
(475, '', '', '', 3, 'Ельский', 'Старовысоковский', 'агрогородок Заширье', 0),
(476, '', '', '', 3, 'Ельский', 'Старовысоковский', 'дер. Лукавцы', 0),
(477, '', '', '', 3, 'Ельский', 'Старовысоковский', 'дер. Миколаевка', 0),
(478, '', '', '', 3, 'Ельский', 'Старовысоковский', 'дер. Новое Высокое', 0),
(479, '', '', '', 3, 'Ельский', 'Старовысоковский', 'дер. Павловка', 0),
(480, '', '', '', 3, 'Ельский', 'Старовысоковский', 'дер. Прочемышля', 0),
(481, '', '', '', 3, 'Ельский', 'Старовысоковский', 'агрогородок Старое Высокое', 0),
(482, '', '', '', 3, 'Житковичский', 'районное подчинение', 'пос. Западный', 0),
(483, '', '', '', 3, 'Житковичский', 'районное подчинение', 'дер. Оцкованое', 0),
(484, '', '', '', 3, 'Житковичский', 'Ленинский', 'дер. Большие Стеблевичи', 0),
(485, '', '', '', 3, 'Житковичский', 'Ленинский', 'дер. Буды', 0),
(486, '', '', '', 3, 'Житковичский', 'Ленинский', 'дер. Гричиновичи', 0),
(487, '', '', '', 3, 'Житковичский', 'Ленинский', 'дер. Ельно', 0),
(488, '', '', '', 3, 'Житковичский', 'Ленинский', 'дер. Корчеватка', 0),
(489, '', '', '', 3, 'Житковичский', 'Ленинский', 'агрогородок Ленин', 0),
(490, '', '', '', 3, 'Житковичский', 'Ленинский', 'дер. Малые Стеблевичи', 0),
(491, '', '', '', 3, 'Житковичский', 'Ленинский', 'дер. Сукачи', 0),
(492, '', '', '', 3, 'Житковичский', 'Люденевичский', 'дер. Березина', 0),
(493, '', '', '', 3, 'Житковичский', 'Люденевичский', 'дер. Дедовка', 0),
(494, '', '', '', 3, 'Житковичский', 'Люденевичский', 'дер. Загорбашье', 0),
(495, '', '', '', 3, 'Житковичский', 'Люденевичский', 'дер. Калиновка', 0),
(496, '', '', '', 3, 'Житковичский', 'Люденевичский', 'агрогородок Люденевичи', 0),
(497, '', '', '', 3, 'Житковичский', 'Люденевичский', 'дер. Селко', 0),
(498, '', '', '', 3, 'Житковичский', 'Озеранский', 'дер. Бечанская Буда', 0),
(499, '', '', '', 3, 'Житковичский', 'Рудненский', 'дер. Гребень', 0),
(500, '', '', '', 3, 'Житковичский', 'Рудненский', 'пос. Красная Зорька', 0),
(501, '', '', '', 3, 'Житковичский', 'Рудненский', 'дер. Остранка', 0),
(502, '', '', '', 3, 'Житковичский', 'Рудненский', 'дер. Рудня', 0),
(503, '', '', '', 3, 'Житковичский', 'Рычевский', 'дер. Бережцы', 0),
(504, '', '', '', 3, 'Житковичский', 'Рычевский', 'дер. Ричёв', 0),
(505, '', '', '', 3, 'Житковичский', 'Рычевский', 'дер. Семурадцы', 0),
(506, '', '', '', 3, 'Житковичский', 'Рычевский', 'дер. Сторожовцы', 0),
(507, '', '', '', 3, 'Житковичский', 'Рычевский', 'дер. Хильчицы', 0),
(508, '', '', '', 3, 'Житковичский', 'Рычевский', 'дер. Хочень', 0),
(509, '', '', '', 3, 'Житковичский', 'Юркевичский', 'дер. Белое', 0),
(510, '', '', '', 3, 'Житковичский', 'Юркевичский', 'дер. Боровая', 0),
(511, '', '', '', 3, 'Житковичский', 'Юркевичский', 'дер. Песчаники', 0),
(512, '', '', '', 3, 'Житковичский', 'Юркевичский', 'дер. Подвостье', 0),
(513, '', '', '', 3, 'Жлобинский', 'Кировский', 'агрогородок Бобовка', 0),
(514, '', '', '', 3, 'Жлобинский', 'Кировский', 'дер. Борщевка', 0),
(515, '', '', '', 3, 'Жлобинский', 'Кировский', 'дер. Долина', 0),
(516, '', '', '', 3, 'Жлобинский', 'Кировский', 'агрогородок Кирово', 0),
(517, '', '', '', 3, 'Жлобинский', 'Кировский', 'дер. Луговая Вирня', 0),
(518, '', '', '', 3, 'Жлобинский', 'Кировский', 'дер. Осиновка', 0),
(519, '', '', '', 3, 'Жлобинский', 'Кировский', 'дер. Подлесье', 0),
(520, '', '', '', 3, 'Жлобинский', 'Кировский', 'дер. Селивоновка', 0),
(521, '', '', '', 3, 'Жлобинский', 'Кировский', 'дер. Шапарня', 0),
(522, '', '', '', 3, 'Жлобинский', 'Майский', 'пос. Александровка', 0),
(523, '', '', '', 3, 'Жлобинский', 'Майский', 'дер. Антоновка', 0),
(524, '', '', '', 3, 'Жлобинский', 'Майский', 'дер. Денисковичи', 0),
(525, '', '', '', 3, 'Жлобинский', 'Майский', 'агрогородок Майское', 0),
(526, '', '', '', 3, 'Жлобинский', 'Майский', 'пос. Малые Козловичи', 0),
(527, '', '', '', 3, 'Жлобинский', 'Майский', 'пос. Осое', 0),
(528, '', '', '', 3, 'Жлобинский', 'Майский', 'дер. Цупер', 0),
(529, '', '', '', 3, 'Жлобинский', 'Майский', 'дер. Черная Вирня', 0),
(530, '', '', '', 3, 'Жлобинский', 'Октябрьский', 'дер. Октябрь', 0),
(531, '', '', '', 3, 'Жлобинский', 'Октябрьский', 'дер. Проскурни', 0),
(532, '', '', '', 3, 'Жлобинский', 'Пиревичский', 'пос. Верный', 0),
(533, '', '', '', 3, 'Жлобинский', 'Пиревичский', 'дер. Круговец', 0),
(534, '', '', '', 3, 'Жлобинский', 'Пиревичский', 'пос. Любовь', 0),
(535, '', '', '', 3, 'Жлобинский', 'Пиревичский', 'дер. Новая Слобода', 0),
(536, '', '', '', 3, 'Жлобинский', 'Пиревичский', 'агрогородок Пиревичи', 0),
(537, '', '', '', 3, 'Жлобинский', 'Пиревичский', 'дер. Руденка', 0),
(538, '', '', '', 3, 'Жлобинский', 'Пиревичский', 'дер. Салтановка', 0),
(539, '', '', '', 3, 'Жлобинский', 'Солонский', 'дер. Большие Роги', 0),
(540, '', '', '', 3, 'Жлобинский', 'Солонский', 'дер. Малые Роги', 0),
(541, '', '', '', 3, 'Жлобинский', 'Староруднянский', 'дер. Барановка', 0),
(542, '', '', '', 3, 'Жлобинский', 'Староруднянский', 'пос. Глушица', 0),
(543, '', '', '', 3, 'Жлобинский', 'Староруднянский', 'дер. Завод', 0),
(544, '', '', '', 3, 'Жлобинский', 'Староруднянский', 'дер. Колыбовка', 0),
(545, '', '', '', 3, 'Жлобинский', 'Староруднянский', 'пос. Осиновица', 0),
(546, '', '', '', 3, 'Жлобинский', 'Староруднянский', 'дер. Советская', 0),
(547, '', '', '', 3, 'Жлобинский', 'Староруднянский', 'дер. Старая Рудня', 0),
(548, '', '', '', 3, 'Жлобинский', 'Староруднянский', 'пос. Хальч', 0),
(549, '', '', '', 3, 'Жлобинский', 'Староруднянский', 'дер. Четверня', 0),
(550, '', '', '', 3, 'Калинковичский', 'Березовский', 'дер. Березовка', 0),
(551, '', '', '', 3, 'Калинковичский', 'Березовский', 'дер. Боец', 0),
(552, '', '', '', 3, 'Калинковичский', 'Березовский', 'дер. Водовичи', 0),
(553, '', '', '', 3, 'Калинковичский', 'Березовский', 'дер. Ленино', 0),
(554, '', '', '', 3, 'Калинковичский', 'Березовский', 'дер. Обуховщина', 0),
(555, '', '', '', 3, 'Калинковичский', 'Березовский', 'дер. Огородники', 0),
(556, '', '', '', 3, 'Калинковичский', 'Березовский', 'дер. Слободка', 0),
(557, '', '', '', 3, 'Калинковичский', 'Березовский', 'дер. Ужинец', 0),
(558, '', '', '', 3, 'Калинковичский', 'Березовский', 'дер. Черновщина', 0),
(559, '', '', '', 3, 'Калинковичский', 'Великоавтюковский', 'дер. Боруск', 0),
(560, '', '', '', 3, 'Калинковичский', 'Великоавтюковский', 'дер. Великие Автюки', 0),
(561, '', '', '', 3, 'Калинковичский', 'Великоавтюковский', 'дер. Деревище', 0),
(562, '', '', '', 3, 'Калинковичский', 'Великоавтюковский', 'дер. Мутижар', 0),
(563, '', '', '', 3, 'Калинковичский', 'Великоавтюковский', 'дер. Хобное', 0),
(564, '', '', '', 3, 'Калинковичский', 'Горбовичский', 'дер. Рудня Антоновская', 0),
(565, '', '', '', 3, 'Калинковичский', 'Горбовичский', 'дер. Рудня Горбовичская', 0),
(566, '', '', '', 3, 'Калинковичский', 'Горочичский', 'дер. Руденька', 0),
(567, '', '', '', 3, 'Калинковичский', 'Горочичский', 'дер. Рудница', 0),
(568, '', '', '', 3, 'Калинковичский', 'Дудичский', 'дер. Вишар', 0),
(569, '', '', '', 3, 'Калинковичский', 'Дудичский', 'дер. Муравейница', 0),
(570, '', '', '', 3, 'Калинковичский', 'Дудичский', 'дер. Ситня', 0),
(571, '', '', '', 3, 'Калинковичский', 'Дудичский', 'дер. Смаглов', 0),
(572, '', '', '', 3, 'Калинковичский', 'Дудичский', 'дер. Смолянка', 0),
(573, '', '', '', 3, 'Калинковичский', 'Дудичский', 'дер. Юшки', 0),
(574, '', '', '', 3, 'Калинковичский', 'Зеленочский', 'дер. Корма', 0),
(575, '', '', '', 3, 'Калинковичский', 'Зеленочский', 'дер. Солоник', 0),
(576, '', '', '', 3, 'Калинковичский', 'Липовский', 'дер. Косетов', 0),
(577, '', '', '', 3, 'Калинковичский', 'Малоавтюковский', 'дер. Александровка', 0),
(578, '', '', '', 3, 'Калинковичский', 'Малоавтюковский', 'дер. Малые Автюки', 0),
(579, '', '', '', 3, 'Калинковичский', 'Наховский', 'дер. Замостье', 0),
(580, '', '', '', 3, 'Калинковичский', 'Наховский', 'дер. Лозки', 0),
(581, '', '', '', 3, 'Калинковичский', 'Наховский', 'дер. Лубное', 0),
(582, '', '', '', 3, 'Калинковичский', 'Наховский', 'пос. Наховский', 0),
(583, '', '', '', 3, 'Калинковичский', 'Наховский', 'дер. Селище', 0),
(584, '', '', '', 3, 'Калинковичский', 'Озаричский поселковый Совет', 'дер. Заболотье', 0),
(585, '', '', '', 3, 'Калинковичский', 'Савичский', 'дер. Староселье', 0),
(586, '', '', '', 3, 'Калинковичский', 'Сыродский', 'дер. Гулевичи', 0),
(587, '', '', '', 3, 'Калинковичский', 'Сыродский', 'дер. Ладыжин', 0),
(588, '', '', '', 3, 'Калинковичский', 'Сыродский', 'дер. Пеница', 0),
(589, '', '', '', 3, 'Калинковичский', 'Сыродский', 'агрогородок Сырод', 0),
(590, '', '', '', 3, 'Калинковичский', 'Чкаловский', 'дер. Золотуха', 0),
(591, '', '', '', 3, 'Калинковичский', 'Чкаловский', 'дер. Новинки', 0),
(592, '', '', '', 3, 'Калинковичский', 'Юровичский', 'дер. Гряда', 0),
(593, '', '', '', 3, 'Калинковичский', 'Юровичский', 'дер. Игнато-Фабияновка', 0),
(594, '', '', '', 3, 'Калинковичский', 'Юровичский', 'дер. Крышичи', 0),
(595, '', '', '', 3, 'Калинковичский', 'Юровичский', 'дер. Прудок', 0),
(596, '', '', '', 3, 'Калинковичский', 'Юровичский', 'дер. Шарейки', 0),
(597, '', '', '', 3, 'Калинковичский', 'Юровичский', 'агрогородок Юровичи', 0),
(598, '', '', '', 3, 'Калинковичский', 'Якимовичский', 'дер. Клинск', 0),
(599, '', '', '', 3, 'Кормянский', 'Барсуковский', 'агрогородок Барсуки', 0),
(600, '', '', '', 3, 'Кормянский', 'Барсуковский', 'дер. Белев', 0),
(601, '', '', '', 3, 'Кормянский', 'Барсуковский', 'дер. Новоселки', 0),
(602, '', '', '', 3, 'Кормянский', 'Барсуковский', 'дер. Реут', 0),
(603, '', '', '', 3, 'Кормянский', 'Барсуковский', 'дер. Тараховка', 0),
(604, '', '', '', 3, 'Кормянский', 'Боровобудский', 'агрогородок Боровая Буда', 0),
(605, '', '', '', 3, 'Кормянский', 'Боровобудский', 'дер. Городок', 0),
(606, '', '', '', 3, 'Кормянский', 'Боровобудский', 'дер. Струкачев', 0),
(607, '', '', '', 3, 'Кормянский', 'Ворновский', 'дер. Ворновка', 0),
(608, '', '', '', 3, 'Кормянский', 'Ворновский', 'дер. Енцы', 0),
(609, '', '', '', 3, 'Кормянский', 'Ворновский', 'дер. Ивановка', 0),
(610, '', '', '', 3, 'Кормянский', 'Ворновский', 'дер. Острая Корма', 0),
(611, '', '', '', 3, 'Кормянский', 'Каменский', 'дер. Бор', 0),
(612, '', '', '', 3, 'Кормянский', 'Каменский', 'дер. Кучин', 0),
(613, '', '', '', 3, 'Кормянский', 'Каменский', 'пос. Покровский', 0),
(614, '', '', '', 3, 'Кормянский', 'Коротьковский', 'дер. Корсунь', 0),
(615, '', '', '', 3, 'Кормянский', 'Литвиновичский', 'дер. Казимирово', 0),
(616, '', '', '', 3, 'Кормянский', 'Литвиновичский', 'дер. Почтовая Глинка', 0),
(617, '', '', '', 3, 'Кормянский', 'Лужковский', 'дер. Дубовица', 0),
(618, '', '', '', 3, 'Кормянский', 'Лужковский', 'дер. Жабин', 0),
(619, '', '', '', 3, 'Кормянский', 'Лужковский', 'агрогородок Лужок', 0),
(620, '', '', '', 3, 'Кормянский', 'Лужковский', 'дер. Михалевка', 0),
(621, '', '', '', 3, 'Кормянский', 'Лужковский', 'дер. Моторовка', 0),
(622, '', '', '', 3, 'Кормянский', 'Староградский', 'дер. Берестовец', 0),
(623, '', '', '', 3, 'Кормянский', 'Староградский', 'дер. Задубье', 0),
(624, '', '', '', 3, 'Кормянский', 'Староградский', 'дер. Лубянка', 0),
(625, '', '', '', 3, 'Кормянский', 'Староградский', 'дер. Пасека-Слободка', 0),
(626, '', '', '', 3, 'Кормянский', 'Староградский', 'дер. Петравичи', 0),
(627, '', '', '', 3, 'Кормянский', 'Староградский', 'дер. Староград', 0),
(628, '', '', '', 3, 'Кормянский', 'Староградский', 'агрогородок Хизов', 0),
(629, '', '', '', 3, 'Лельчицкий', 'районное подчинение', 'г.п. Лельчицы', 0),
(630, '', '', '', 3, 'Лельчицкий', 'Боровской', 'агрогородок Боровое', 0),
(631, '', '', '', 3, 'Лельчицкий', 'Боровской', 'дер. Картыничи', 0),
(632, '', '', '', 3, 'Лельчицкий', 'Боровской', 'дер. Марковское', 0),
(633, '', '', '', 3, 'Лельчицкий', 'Боровской', 'дер. Осенское', 0),
(634, '', '', '', 3, 'Лельчицкий', 'Боровской', 'дер. Руднище', 0),
(635, '', '', '', 3, 'Лельчицкий', 'Боровской', 'дер. Слободка', 0),
(636, '', '', '', 3, 'Лельчицкий', 'Боровской', 'дер. Тартак', 0),
(637, '', '', '', 3, 'Лельчицкий', 'Буйновичский', 'дер. Буда-Софиевка', 0),
(638, '', '', '', 3, 'Лельчицкий', 'Буйновичский', 'агрогородок Буйновичи', 0),
(639, '', '', '', 3, 'Лельчицкий', 'Буйновичский', 'дер. Забережница', 0),
(640, '', '', '', 3, 'Лельчицкий', 'Буйновичский', 'дер. Зарубаное', 0),
(641, '', '', '', 3, 'Лельчицкий', 'Буйновичский', 'дер. Заходы', 0),
(642, '', '', '', 3, 'Лельчицкий', 'Буйновичский', 'дер. Крупка', 0),
(643, '', '', '', 3, 'Лельчицкий', 'Буйновичский', 'дер. Лисное', 0),
(644, '', '', '', 3, 'Лельчицкий', 'Буйновичский', 'дер. Первомайск', 0),
(645, '', '', '', 3, 'Лельчицкий', 'Буйновичский', 'дер. Синицкое Поле', 0),
(646, '', '', '', 3, 'Лельчицкий', 'Буйновичский', 'дер. Углы', 0),
(647, '', '', '', 3, 'Лельчицкий', 'Буйновичский', 'пос. Чапаевский', 0),
(648, '', '', '', 3, 'Лельчицкий', 'Глушковичский', 'агрогородок Глушковичи', 0),
(649, '', '', '', 3, 'Лельчицкий', 'Гребеневский', 'дер. Вязовая', 0),
(650, '', '', '', 3, 'Лельчицкий', 'Гребеневский', 'дер. Гребени', 0),
(651, '', '', '', 3, 'Лельчицкий', 'Гребеневский', 'дер. Жмурное', 0),
(652, '', '', '', 3, 'Лельчицкий', 'Гребеневский', 'дер. Запесочное', 0),
(653, '', '', '', 3, 'Лельчицкий', 'Гребеневский', 'дер. Ковыжев', 0),
(654, '', '', '', 3, 'Лельчицкий', 'Гребеневский', 'дер. Лохница', 0),
(655, '', '', '', 3, 'Лельчицкий', 'Гребеневский', 'дер. Мехач', 0),
(656, '', '', '', 3, 'Лельчицкий', 'Гребеневский', 'дер. Ольховая', 0),
(657, '', '', '', 3, 'Лельчицкий', 'Дзержинский', 'дер. Дзержинск', 0),
(658, '', '', '', 3, 'Лельчицкий', 'Дубровский', 'дер. Данилевичи', 0),
(659, '', '', '', 3, 'Лельчицкий', 'Дубровский', 'дер. Дубницкое', 0),
(660, '', '', '', 3, 'Лельчицкий', 'Дубровский', 'агрогородок Дуброва', 0),
(661, '', '', '', 3, 'Лельчицкий', 'Дубровский', 'дер. Заболотье', 0),
(662, '', '', '', 3, 'Лельчицкий', 'Дубровский', 'дер. Рубеж', 0),
(663, '', '', '', 3, 'Лельчицкий', 'Дубровский', 'пос. Сологубов', 0),
(664, '', '', '', 3, 'Лельчицкий', 'Лельчицкий', 'дер. Буда-Лельчицкая', 0),
(665, '', '', '', 3, 'Лельчицкий', 'Лельчицкий', 'агрогородок Липляны', 0),
(666, '', '', '', 3, 'Лельчицкий', 'Лельчицкий', 'дер. Победное', 0),
(667, '', '', '', 3, 'Лельчицкий', 'Лельчицкий', 'дер. Чемерное', 0),
(668, '', '', '', 3, 'Лельчицкий', 'Лельчицкий', 'дер. Чияне', 0),
(669, '', '', '', 3, 'Лельчицкий', 'Симоничский', 'дер. Дубровки', 0),
(670, '', '', '', 3, 'Лельчицкий', 'Симоничский', 'агрогородок Симоничи', 0),
(671, '', '', '', 3, 'Лельчицкий', 'Симоничский', 'дер. Симоничская Рудня', 0),
(672, '', '', '', 3, 'Лельчицкий', 'Симоничский', 'дер. Средние Печи', 0),
(673, '', '', '', 3, 'Лельчицкий', 'Симоничский', 'дер. Шугалеи', 0),
(674, '', '', '', 3, 'Лельчицкий', 'Стодоличский', 'дер. Забродье', 0),
(675, '', '', '', 3, 'Лельчицкий', 'Стодоличский', 'дер. Ручное', 0),
(676, '', '', '', 3, 'Лельчицкий', 'Стодоличский', 'агрогородок Стодоличи', 0),
(677, '', '', '', 3, 'Лельчицкий', 'Тонежский', 'дер. Симоничский Млынок', 0),
(678, '', '', '', 3, 'Лельчицкий', 'Ударненский', 'дер. Ветвица', 0),
(679, '', '', '', 3, 'Лельчицкий', 'Ударненский', 'дер. Краснобережье', 0),
(680, '', '', '', 3, 'Лельчицкий', 'Ударненский', 'дер. Манчицы', 0),
(681, '', '', '', 3, 'Лельчицкий', 'Ударненский', 'дер. Новое Полесье', 0),
(682, '', '', '', 3, 'Лельчицкий', 'Ударненский', 'агрогородок Ударное', 0),
(683, '', '', '', 3, 'Лоевский', 'Бывальковский', 'пос. Будище', 0),
(684, '', '', '', 3, 'Лоевский', 'Бывальковский', 'дер. Бывальки', 0),
(685, '', '', '', 3, 'Лоевский', 'Бывальковский', 'дер. Городок', 0),
(686, '', '', '', 3, 'Лоевский', 'Бывальковский', 'дер. Добрый Рог', 0),
(687, '', '', '', 3, 'Лоевский', 'Бывальковский', 'пос. Майск', 0),
(688, '', '', '', 3, 'Лоевский', 'Бывальковский', 'агрогородок Севки', 0),
(689, '', '', '', 3, 'Лоевский', 'Бывальковский', 'дер. Тростенец', 0),
(690, '', '', '', 3, 'Лоевский', 'Колпенский', 'дер. Козероги', 0),
(691, '', '', '', 3, 'Лоевский', 'Колпенский', 'дер. Крупейки', 0),
(692, '', '', '', 3, 'Лоевский', 'Малиновский', 'пос. Бодрый', 0),
(693, '', '', '', 3, 'Лоевский', 'Малиновский', 'дер. Буда Петрицкая', 0),
(694, '', '', '', 3, 'Лоевский', 'Малиновский', 'дер. Вышков Бурицкое', 0),
(695, '', '', '', 3, 'Лоевский', 'Малиновский', 'дер. Иваньков', 0),
(696, '', '', '', 3, 'Лоевский', 'Малиновский', 'дер. Новая Борщёвка', 0),
(697, '', '', '', 3, 'Лоевский', 'Малиновский', 'дер. Островы', 0),
(698, '', '', '', 3, 'Лоевский', 'Малиновский', 'дер. Удалевка', 0),
(699, '', '', '', 3, 'Лоевский', 'Ручаевский', 'дер. Грохов', 0),
(700, '', '', '', 3, 'Лоевский', 'Ручаевский', 'дер. Димамерки', 0),
(701, '', '', '', 3, 'Лоевский', 'Ручаевский', 'дер. Корчемка', 0),
(702, '', '', '', 3, 'Лоевский', 'Ручаевский', 'дер. Новая Олешковка', 0),
(703, '', '', '', 3, 'Лоевский', 'Ручаевский', 'дер. Новокузнечная', 0),
(704, '', '', '', 3, 'Лоевский', 'Ручаевский', 'дер. Ручаевка', 0),
(705, '', '', '', 3, 'Лоевский', 'Уборковский', 'дер. Волкошанка', 0),
(706, '', '', '', 3, 'Лоевский', 'Уборковский', 'дер. Громыки', 0),
(707, '', '', '', 3, 'Лоевский', 'Уборковский', 'дер. Михалевка', 0),
(708, '', '', '', 3, 'Лоевский', 'Уборковский', 'пос. Райск', 0),
(709, '', '', '', 3, 'Лоевский', 'Уборковский', 'пос. Смелый', 0),
(710, '', '', '', 3, 'Лоевский', 'Уборковский', 'дер. Уборок', 0),
(711, '', '', '', 3, 'Лоевский', 'Уборковский', 'дер. Ястребка', 0),
(712, '', '', '', 3, 'Мозырский', 'Барбаровский', 'дер. Барбаров', 0),
(713, '', '', '', 3, 'Мозырский', 'Барбаровский', 'дер. Верхний Млынок', 0),
(714, '', '', '', 3, 'Мозырский', 'Барбаровский', 'дер. Горная', 0),
(715, '', '', '', 3, 'Мозырский', 'Барбаровский', 'пос. Красная Горка', 0),
(716, '', '', '', 3, 'Мозырский', 'Барбаровский', 'дер. Нижний Млынок', 0),
(717, '', '', '', 3, 'Мозырский', 'Барбаровский', 'пос. Новая Нива', 0),
(718, '', '', '', 3, 'Мозырский', 'Барбаровский', 'пос. Передовой', 0),
(719, '', '', '', 3, 'Мозырский', 'Барбаровский', 'пос. Прогресс', 0),
(720, '', '', '', 3, 'Мозырский', 'Каменский', 'дер. Антоновка', 0),
(721, '', '', '', 3, 'Мозырский', 'Каменский', 'дер. Березовка', 0),
(722, '', '', '', 3, 'Мозырский', 'Каменский', 'дер. Васьковка', 0),
(723, '', '', '', 3, 'Мозырский', 'Каменский', 'дер. Великий Боков', 0),
(724, '', '', '', 3, 'Мозырский', 'Каменский', 'дер. Гостов', 0),
(725, '', '', '', 3, 'Мозырский', 'Каменский', 'дер. Зеленка', 0),
(726, '', '', '', 3, 'Мозырский', 'Каменский', 'дер. Иванковщина', 0),
(727, '', '', '', 3, 'Мозырский', 'Каменский', 'дер. Мелешковичи', 0),
(728, '', '', '', 3, 'Мозырский', 'Каменский', 'дер. Млынок', 0),
(729, '', '', '', 3, 'Мозырский', 'Каменский', 'дер. Свириновка', 0),
(730, '', '', '', 3, 'Мозырский', 'Козенский', 'дер. Бобренята', 0),
(731, '', '', '', 3, 'Мозырский', 'Козенский', 'дер. Нагорные', 0),
(732, '', '', '', 3, 'Мозырский', 'Козенский', 'дер. Новики', 0),
(733, '', '', '', 3, 'Мозырский', 'Козенский', 'дер. Раевские', 0),
(734, '', '', '', 3, 'Мозырский', 'Криничный', 'дер. Акулинка', 0),
(735, '', '', '', 3, 'Мозырский', 'Криничный', 'дер. Бибики', 0),
(736, '', '', '', 3, 'Мозырский', 'Криничный', 'дер. Гурины', 0),
(737, '', '', '', 3, 'Мозырский', 'Криничный', 'дер. Лубня', 0),
(738, '', '', '', 3, 'Мозырский', 'Криничный', 'дер. Матрунки', 0),
(739, '', '', '', 3, 'Мозырский', 'Криничный', 'хутор Моложево', 0),
(740, '', '', '', 3, 'Мозырский', 'Криничный', 'дер. Стрельск', 0),
(741, '', '', '', 3, 'Мозырский', 'Махновичский', 'дер. Дербинка', 0),
(742, '', '', '', 3, 'Мозырский', 'Махновичский', 'дер. Заболотье', 0),
(743, '', '', '', 3, 'Мозырский', 'Махновичский', 'дер. Заводный Остров', 0),
(744, '', '', '', 3, 'Мозырский', 'Махновичский', 'дер. Зеленый Мох', 0),
(745, '', '', '', 3, 'Мозырский', 'Махновичский', 'дер. Махновичи', 0),
(746, '', '', '', 3, 'Мозырский', 'Махновичский', 'дер. Подлядичи', 0),
(747, '', '', '', 3, 'Мозырский', 'Михалковский', 'дер. Ляховцы', 0),
(748, '', '', '', 3, 'Мозырский', 'Михалковский', 'дер. Малый Боков', 0),
(749, '', '', '', 3, 'Мозырский', 'Михалковский', 'дер. Митьки', 0),
(750, '', '', '', 3, 'Мозырский', 'Михалковский', 'дер. Провтюки', 0),
(751, '', '', '', 3, 'Мозырский', 'Михалковский', 'дер. Рудня', 0),
(752, '', '', '', 3, 'Мозырский', 'Михалковский', 'дер. Староселье', 0),
(753, '', '', '', 3, 'Мозырский', 'Осовецкий', 'дер. Гиневичев Груд', 0),
(754, '', '', '', 3, 'Мозырский', 'Прудковский', 'дер. Загорины', 0),
(755, '', '', '', 3, 'Мозырский', 'Прудковский', 'дер. Мерабель', 0),
(756, '', '', '', 3, 'Мозырский', 'Слободской', 'дер. Буда Казимировская', 0),
(757, '', '', '', 3, 'Наровлянский', 'Кировский', 'дер. Александровка', 0),
(758, '', '', '', 3, 'Наровлянский', 'Кировский', 'дер. Братское', 0),
(759, '', '', '', 3, 'Наровлянский', 'Кировский', 'дер. Буда Красновская', 0),
(760, '', '', '', 3, 'Наровлянский', 'Кировский', 'дер. Дятлик', 0),
(761, '', '', '', 3, 'Наровлянский', 'Кировский', 'дер. Красновка', 0),
(762, '', '', '', 3, 'Петриковский', 'Мышанский', 'дер. Старые Кацуры', 0),
(763, '', '', '', 3, 'Речицкий', 'районное подчинение', 'г. Речица', 0),
(764, '', '', '', 3, 'Речицкий', 'районное подчинение', 'г. Василевичи', 0),
(765, '', '', '', 3, 'Речицкий', 'Бабичский', 'агрогородок Бабичи', 0),
(766, '', '', '', 3, 'Речицкий', 'Бабичский', 'хутор Бабичи', 0),
(767, '', '', '', 3, 'Речицкий', 'Бабичский', 'дер. Головки', 0),
(768, '', '', '', 3, 'Речицкий', 'Белоболотский', 'агрогородок Белое Болото', 0),
(769, '', '', '', 3, 'Речицкий', 'Белоболотский', 'дер. Гиров', 0),
(770, '', '', '', 3, 'Речицкий', 'Белоболотский', 'дер. Глушец', 0),
(771, '', '', '', 3, 'Речицкий', 'Белоболотский', 'пос. Красный Октябрь', 0),
(772, '', '', '', 3, 'Речицкий', 'Белоболотский', 'дер. Пескополье', 0),
(773, '', '', '', 3, 'Речицкий', 'Белоболотский', 'дер. Столпня-1', 0),
(774, '', '', '', 3, 'Речицкий', 'Белоболотский', 'дер. Черное', 0),
(775, '', '', '', 3, 'Речицкий', 'Борщевский', 'дер. Абрамовка', 0),
(776, '', '', '', 3, 'Речицкий', 'Борщевский', 'дер. Александровка', 0),
(777, '', '', '', 3, 'Речицкий', 'Борщевский', 'пос. Бобры', 0),
(778, '', '', '', 3, 'Речицкий', 'Борщевский', 'дер. Борхов', 0),
(779, '', '', '', 3, 'Речицкий', 'Борщевский', 'дер. Грановка', 0),
(780, '', '', '', 3, 'Речицкий', 'Борщевский', 'дер. Дунай', 0),
(781, '', '', '', 3, 'Речицкий', 'Борщевский', 'дер. Заселье', 0),
(782, '', '', '', 3, 'Речицкий', 'Борщевский', 'дер. Копань', 0),
(783, '', '', '', 3, 'Речицкий', 'Борщевский', 'пос. Красная Слобода', 0),
(784, '', '', '', 3, 'Речицкий', 'Борщевский', 'пос. Лески', 0),
(785, '', '', '', 3, 'Речицкий', 'Борщевский', 'дер. Сенная', 0),
(786, '', '', '', 3, 'Речицкий', 'Борщевский', 'дер. Ситняки', 0),
(787, '', '', '', 3, 'Речицкий', 'Борщевский', 'дер. Якимовка', 0),
(788, '', '', '', 3, 'Речицкий', 'Борщевский', 'пос. Якимовка', 0),
(789, '', '', '', 3, 'Речицкий', 'Василевичский городской Совет', 'агрогородок Ведрич', 0),
(790, '', '', '', 3, 'Речицкий', 'Василевичский городской Совет', 'дер. Закрошинский мох', 0),
(791, '', '', '', 3, 'Речицкий', 'Василевичский городской Совет', 'дер. Рассвет', 0),
(792, '', '', '', 3, 'Речицкий', 'Вышемирский', 'агрогородок Вышемир', 0),
(793, '', '', '', 3, 'Речицкий', 'Вышемирский', 'дер. Гончаров-Подел', 0),
(794, '', '', '', 3, 'Речицкий', 'Вышемирский', 'дер. Духановка', 0),
(795, '', '', '', 3, 'Речицкий', 'Вышемирский', 'дер. Дятловка', 0),
(796, '', '', '', 3, 'Речицкий', 'Вышемирский', 'дер. Летешин', 0),
(797, '', '', '', 3, 'Речицкий', 'Вышемирский', 'дер. Семеновка', 0),
(798, '', '', '', 3, 'Речицкий', 'Глыбовский', 'агрогородок Глыбов', 0),
(799, '', '', '', 3, 'Речицкий', 'Глыбовский', 'дер. Горваль', 0),
(800, '', '', '', 3, 'Речицкий', 'Глыбовский', 'дер. Горновка', 0),
(801, '', '', '', 3, 'Речицкий', 'Глыбовский', 'дер. Первое мая', 0),
(802, '', '', '', 3, 'Речицкий', 'Глыбовский', 'дер. Свидера', 0),
(803, '', '', '', 3, 'Речицкий', 'Глыбовский', 'дер. Старина', 0),
(804, '', '', '', 3, 'Речицкий', 'Жмуровский', 'дер. Бронное', 0),
(805, '', '', '', 3, 'Речицкий', 'Жмуровский', 'дер. Волчья Гора', 0),
(806, '', '', '', 3, 'Речицкий', 'Жмуровский', 'дер. Днепровец', 0),
(807, '', '', '', 3, 'Речицкий', 'Жмуровский', 'дер. Жмуровка', 0),
(808, '', '', '', 3, 'Речицкий', 'Жмуровский', 'дер. Ивановка', 0),
(809, '', '', '', 3, 'Речицкий', 'Жмуровский', 'дер. Казазаевка', 0),
(810, '', '', '', 3, 'Речицкий', 'Жмуровский', 'дер. Кирово', 0),
(811, '', '', '', 3, 'Речицкий', 'Жмуровский', 'дер. Красноземье', 0),
(812, '', '', '', 3, 'Речицкий', 'Жмуровский', 'дер. Пригородная', 0),
(813, '', '', '', 3, 'Речицкий', 'Заспенский', 'дер. Адамовка', 0),
(814, '', '', '', 3, 'Речицкий', 'Заспенский', 'дер. Велин', 0),
(815, '', '', '', 3, 'Речицкий', 'Заспенский', 'пос. Вишневка', 0),
(816, '', '', '', 3, 'Речицкий', 'Заспенский', 'пос. Восток', 0),
(817, '', '', '', 3, 'Речицкий', 'Заспенский', 'дер. Горошков', 0),
(818, '', '', '', 3, 'Речицкий', 'Заспенский', 'дер. Гостивель', 0),
(819, '', '', '', 3, 'Речицкий', 'Заспенский', 'пос. Залесье', 0),
(820, '', '', '', 3, 'Речицкий', 'Заспенский', 'агрогородок Заспа', 0),
(821, '', '', '', 3, 'Речицкий', 'Заспенский', 'пос. Иванище', 0),
(822, '', '', '', 3, 'Речицкий', 'Заспенский', 'дер. Казановка', 0),
(823, '', '', '', 3, 'Речицкий', 'Заспенский', 'пос. Калинин', 0),
(824, '', '', '', 3, 'Речицкий', 'Заспенский', 'пос. Красноселье', 0),
(825, '', '', '', 3, 'Речицкий', 'Заспенский', 'дер. Красный Мост', 0),
(826, '', '', '', 3, 'Речицкий', 'Заспенский', 'агрогородок Леваши', 0),
(827, '', '', '', 3, 'Речицкий', 'Заспенский', 'пос. Лобки', 0),
(828, '', '', '', 3, 'Речицкий', 'Заспенский', 'дер. Луначарск', 0),
(829, '', '', '', 3, 'Речицкий', 'Заспенский', 'дер. Май', 0),
(830, '', '', '', 3, 'Речицкий', 'Заспенский', 'пос. Орел', 0),
(831, '', '', '', 3, 'Речицкий', 'Заспенский', 'пос. Остров', 0),
(832, '', '', '', 3, 'Речицкий', 'Заспенский', 'пос. Подровное', 0),
(833, '', '', '', 3, 'Речицкий', 'Заспенский', 'дер. Свиридовичи', 0),
(834, '', '', '', 3, 'Речицкий', 'Заспенский', 'пос. Сокол', 0),
(835, '', '', '', 3, 'Речицкий', 'Заспенский', 'дер. Степановка', 0),
(836, '', '', '', 3, 'Речицкий', 'Заспенский', 'дер. Ямполь', 0),
(837, '', '', '', 3, 'Речицкий', 'Заспенский', 'дер. Яновка', 0),
(838, '', '', '', 3, 'Речицкий', 'Заходовский', 'дер. Елизаровичи', 0),
(839, '', '', '', 3, 'Речицкий', 'Заходовский', 'агрогородок Заходы', 0),
(840, '', '', '', 3, 'Речицкий', 'Заходовский', 'дер. Рудец', 0),
(841, '', '', '', 3, 'Речицкий', 'Защебьевский', 'дер. Глинная Слобода', 0),
(842, '', '', '', 3, 'Речицкий', 'Защебьевский', 'агрогородок Защебье', 0),
(843, '', '', '', 3, 'Речицкий', 'Защебьевский', 'дер. Макановичи', 0),
(844, '', '', '', 3, 'Речицкий', 'Комсомольский', 'дер. Балашевка', 0),
(845, '', '', '', 3, 'Речицкий', 'Комсомольский', 'дер. Крапивня', 0),
(846, '', '', '', 3, 'Речицкий', 'Короватичский', 'пос. Богдановка', 0),
(847, '', '', '', 3, 'Речицкий', 'Короватичский', 'дер. Будка', 0),
(848, '', '', '', 3, 'Речицкий', 'Короватичский', 'дер. Капоровка', 0),
(849, '', '', '', 3, 'Речицкий', 'Короватичский', 'агрогородок Короватичи', 0),
(850, '', '', '', 3, 'Речицкий', 'Короватичский', 'дер. Красная Дуброва', 0),
(851, '', '', '', 3, 'Речицкий', 'Короватичский', 'дер. Лазаревка', 0),
(852, '', '', '', 3, 'Речицкий', 'Короватичский', 'дер. Первомайск', 0),
(853, '', '', '', 3, 'Речицкий', 'Короватичский', 'пос. Прудище', 0),
(854, '', '', '', 3, 'Речицкий', 'Короватичский', 'дер. Тишковка', 0),
(855, '', '', '', 3, 'Речицкий', 'Лисковский', 'дер. Крынки', 0),
(856, '', '', '', 3, 'Речицкий', 'Лисковский', 'агрогородок Лиски', 0),
(857, '', '', '', 3, 'Речицкий', 'Лисковский', 'пос. Осовок', 0),
(858, '', '', '', 3, 'Речицкий', 'Новобарсукский', 'пос. Заря Свободы', 0),
(859, '', '', '', 3, 'Речицкий', 'Новобарсукский', 'дер. Лесное', 0),
(860, '', '', '', 3, 'Речицкий', 'Новобарсукский', 'дер. Малодуша', 0),
(861, '', '', '', 3, 'Речицкий', 'Новобарсукский', 'дер. Новый Барсук', 0),
(862, '', '', '', 3, 'Речицкий', 'Новобарсукский', 'дер. Сергеевка', 0),
(863, '', '', '', 3, 'Речицкий', 'Новобарсукский', 'дер. Старый Барсук', 0),
(864, '', '', '', 3, 'Речицкий', 'Озерщинский', 'дер. Борхов', 0),
(865, '', '', '', 3, 'Речицкий', 'Озерщинский', 'дер. Озерщина', 0),
(866, '', '', '', 3, 'Речицкий', 'Озерщинский', 'пос. Рудня', 0),
(867, '', '', '', 3, 'Речицкий', 'Озерщинский', 'дер. Унорица', 0),
(868, '', '', '', 3, 'Речицкий', 'Пересвятовский', 'пос. Борец', 0),
(869, '', '', '', 3, 'Речицкий', 'Пересвятовский', 'дер. Бугримовка', 0),
(870, '', '', '', 3, 'Речицкий', 'Пересвятовский', 'дер. Горивода', 0),
(871, '', '', '', 3, 'Речицкий', 'Пересвятовский', 'дер. Коростень', 0),
(872, '', '', '', 3, 'Речицкий', 'Пересвятовский', 'дер. Молчаны', 0),
(873, '', '', '', 3, 'Речицкий', 'Пересвятовский', 'дер. Осовец', 0),
(874, '', '', '', 3, 'Речицкий', 'Пересвятовский', 'агрогородок Пересвятое', 0),
(875, '', '', '', 3, 'Речицкий', 'Пересвятовский', 'пос. Подмостье', 0),
(876, '', '', '', 3, 'Речицкий', 'Пересвятовский', 'дер. Ребуса', 0),
(877, '', '', '', 3, 'Речицкий', 'Ровенскослободский', 'дер. Андреевка', 0),
(878, '', '', '', 3, 'Речицкий', 'Ровенскослободский', 'дер. Безуев', 0),
(879, '', '', '', 3, 'Речицкий', 'Ровенскослободский', 'дер. Березовка', 0),
(880, '', '', '', 3, 'Речицкий', 'Ровенскослободский', 'дер. Грудское', 0),
(881, '', '', '', 3, 'Речицкий', 'Ровенскослободский', 'дер. Пасека', 0),
(882, '', '', '', 3, 'Речицкий', 'Ровенскослободский', 'агрогородок Ровенская Слобода', 0),
(883, '', '', '', 3, 'Речицкий', 'Ровенскослободский', 'дер. Ровное', 0),
(884, '', '', '', 3, 'Речицкий', 'Ровенскослободский', 'дер. Романовка', 0),
(885, '', '', '', 3, 'Речицкий', 'Ровенскослободский', 'дер. Смагорин', 0),
(886, '', '', '', 3, 'Речицкий', 'Ровенскослободский', 'пос. Стражинский', 0),
(887, '', '', '', 3, 'Речицкий', 'Ровенскослободский', 'дер. Храбрый', 0),
(888, '', '', '', 3, 'Речицкий', 'Солтановский', 'дер. Антополь', 0),
(889, '', '', '', 3, 'Речицкий', 'Солтановский', 'дер. Демехи', 0),
(890, '', '', '', 3, 'Речицкий', 'Солтановский', 'дер. Деражня', 0),
(891, '', '', '', 3, 'Речицкий', 'Солтановский', 'пос. Днеприк', 0),
(892, '', '', '', 3, 'Речицкий', 'Солтановский', 'дер. Козье', 0),
(893, '', '', '', 3, 'Речицкий', 'Солтановский', 'дер. Новокрасное', 0),
(894, '', '', '', 3, 'Речицкий', 'Солтановский', 'агрогородок Солтаново', 0),
(895, '', '', '', 3, 'Речицкий', 'Солтановский', 'дер. Старокрасное', 0),
(896, '', '', '', 3, 'Речицкий', 'Солтановский', 'дер. Чирвоная Кветка', 0),
(897, '', '', '', 3, 'Речицкий', 'Холмечский', 'дер. Артуки', 0),
(898, '', '', '', 3, 'Речицкий', 'Холмечский', 'пос. Барбары', 0),
(899, '', '', '', 3, 'Речицкий', 'Холмечский', 'дер. Ветхинь', 0),
(900, '', '', '', 3, 'Речицкий', 'Холмечский', 'пос. Вознесенск', 0),
(901, '', '', '', 3, 'Речицкий', 'Холмечский', 'дер. Колочин', 0),
(902, '', '', '', 3, 'Речицкий', 'Холмечский', 'дер. Краснополье', 0),
(903, '', '', '', 3, 'Речицкий', 'Холмечский', 'пос. Кружок', 0),
(904, '', '', '', 3, 'Речицкий', 'Холмечский', 'пос. Ляховец', 0),
(905, '', '', '', 3, 'Речицкий', 'Холмечский', 'дер. Надвин', 0),
(906, '', '', '', 3, 'Речицкий', 'Холмечский', 'пос. Рельки', 0),
(907, '', '', '', 3, 'Речицкий', 'Холмечский', 'дер. Теребеевка', 0),
(908, '', '', '', 3, 'Рогачевский', 'Болотнянский', 'агрогородок Болотня', 0),
(909, '', '', '', 3, 'Рогачевский', 'Болотнянский', 'пос. Задворье', 0),
(910, '', '', '', 3, 'Рогачевский', 'Болотнянский', 'пос. Кристополье', 0),
(911, '', '', '', 3, 'Рогачевский', 'Болотнянский', 'пос. Лесное', 0),
(912, '', '', '', 3, 'Рогачевский', 'Болотнянский', 'дер. Моховая', 0),
(913, '', '', '', 3, 'Рогачевский', 'Болотнянский', 'дер. Новая Олешня', 0),
(914, '', '', '', 3, 'Рогачевский', 'Болотнянский', 'пос. Осов', 0),
(915, '', '', '', 3, 'Рогачевский', 'Болотнянский', 'дер. Старая Олешня', 0),
(916, '', '', '', 3, 'Рогачевский', 'Болотнянский', 'пос. Хвойник', 0),
(917, '', '', '', 3, 'Рогачевский', 'Гадиловичский', 'пос. Брод', 0),
(918, '', '', '', 3, 'Рогачевский', 'Гадиловичский', 'дер. Гадиловичи', 0),
(919, '', '', '', 3, 'Рогачевский', 'Гадиловичский', 'пос. Грабов', 0),
(920, '', '', '', 3, 'Рогачевский', 'Гадиловичский', 'пос. Долбцы', 0),
(921, '', '', '', 3, 'Рогачевский', 'Гадиловичский', 'пос. Дубрава', 0),
(922, '', '', '', 3, 'Рогачевский', 'Гадиловичский', 'пос. Казацкий', 0),
(923, '', '', '', 3, 'Рогачевский', 'Гадиловичский', 'пос. Камень', 0),
(924, '', '', '', 3, 'Рогачевский', 'Гадиловичский', 'дер. Княжинка', 0),
(925, '', '', '', 3, 'Рогачевский', 'Гадиловичский', 'дер. Красница', 0),
(926, '', '', '', 3, 'Рогачевский', 'Гадиловичский', 'дер. Кустовица', 0),
(927, '', '', '', 3, 'Рогачевский', 'Гадиловичский', 'пос. Мостки', 0),
(928, '', '', '', 3, 'Рогачевский', 'Гадиловичский', 'пос. Олейников', 0),
(929, '', '', '', 3, 'Рогачевский', 'Гадиловичский', 'дер. Турск', 0),
(930, '', '', '', 3, 'Рогачевский', 'Гадиловичский', 'пос. Турсковый', 0),
(931, '', '', '', 3, 'Рогачевский', 'Городецкий', 'дер. Буда', 0),
(932, '', '', '', 3, 'Рогачевский', 'Городецкий', 'дер. Великие Стрелки', 0),
(933, '', '', '', 3, 'Рогачевский', 'Городецкий', 'дер. Веточка', 0),
(934, '', '', '', 3, 'Рогачевский', 'Городецкий', 'дер. Вишенька', 0),
(935, '', '', '', 3, 'Рогачевский', 'Городецкий', 'дер. Высокое', 0),
(936, '', '', '', 3, 'Рогачевский', 'Городецкий', 'агрогородок Городец', 0),
(937, '', '', '', 3, 'Рогачевский', 'Городецкий', 'дер. Замокровье', 0),
(938, '', '', '', 3, 'Рогачевский', 'Городецкий', 'дер. Каменка', 0),
(939, '', '', '', 3, 'Рогачевский', 'Городецкий', 'дер. Малые Стрелки', 0),
(940, '', '', '', 3, 'Рогачевский', 'Дворецкий', 'дер. Гусаровка', 0),
(941, '', '', '', 3, 'Рогачевский', 'Дворецкий', 'дер. Зеленая Рунь', 0),
(942, '', '', '', 3, 'Рогачевский', 'Дворецкий', 'дер. Новая Кошара', 0),
(943, '', '', '', 3, 'Рогачевский', 'Довский', 'агрогородок Довск', 0),
(944, '', '', '', 3, 'Рогачевский', 'Довский', 'дер. Рощино', 0),
(945, '', '', '', 3, 'Рогачевский', 'Довский', 'дер. Серебрянка', 0),
(946, '', '', '', 3, 'Рогачевский', 'Довский', 'дер. Старый Довск', 0),
(947, '', '', '', 3, 'Рогачевский', 'Довский', 'дер. Федоровка', 0),
(948, '', '', '', 3, 'Рогачевский', 'Довский', 'дер. Хмеленец', 0),
(949, '', '', '', 3, 'Рогачевский', 'Журавичский', 'пос. Блюев', 0),
(950, '', '', '', 3, 'Рогачевский', 'Журавичский', 'дер. Гута', 0),
(951, '', '', '', 3, 'Рогачевский', 'Журавичский', 'дер. Драгунск', 0),
(952, '', '', '', 3, 'Рогачевский', 'Журавичский', 'пос. Заозерье', 0),
(953, '', '', '', 3, 'Рогачевский', 'Журавичский', 'дер. Канава', 0),
(954, '', '', '', 3, 'Рогачевский', 'Журавичский', 'пос. Пахарь', 0),
(955, '', '', '', 3, 'Рогачевский', 'Журавичский', 'пос. Поддубье', 0),
(956, '', '', '', 3, 'Рогачевский', 'Журавичский', 'пос. Прилеповка', 0),
(957, '', '', '', 3, 'Рогачевский', 'Журавичский', 'дер. Хатовня', 0),
(958, '', '', '', 3, 'Рогачевский', 'Заболотский', 'пос. Альсагорка', 0),
(959, '', '', '', 3, 'Рогачевский', 'Заболотский', 'агрогородок Лучин', 0),
(960, '', '', '', 3, 'Рогачевский', 'Заболотский', 'пос. Cверков', 0),
(961, '', '', '', 3, 'Рогачевский', 'Запольский', 'дер. Марусино', 0),
(962, '', '', '', 3, 'Рогачевский', 'Запольский', 'дер. Новоселье', 0),
(963, '', '', '', 3, 'Рогачевский', 'Запольский', 'дер. Новые Колосы', 0),
(964, '', '', '', 3, 'Рогачевский', 'Запольский', 'дер. Стреньки', 0),
(965, '', '', '', 3, 'Рогачевский', 'Зборовский', 'дер. Виков', 0),
(966, '', '', '', 3, 'Рогачевский', 'Зборовский', 'дер. Зборов', 0),
(967, '', '', '', 3, 'Рогачевский', 'Зборовский', 'дер. Ходосовичи', 0),
(968, '', '', '', 3, 'Рогачевский', 'Звонецкий', 'дер. Борхов', 0),
(969, '', '', '', 3, 'Рогачевский', 'Звонецкий', 'пос. Гумнище', 0),
(970, '', '', '', 3, 'Рогачевский', 'Звонецкий', 'дер. Дружба', 0),
(971, '', '', '', 3, 'Рогачевский', 'Звонецкий', 'пос. Ильич', 0),
(972, '', '', '', 3, 'Рогачевский', 'Кистеневский', 'дер. Вищин', 0),
(973, '', '', '', 3, 'Рогачевский', 'Кистеневский', 'пос. Днепровский', 0),
(974, '', '', '', 3, 'Рогачевский', 'Кистеневский', 'пос. Еленово', 0),
(975, '', '', '', 3, 'Рогачевский', 'Кистеневский', 'дер. Заезье', 0),
(976, '', '', '', 3, 'Рогачевский', 'Кистеневский', 'пос. Залозье', 0),
(977, '', '', '', 3, 'Рогачевский', 'Кистеневский', 'агрогородок Кистени', 0),
(978, '', '', '', 3, 'Рогачевский', 'Кистеневский', 'дер. Мадора', 0),
(979, '', '', '', 3, 'Рогачевский', 'Кистеневский', 'дер. Озерище', 0),
(980, '', '', '', 3, 'Рогачевский', 'Кистеневский', 'дер. Щибрин', 0),
(981, '', '', '', 3, 'Рогачевский', 'Кистеневский', 'пос. Янков Лог', 0),
(982, '', '', '', 3, 'Рогачевский', 'Курганский', 'дер. Березовый Гай', 0),
(983, '', '', '', 3, 'Рогачевский', 'Курганский', 'дер. Каменка', 0),
(984, '', '', '', 3, 'Рогачевский', 'Курганский', 'агрогородок Курганье', 0),
(985, '', '', '', 3, 'Рогачевский', 'Курганский', 'дер. Малашковичи', 0),
(986, '', '', '', 3, 'Рогачевский', 'Курганский', 'дер. Перекоп', 0),
(987, '', '', '', 3, 'Рогачевский', 'Курганский', 'дер. Рысков', 0),
(988, '', '', '', 3, 'Рогачевский', 'Курганский', 'дер. Старый Кривск', 0),
(989, '', '', '', 3, 'Рогачевский', 'Озеранский', 'пос. Дятловщина', 0),
(990, '', '', '', 3, 'Рогачевский', 'Озеранский', 'агрогородок Озераны', 0),
(991, '', '', '', 3, 'Рогачевский', 'Озеранский', 'дер. Ректа', 0),
(992, '', '', '', 3, 'Рогачевский', 'Старосельский', 'дер. Балаба', 0),
(993, '', '', '', 3, 'Рогачевский', 'Старосельский', 'дер. Гайдуковка', 0),
(994, '', '', '', 3, 'Рогачевский', 'Старосельский', 'пос. Кокотово', 0),
(995, '', '', '', 3, 'Рогачевский', 'Старосельский', 'пос. Новый Пахарь', 0),
(996, '', '', '', 3, 'Рогачевский', 'Старосельский', 'дер. Осиновка', 0),
(997, '', '', '', 3, 'Рогачевский', 'Старосельский', 'дер. Селец', 0),
(998, '', '', '', 3, 'Рогачевский', 'Старосельский', 'дер. Станьков', 0),
(999, '', '', '', 3, 'Рогачевский', 'Столпнянский', 'пос. Белицк', 0),
(1000, '', '', '', 3, 'Рогачевский', 'Столпнянский', 'дер. Мирная', 0),
(1001, '', '', '', 3, 'Рогачевский', 'Столпнянский', 'пос. Подбудье', 0),
(1002, '', '', '', 3, 'Рогачевский', 'Столпнянский', 'агрогородок Столпня', 0),
(1003, '', '', '', 3, 'Рогачевский', 'Столпнянский', 'дер. Углы', 0),
(1004, '', '', '', 3, 'Рогачевский', 'Столпнянский', 'дер. Химы', 0),
(1005, '', '', '', 3, 'Светлогорский', 'Красновский', 'дер. Василевка', 0),
(1006, '', '', '', 3, 'Светлогорский', 'Красновский', 'дер. Дражня', 0),
(1007, '', '', '', 3, 'Светлогорский', 'Красновский', 'дер. Королева Слобода-1', 0),
(1008, '', '', '', 3, 'Светлогорский', 'Красновский', 'дер. Королева Слобода-2', 0),
(1009, '', '', '', 3, 'Светлогорский', 'Осташковичский', 'дер. Чкалово', 0),
(1010, '', '', '', 3, 'Светлогорский', 'Сосновоборский поселковый Совет', 'р.п. Сосновый Бор', 0),
(1011, '', '', '', 3, 'Хойникский', 'Алексичский', 'агрогородок Глинище', 0),
(1012, '', '', '', 3, 'Хойникский', 'Алексичский', 'пос. Рабец', 0),
(1013, '', '', '', 3, 'Хойникский', 'Великоборский', 'агрогородок Великий Бор', 0),
(1014, '', '', '', 3, 'Хойникский', 'Великоборский', 'дер. Избынь', 0),
(1015, '', '', '', 3, 'Хойникский', 'Великоборский', 'дер. Осов', 0),
(1016, '', '', '', 3, 'Хойникский', 'Великоборский', 'дер. Партизанская', 0),
(1017, '', '', '', 3, 'Хойникский', 'Великоборский', 'пос. Хвойная Поляна', 0),
(1018, '', '', '', 3, 'Хойникский', 'Поселичский', 'дер. Корчевое', 0),
(1019, '', '', '', 3, 'Хойникский', 'Поселичский', 'пос. Октябрь', 0),
(1020, '', '', '', 3, 'Хойникский', 'Судковский', 'дер. Козелужье', 0),
(1021, '', '', '', 3, 'Чечерский', 'Залесский', 'дер. Каменка', 0),
(1022, '', '', '', 3, 'Чечерский', 'Залесский', 'пос. Томино', 0),
(1023, '', '', '', 3, 'Чечерский', 'Ленинский', 'пос. Михайловский', 0),
(1024, '', '', '', 3, 'Чечерский', 'Ленинский', 'дер. Средние Малыничи', 0),
(1025, '', '', '', 3, 'Чечерский', 'Ленинский', 'дер. Старые Малыничи', 0),
(1026, '', '', '', 3, 'Чечерский', 'Меркуловичский', 'пос. Алес', 0),
(1027, '', '', '', 3, 'Чечерский', 'Меркуловичский', 'агрогородок Ботвиново', 0),
(1028, '', '', '', 3, 'Чечерский', 'Меркуловичский', 'дер. Ветвица', 0),
(1029, '', '', '', 3, 'Чечерский', 'Меркуловичский', 'пос. Красница', 0),
(1030, '', '', '', 3, 'Чечерский', 'Меркуловичский', 'агрогородок Меркуловичи', 0),
(1031, '', '', '', 3, 'Чечерский', 'Меркуловичский', 'дер. Осиновка', 0),
(1032, '', '', '', 3, 'Чечерский', 'Меркуловичский', 'дер. Причалесня', 0),
(1033, '', '', '', 3, 'Чечерский', 'Меркуловичский', 'дер. Прогресс', 0),
(1034, '', '', '', 3, 'Чечерский', 'Меркуловичский', 'дер. Шиловичи', 0),
(1035, '', '', '', 3, 'Чечерский', 'Меркуловичский', 'дер. Широкое', 0),
(1036, '', '', '', 3, 'Чечерский', 'Нисимковичский', 'дер. Бабичи', 0),
(1037, '', '', '', 3, 'Чечерский', 'Нисимковичский', 'дер. Волосовичи', 0),
(1038, '', '', '', 3, 'Чечерский', 'Нисимковичский', 'пос. Гаек', 0),
(1039, '', '', '', 3, 'Чечерский', 'Нисимковичский', 'пос. Дзержинский', 0),
(1040, '', '', '', 3, 'Чечерский', 'Нисимковичский', 'пос. Ивановка', 0),
(1041, '', '', '', 3, 'Чечерский', 'Нисимковичский', 'пос. Ключевой', 0),
(1042, '', '', '', 3, 'Чечерский', 'Нисимковичский', 'пос. Передовик', 0),
(1043, '', '', '', 3, 'Чечерский', 'Нисимковичский', 'дер. Рудня-Бартоломеевская', 0),
(1044, '', '', '', 3, 'Чечерский', 'Нисимковичский', 'дер. Рудня Нисимковичская', 0),
(1045, '', '', '', 3, 'Чечерский', 'Нисимковичский', 'пос. Усошное', 0),
(1046, '', '', '', 3, 'Чечерский', 'Оторский', 'пос. Брилев', 0),
(1047, '', '', '', 3, 'Чечерский', 'Оторский', 'дер. Глубочица', 0),
(1048, '', '', '', 3, 'Чечерский', 'Оторский', 'пос. Городок', 0),
(1049, '', '', '', 3, 'Чечерский', 'Оторский', 'пос. Единство', 0),
(1050, '', '', '', 3, 'Чечерский', 'Оторский', 'дер. Октябрь', 0),
(1051, '', '', '', 3, 'Чечерский', 'Оторский', 'пос. Покровский', 0),
(1052, '', '', '', 3, 'Чечерский', 'Оторский', 'дер. Саприки', 0),
(1053, '', '', '', 3, 'Чечерский', 'Оторский', 'дер. Старая Яцковщина', 0),
(1054, '', '', '', 3, 'Чечерский', 'Оторский', 'дер. Турищевичи', 0),
(1055, '', '', '', 3, 'Чечерский', 'Оторский', 'пос. Юнный', 0),
(1056, '', '', '', 3, 'Чечерский', 'Полесский', 'пос. Барсуки', 0),
(1057, '', '', '', 3, 'Чечерский', 'Полесский', 'пос. Коммунар', 0),
(1058, '', '', '', 3, 'Чечерский', 'Полесский', 'пос. Новая Деревня', 0),
(1059, '', '', '', 3, 'Чечерский', 'Ровковичский', 'дер. Кураки', 0),
(1060, '', '', '', 3, 'Чечерский', 'Ровковичский', 'агрогородок Мотневичи', 0),
(1061, '', '', '', 3, 'Чечерский', 'Ровковичский', 'пос. Репище', 0),
(1062, '', '', '', 3, 'Чечерский', 'Ровковичский', 'пос. Ржавец', 0),
(1063, '', '', '', 3, 'Брагинский', 'районное подчинение', 'г.п. Брагин', 0),
(1064, '', '', '', 3, 'Брагинский', 'районное подчинение', 'г.п. Комарин', 0),
(1065, '', '', '', 3, 'Брагинский', 'Бурковский', 'дер. Бакуны', 0),
(1066, '', '', '', 3, 'Брагинский', 'Бурковский', 'агрогородок Бурки', 0),
(1067, '', '', '', 3, 'Брагинский', 'Бурковский', 'дер. Дубровное', 0),
(1068, '', '', '', 3, 'Брагинский', 'Бурковский', 'дер. Ковали', 0),
(1069, '', '', '', 3, 'Брагинский', 'Бурковский', 'дер. Красная Гора', 0),
(1070, '', '', '', 3, 'Брагинский', 'Бурковский', 'дер. Маритон', 0),
(1071, '', '', '', 3, 'Брагинский', 'Бурковский', 'агрогородок Микуличи', 0),
(1072, '', '', '', 3, 'Брагинский', 'Бурковский', 'дер. Рыжков', 0),
(1073, '', '', '', 3, 'Брагинский', 'Бурковский', 'дер. Соболи', 0),
(1074, '', '', '', 3, 'Брагинский', 'Бурковский', 'дер. Чирвоное Поле', 0),
(1075, '', '', '', 3, 'Брагинский', 'Комаринский поселковый Совет', 'дер. Гдень', 0),
(1076, '', '', '', 3, 'Брагинский', 'Комаринский поселковый Совет', 'дер. Иванки', 0),
(1077, '', '', '', 3, 'Брагинский', 'Комаринский поселковый Совет', 'дер. Карловка', 0),
(1078, '', '', '', 3, 'Брагинский', 'Комаринский поселковый Совет', 'дер. Катичев', 0),
(1079, '', '', '', 3, 'Брагинский', 'Комаринский поселковый Совет', 'дер. Кирово', 0),
(1080, '', '', '', 3, 'Брагинский', 'Комаринский поселковый Совет', 'дер. Нижние Жары', 0),
(1081, '', '', '', 3, 'Брагинский', 'Малейковский', 'дер. Городище', 0),
(1082, '', '', '', 3, 'Брагинский', 'Малейковский', 'дер. Котловица', 0),
(1083, '', '', '', 3, 'Брагинский', 'Малейковский', 'дер. Малейки', 0),
(1084, '', '', '', 3, 'Брагинский', 'Малейковский', 'дер. Селец', 0),
(1085, '', '', '', 3, 'Брагинский', 'Малейковский', 'дер. Стежерное', 0),
(1086, '', '', '', 3, 'Брагинский', 'Малейковский', 'дер. Тельман', 0),
(1087, '', '', '', 3, 'Брагинский', 'Маложинский', 'дер. Алексеевка', 0),
(1088, '', '', '', 3, 'Брагинский', 'Маложинский', 'дер. Волоховщина', 0),
(1089, '', '', '', 3, 'Брагинский', 'Маложинский', 'дер. Дублин', 0),
(1090, '', '', '', 3, 'Брагинский', 'Маложинский', 'пос. Дубровка', 0),
(1091, '', '', '', 3, 'Брагинский', 'Маложинский', 'дер. Кривча', 0),
(1092, '', '', '', 3, 'Брагинский', 'Маложинский', 'пос. Ленинец', 0),
(1093, '', '', '', 3, 'Брагинский', 'Маложинский', 'дер. Переносы', 0),
(1094, '', '', '', 3, 'Брагинский', 'Новоиолченский', 'дер. Голубовка', 0),
(1095, '', '', '', 3, 'Брагинский', 'Угловский', 'дер. Ковака', 0),
(1096, '', '', '', 3, 'Брагинский', 'Угловский', 'дер. Команов', 0),
(1097, '', '', '', 3, 'Брагинский', 'Угловский', 'дер. Пожарки', 0),
(1098, '', '', '', 3, 'Брагинский', 'Угловский', 'дер. Теклинов', 0),
(1099, '', '', '', 3, 'Брагинский', 'Угловский', 'агрогородок Углы', 0),
(1100, '', '', '', 3, 'Брагинский', 'Угловский', 'дер. Шкураты', 0),
(1101, '', '', '', 3, 'Брагинский', 'Чемерисский', 'дер. Двор-Савичи', 0),
(1102, '', '', '', 3, 'Брагинский', 'Чемерисский', 'пос. Калининский', 0),
(1103, '', '', '', 3, 'Брагинский', 'Чемерисский', 'дер. Савичи', 0),
(1104, '', '', '', 3, 'Брагинский', 'Чемерисский', 'пос. Садовый', 0),
(1105, '', '', '', 3, 'Буда-Кошелевский', 'Коммунаровский', 'пос. Зимник', 0),
(1106, '', '', '', 3, 'Буда-Кошелевский', 'Кошелевский', 'пос. Великий Мох', 0),
(1107, '', '', '', 3, 'Буда-Кошелевский', 'Кошелевский', 'пос. Городище', 0),
(1108, '', '', '', 3, 'Буда-Кошелевский', 'Кошелевский', 'дер. Заречье', 0),
(1109, '', '', '', 3, 'Буда-Кошелевский', 'Кошелевский', 'дер. Кулешовка', 0),
(1110, '', '', '', 3, 'Буда-Кошелевский', 'Кошелевский', 'пос. Кулешово', 0),
(1111, '', '', '', 3, 'Буда-Кошелевский', 'Кошелевский', 'пос. Любица', 0),
(1112, '', '', '', 3, 'Буда-Кошелевский', 'Кошелевский', 'пос. Озеро-Пойма', 0),
(1113, '', '', '', 3, 'Буда-Кошелевский', 'Кошелевский', 'дер. Рудня Викторинская', 0),
(1114, '', '', '', 3, 'Буда-Кошелевский', 'Кошелевский', 'дер. Рудня Кошелёвская', 0),
(1115, '', '', '', 3, 'Буда-Кошелевский', 'Кошелевский', 'дер. Селец', 0),
(1116, '', '', '', 3, 'Буда-Кошелевский', 'Кошелевский', 'дер. Староселье', 0),
(1117, '', '', '', 3, 'Буда-Кошелевский', 'Липиничский', 'пос. Буда', 0),
(1118, '', '', '', 3, 'Буда-Кошелевский', 'Липиничский', 'дер. Струки', 0),
(1119, '', '', '', 3, 'Буда-Кошелевский', 'Октябрьский', 'дер. Броды', 0),
(1120, '', '', '', 3, 'Буда-Кошелевский', 'Октябрьский', 'дер. Бурлак', 0),
(1121, '', '', '', 3, 'Буда-Кошелевский', 'Октябрьский', 'агрогородок Октябрь', 0),
(1122, '', '', '', 3, 'Буда-Кошелевский', 'Октябрьский', 'дер. Пытьковка', 0),
(1123, '', '', '', 3, 'Буда-Кошелевский', 'Рогинский', 'дер. Коромка', 0),
(1124, '', '', '', 3, 'Буда-Кошелевский', 'Рогинский', 'дер. Слободка', 0),
(1125, '', '', '', 3, 'Буда-Кошелевский', 'Широковский', 'пос. Березовая Роща', 0),
(1126, '', '', '', 3, 'Буда-Кошелевский', 'Широковский', 'пос. Ерополье', 0),
(1127, '', '', '', 3, 'Буда-Кошелевский', 'Широковский', 'дер. Заболотье', 0),
(1128, '', '', '', 3, 'Буда-Кошелевский', 'Широковский', 'пос. Колос', 0),
(1129, '', '', '', 3, 'Буда-Кошелевский', 'Широковский', 'пос. Коминтерн', 0),
(1130, '', '', '', 3, 'Буда-Кошелевский', 'Широковский', 'пос. Красногорск', 0),
(1131, '', '', '', 3, 'Буда-Кошелевский', 'Широковский', 'пос. Кучинск', 0),
(1132, '', '', '', 3, 'Буда-Кошелевский', 'Широковский', 'пос. Черняцкая Поляна', 0),
(1133, '', '', '', 3, 'Ветковский', 'районное подчинение', 'г. Ветка', 0),
(1134, '', '', '', 3, 'Ветковский', 'районное подчинение', 'дер. Рудня-Споницкая', 0),
(1135, '', '', '', 3, 'Ветковский', 'районное подчинение', 'дер. Тарасовка', 0),
(1136, '', '', '', 3, 'Ветковский', 'районное подчинение', 'пос. Тумарин', 0),
(1137, '', '', '', 3, 'Ветковский', 'районное подчинение', 'дер. Чистые Лужи', 0),
(1138, '', '', '', 3, 'Ветковский', 'Великонемковский', 'дер. Антоновка', 0),
(1139, '', '', '', 3, 'Ветковский', 'Великонемковский', 'агрогородок Великие Немки', 0),
(1140, '', '', '', 3, 'Ветковский', 'Великонемковский', 'дер. Казацкие Болсуны', 0),
(1141, '', '', '', 3, 'Ветковский', 'Великонемковский', 'пос. Новомихайловка', 0),
(1142, '', '', '', 3, 'Ветковский', 'Великонемковский', 'дер. Победа', 0),
(1143, '', '', '', 3, 'Ветковский', 'Даниловичский', 'пос. Борки', 0),
(1144, '', '', '', 3, 'Ветковский', 'Даниловичский', 'агрогородок Даниловичи', 0),
(1145, '', '', '', 3, 'Ветковский', 'Даниловичский', 'дер. Замостье', 0),
(1146, '', '', '', 3, 'Ветковский', 'Даниловичский', 'пос. Зеленая Хвоя', 0),
(1147, '', '', '', 3, 'Ветковский', 'Даниловичский', 'пос. Красный Пахарь', 0),
(1148, '', '', '', 3, 'Ветковский', 'Даниловичский', 'пос. Первомайский', 0),
(1149, '', '', '', 3, 'Ветковский', 'Даниловичский', 'пос. Пролетарский', 0),
(1150, '', '', '', 3, 'Ветковский', 'Даниловичский', 'агрогородок Пыхань', 0),
(1151, '', '', '', 3, 'Ветковский', 'Даниловичский', 'пос. Средняцкий', 0),
(1152, '', '', '', 3, 'Ветковский', 'Даниловичский', 'пос. Хрущевка', 0),
(1153, '', '', '', 3, 'Ветковский', 'Неглюбский', 'пос. Коновалово', 0),
(1154, '', '', '', 3, 'Ветковский', 'Неглюбский', 'пос. Лядо', 0),
(1155, '', '', '', 3, 'Ветковский', 'Неглюбский', 'агрогородок Неглюбка', 0),
(1156, '', '', '', 3, 'Ветковский', 'Неглюбский', 'пос. Перевесье', 0),
(1157, '', '', '', 3, 'Ветковский', 'Неглюбский', 'пос. Передовец', 0),
(1158, '', '', '', 3, 'Ветковский', 'Неглюбский', 'пос. Репище', 0),
(1159, '', '', '', 3, 'Ветковский', 'Неглюбский', 'пос. Свобода', 0),
(1160, '', '', '', 3, 'Ветковский', 'Неглюбский', 'пос. Селище', 0),
(1161, '', '', '', 3, 'Ветковский', 'Неглюбский', 'пос. Синицино', 0),
(1162, '', '', '', 3, 'Ветковский', 'Неглюбский', 'дер. Шейка', 0),
(1163, '', '', '', 3, 'Ветковский', 'Приснянский', 'дер. Борченки', 0),
(1164, '', '', '', 3, 'Ветковский', 'Приснянский', 'пос. Однополье', 0),
(1165, '', '', '', 3, 'Ветковский', 'Приснянский', 'агрогородок Присно', 0),
(1166, '', '', '', 3, 'Ветковский', 'Радужский', 'дер. Кунторовка', 0),
(1167, '', '', '', 3, 'Ветковский', 'Радужский', 'пос. Новая Жизнь', 0),
(1168, '', '', '', 3, 'Ветковский', 'Радужский', 'пос. Новый Мир', 0),
(1169, '', '', '', 3, 'Ветковский', 'Радужский', 'агрогородок Радуга', 0),
(1170, '', '', '', 3, 'Ветковский', 'Светиловичский', 'дер. Глуховка', 0),
(1171, '', '', '', 3, 'Ветковский', 'Светиловичский', 'дер. Железники', 0),
(1172, '', '', '', 3, 'Ветковский', 'Светиловичский', 'дер. Некрасово', 0),
(1173, '', '', '', 3, 'Ветковский', 'Светиловичский', 'пос. Непобедимый', 0),
(1174, '', '', '', 3, 'Ветковский', 'Светиловичский', 'пос. Нинель', 0),
(1175, '', '', '', 3, 'Ветковский', 'Светиловичский', 'дер. Федоровка', 0),
(1176, '', '', '', 3, 'Ветковский', 'Светиловичский', 'пос. Чемерня', 0),
(1177, '', '', '', 3, 'Ветковский', 'Столбунский', 'дер. Глыбовка', 0),
(1178, '', '', '', 3, 'Ветковский', 'Столбунский', 'пос. Городок', 0),
(1179, '', '', '', 3, 'Ветковский', 'Столбунский', 'дер. Колбовка', 0),
(1180, '', '', '', 3, 'Ветковский', 'Хальчанский', 'пос. Борец', 0),
(1181, '', '', '', 3, 'Ветковский', 'Хальчанский', 'пос. Поляновка', 0),
(1182, '', '', '', 3, 'Ветковский', 'Хальчанский', 'агрогородок Старое Село', 0),
(1183, '', '', '', 3, 'Ветковский', 'Хальчанский', 'дер. Хальч', 0),
(1184, '', '', '', 3, 'Ветковский', 'Шерстинский', 'пос. Ляды', 0),
(1185, '', '', '', 3, 'Ветковский', 'Шерстинский', 'агрогородок Новоселки', 0),
(1186, '', '', '', 3, 'Ветковский', 'Шерстинский', 'пос. Романов Лес', 0),
(1187, '', '', '', 3, 'Ветковский', 'Шерстинский', 'агрогородок Шерстин', 0),
(1188, '', '', '', 3, 'Ветковский', 'Шерстинский', 'дер. Юрковичи', 0),
(1189, '', '', '', 3, 'Ветковский', 'Шерстинский', 'дер. Ягодное', 0),
(1190, '', '', '', 3, 'Ветковский', 'Яновский', 'пос. Рассуха', 0),
(1191, '', '', '', 3, 'Ветковский', 'Яновский', 'агрогородок Яново', 0),
(1192, '', '', '', 3, 'Добрушский', 'Кормянский', 'пос. Зайцев', 0),
(1193, '', '', '', 3, 'Добрушский', 'Кормянский', 'агрогородок Корма', 0),
(1194, '', '', '', 3, 'Добрушский', 'Кормянский', 'дер. Огородня Гомельская', 0),
(1195, '', '', '', 3, 'Добрушский', 'Кормянский', 'дер. Огородня Кузьминичская', 0),
(1196, '', '', '', 3, 'Добрушский', 'Кормянский', 'пос. Селище-1', 0),
(1197, '', '', '', 3, 'Добрушский', 'Кормянский', 'пос. Селище-2', 0),
(1198, '', '', '', 3, 'Добрушский', 'Кузьминичский', 'пос. Уборок', 0),
(1199, '', '', '', 3, 'Добрушский', 'Кузьминичский', 'дер. Хорошевка', 0),
(1200, '', '', '', 3, 'Добрушский', 'Рассветовский', 'дер. Дубовый Лог', 0),
(1201, '', '', '', 3, 'Добрушский', 'Рассветовский', 'дер. Леонтьево', 0),
(1202, '', '', '', 3, 'Добрушский', 'Утевский', 'пос. Зарадвинье', 0),
(1203, '', '', '', 3, 'Добрушский', 'Утевский', 'пос. Иванполье', 0),
(1204, '', '', '', 3, 'Ельский', 'Валавский', 'агрогородок Валавск', 0),
(1205, '', '', '', 3, 'Ельский', 'Добрынский', 'дер. Даниловка', 0),
(1206, '', '', '', 3, 'Ельский', 'Добрынский', 'пос. Добрынский', 0),
(1207, '', '', '', 3, 'Ельский', 'Добрынский', 'агрогородок Добрынь', 0),
(1208, '', '', '', 3, 'Ельский', 'Добрынский', 'пос. Зеленый Бор', 0),
(1209, '', '', '', 3, 'Ельский', 'Добрынский', 'дер. Новая Рудня', 0),
(1210, '', '', '', 3, 'Ельский', 'Добрынский', 'дер. Роза Люксембург', 0),
(1211, '', '', '', 3, 'Ельский', 'Добрынский', 'дер. Словечно', 0),
(1212, '', '', '', 3, 'Ельский', 'Кочищанский', 'дер. Валавская Рудня', 0),
(1213, '', '', '', 3, 'Ельский', 'Кочищанский', 'дер. Жуки', 0),
(1214, '', '', '', 3, 'Ельский', 'Кочищанский', 'дер. Калиновая', 0),
(1215, '', '', '', 3, 'Ельский', 'Кочищанский', 'агрогородок Кочищи', 0),
(1216, '', '', '', 3, 'Ельский', 'Кочищанский', 'дер. Некрашовка', 0),
(1217, '', '', '', 3, 'Ельский', 'Млынокский', 'дер. Бобруйки', 0),
(1218, '', '', '', 3, 'Ельский', 'Млынокский', 'дер. Княжеборье', 0),
(1219, '', '', '', 3, 'Ельский', 'Млынокский', 'агрогородок Млынок', 0),
(1220, '', '', '', 3, 'Ельский', 'Млынокский', 'дер. Ульяновка', 0),
(1221, '', '', '', 3, 'Ельский', 'Ремезовский', 'дер. Богутичи', 0),
(1222, '', '', '', 3, 'Ельский', 'Ремезовский', 'дер. Забозье', 0),
(1223, '', '', '', 3, 'Ельский', 'Скороднянский', 'дер. Медведное', 0),
(1224, '', '', '', 3, 'Ельский', 'Скороднянский', 'дер. Скородное', 0),
(1225, '', '', '', 3, 'Кормянский', 'районное подчинение', 'г.п. Корма', 0),
(1226, '', '', '', 3, 'Кормянский', 'Барсуковский', 'дер. Сырская Буда', 0),
(1227, '', '', '', 3, 'Кормянский', 'Боровобудский', 'пос. Колосово', 0),
(1228, '', '', '', 3, 'Кормянский', 'Боровобудский', 'дер. Лесовая Буда', 0),
(1229, '', '', '', 3, 'Кормянский', 'Боровобудский', 'пос. Правда', 0),
(1230, '', '', '', 3, 'Кормянский', 'Боровобудский', 'дер. Шаломея', 0),
(1231, '', '', '', 3, 'Кормянский', 'Боровобудский', 'дер. Шереховская Буда', 0),
(1232, '', '', '', 3, 'Кормянский', 'Ворновский', 'дер. Высокая', 0),
(1233, '', '', '', 3, 'Кормянский', 'Ворновский', 'дер. Добрич', 0),
(1234, '', '', '', 3, 'Кормянский', 'Ворновский', 'дер. Кавказ', 0),
(1235, '', '', '', 3, 'Кормянский', 'Ворновский', 'дер. Рудня', 0),
(1236, '', '', '', 3, 'Кормянский', 'Каменский', 'дер. Березовка', 0),
(1237, '', '', '', 3, 'Кормянский', 'Каменский', 'дер. Каменка', 0),
(1238, '', '', '', 3, 'Кормянский', 'Каменский', 'дер. Лебедевка', 0),
(1239, '', '', '', 3, 'Кормянский', 'Каменский', 'дер. Яновка', 0),
(1240, '', '', '', 3, 'Кормянский', 'Коротьковский', 'дер. Богдановичи', 0),
(1241, '', '', '', 3, 'Кормянский', 'Коротьковский', 'дер. Волынцы', 0),
(1242, '', '', '', 3, 'Кормянский', 'Коротьковский', 'дер. Выношевка', 0),
(1243, '', '', '', 3, 'Кормянский', 'Коротьковский', 'дер. Кляпин', 0),
(1244, '', '', '', 3, 'Кормянский', 'Коротьковский', 'дер. Кляпинская Буда', 0),
(1245, '', '', '', 3, 'Кормянский', 'Коротьковский', 'дер. Колюды', 0),
(1246, '', '', '', 3, 'Кормянский', 'Коротьковский', 'агрогородок Коротьки', 0),
(1247, '', '', '', 3, 'Кормянский', 'Коротьковский', 'дер. Сапожки', 0),
(1248, '', '', '', 3, 'Кормянский', 'Коротьковский', 'дер. Семеновка', 0),
(1249, '', '', '', 3, 'Кормянский', 'Литвиновичский', 'пос. Вознесенск', 0),
(1250, '', '', '', 3, 'Кормянский', 'Литвиновичский', 'дер. Вощанки', 0),
(1251, '', '', '', 3, 'Кормянский', 'Литвиновичский', 'дер. Дубравино', 0),
(1252, '', '', '', 3, 'Кормянский', 'Литвиновичский', 'дер. Зятковичи', 0),
(1253, '', '', '', 3, 'Кормянский', 'Литвиновичский', 'агрогородок Литвиновичи', 0),
(1254, '', '', '', 3, 'Кормянский', 'Литвиновичский', 'пос. Микольск', 0),
(1255, '', '', '', 3, 'Кормянский', 'Литвиновичский', 'дер. Октябрево', 0),
(1256, '', '', '', 3, 'Кормянский', 'Литвиновичский', 'дер. Студенец', 0),
(1257, '', '', '', 3, 'Кормянский', 'Лужковский', 'дер. Александровка', 0),
(1258, '', '', '', 3, 'Кормянский', 'Лужковский', 'дер. Норковщина', 0),
(1259, '', '', '', 3, 'Кормянский', 'Лужковский', 'дер. Расохи', 0),
(1260, '', '', '', 3, 'Кормянский', 'Лужковский', 'дер. Скартынь', 0),
(1261, '', '', '', 3, 'Лельчицкий', 'Гребеневский', 'дер. Усов', 0),
(1262, '', '', '', 3, 'Лоевский', 'Малиновский', 'дер. Белый Колодец', 0),
(1263, '', '', '', 3, 'Лоевский', 'Малиновский', 'дер. Вулкан', 0),
(1264, '', '', '', 3, 'Лоевский', 'Малиновский', 'агрогородок Малиновка', 0),
(1265, '', '', '', 3, 'Лоевский', 'Малиновский', 'дер. Рудня Бурицкая', 0),
(1266, '', '', '', 3, 'Лоевский', 'Малиновский', 'дер. Хатки', 0),
(1267, '', '', '', 3, 'Наровлянский', 'районное подчинение', 'г. Наровля', 0),
(1268, '', '', '', 3, 'Наровлянский', 'районное подчинение', 'дер. Гута', 0),
(1269, '', '', '', 3, 'Наровлянский', 'районное подчинение', 'дер. Заракитное', 0),
(1270, '', '', '', 3, 'Наровлянский', 'районное подчинение', 'дер. Физинки', 0),
(1271, '', '', '', 3, 'Наровлянский', 'Вербовичский', 'дер. Антонов', 0),
(1272, '', '', '', 3, 'Наровлянский', 'Вербовичский', 'агрогородок Вербовичи', 0),
(1273, '', '', '', 3, 'Наровлянский', 'Вербовичский', 'дер. Гридни', 0),
(1274, '', '', '', 3, 'Наровлянский', 'Вербовичский', 'дер. Грушевка', 0),
(1275, '', '', '', 3, 'Наровлянский', 'Вербовичский', 'дер. Конотоп', 0),
(1276, '', '', '', 3, 'Наровлянский', 'Головчицкий', 'дер. Будки', 0),
(1277, '', '', '', 3, 'Наровлянский', 'Головчицкий', 'агрогородок Буда Головчицкая', 0),
(1278, '', '', '', 3, 'Наровлянский', 'Головчицкий', 'агрогородок Головчицы', 0),
(1279, '', '', '', 3, 'Наровлянский', 'Головчицкий', 'агрогородок Демидов', 0),
(1280, '', '', '', 3, 'Наровлянский', 'Головчицкий', 'дер. Мальцы', 0),
(1281, '', '', '', 3, 'Наровлянский', 'Головчицкий', 'дер. Победа', 0),
(1282, '', '', '', 3, 'Наровлянский', 'Головчицкий', 'дер. Свеча', 0),
(1283, '', '', '', 3, 'Наровлянский', 'Головчицкий', 'пос. Червоный Остров', 0),
(1284, '', '', '', 3, 'Наровлянский', 'Головчицкий', 'пос. Чехи', 0),
(1285, '', '', '', 3, 'Наровлянский', 'Головчицкий', 'пос. Чирвоный Промень', 0),
(1286, '', '', '', 3, 'Наровлянский', 'Завойтянский', 'агрогородок Завойть', 0),
(1287, '', '', '', 3, 'Наровлянский', 'Завойтянский', 'дер. Калиничи', 0),
(1288, '', '', '', 3, 'Наровлянский', 'Кировский', 'дер. Дзержинск', 0),
(1289, '', '', '', 3, 'Наровлянский', 'Кировский', 'агрогородок Киров', 0),
(1290, '', '', '', 3, 'Наровлянский', 'Кировский', 'дер. Москалевка', 0),
(1291, '', '', '', 3, 'Наровлянский', 'Кировский', 'дер. Ничипоровка', 0),
(1292, '', '', '', 3, 'Наровлянский', 'Кировский', 'дер. Хоменки', 0),
(1293, '', '', '', 3, 'Речицкий', 'Короватичский', 'агрогородок Переволока', 0),
(1294, '', '', '', 3, 'Рогачевский', 'Болотнянский', 'дер. Гутище', 0),
(1295, '', '', '', 3, 'Рогачевский', 'Болотнянский', 'пос. Евня', 0),
(1296, '', '', '', 3, 'Рогачевский', 'Болотнянский', 'пос. Жевинник', 0),
(1297, '', '', '', 3, 'Рогачевский', 'Болотнянский', 'пос. Завидовка', 0),
(1298, '', '', '', 3, 'Рогачевский', 'Болотнянский', 'пос. Загребье', 0),
(1299, '', '', '', 3, 'Рогачевский', 'Болотнянский', 'пос. Ленинский', 0),
(1300, '', '', '', 3, 'Рогачевский', 'Болотнянский', 'пос. Осиновка', 0),
(1301, '', '', '', 3, 'Рогачевский', 'Болотнянский', 'пос. Победа', 0),
(1302, '', '', '', 3, 'Рогачевский', 'Болотнянский', 'дер. Староселье', 0),
(1303, '', '', '', 3, 'Рогачевский', 'Болотнянский', 'пос. Цагельня', 0),
(1304, '', '', '', 3, 'Рогачевский', 'Гадиловичский', 'пос. Пахарь', 0),
(1305, '', '', '', 3, 'Рогачевский', 'Довский', 'дер. Клетище', 0),
(1306, '', '', '', 3, 'Рогачевский', 'Довский', 'дер. Ковалевка', 0),
(1307, '', '', '', 3, 'Рогачевский', 'Довский', 'дер. Малиновка', 0),
(1308, '', '', '', 3, 'Рогачевский', 'Довский', 'дер. Рекутино', 0),
(1309, '', '', '', 3, 'Рогачевский', 'Довский', 'дер. Свержень', 0),
(1310, '', '', '', 3, 'Рогачевский', 'Довский', 'дер. Слобода', 0),
(1311, '', '', '', 3, 'Рогачевский', 'Довский', 'дер. Сычман', 0),
(1312, '', '', '', 3, 'Рогачевский', 'Довский', 'дер. Юдичи', 0),
(1313, '', '', '', 3, 'Рогачевский', 'Довский', 'дер. Ямное', 0),
(1314, '', '', '', 3, 'Рогачевский', 'Журавичский', 'дер. Волосовичи', 0),
(1315, '', '', '', 3, 'Рогачевский', 'Журавичский', 'агрогородок Журавичи', 0),
(1316, '', '', '', 3, 'Рогачевский', 'Журавичский', 'дер. Красногорка', 0),
(1317, '', '', '', 3, 'Рогачевский', 'Журавичский', 'дер. Новые Журавичи', 0),
(1318, '', '', '', 3, 'Рогачевский', 'Звонецкий', 'агрогородок Звонец', 0),
(1319, '', '', '', 3, 'Рогачевский', 'Звонецкий', 'дер. Шапчицы', 0),
(1320, '', '', '', 3, 'Рогачевский', 'Курганский', 'дер. Новый Кривск', 0),
(1321, '', '', '', 3, 'Рогачевский', 'Курганский', 'дер. Осмоловичи', 0),
(1322, '', '', '', 3, 'Рогачевский', 'Столпнянский', 'пос. Поделы', 0),
(1323, '', '', '', 3, 'Хойникский', 'районное подчинение', 'г. Хойники', 0),
(1324, '', '', '', 3, 'Хойникский', 'Алексичский', 'дер. Алексичи', 0),
(1325, '', '', '', 3, 'Хойникский', 'Алексичский', 'дер. Гречихино', 0),
(1326, '', '', '', 3, 'Хойникский', 'Алексичский', 'дер. Дуброва', 0),
(1327, '', '', '', 3, 'Хойникский', 'Алексичский', 'дер. Кореневка', 0),
(1328, '', '', '', 3, 'Хойникский', 'Алексичский', 'дер. Моклище', 0),
(1329, '', '', '', 3, 'Хойникский', 'Алексичский', 'дер. Слабожанка', 0),
(1330, '', '', '', 3, 'Хойникский', 'Алексичский', 'дер. Туневщина', 0),
(1331, '', '', '', 3, 'Хойникский', 'Алексичский', 'дер. Хвойное', 0),
(1332, '', '', '', 3, 'Хойникский', 'Борисовщинский', 'дер. Борисовщина', 0),
(1333, '', '', '', 3, 'Хойникский', 'Борисовщинский', 'дер. Вить', 0),
(1334, '', '', '', 3, 'Хойникский', 'Борисовщинский', 'дер. Храпково', 0),
(1335, '', '', '', 3, 'Хойникский', 'Великоборский', 'дер. Дубровица', 0),
(1336, '', '', '', 3, 'Хойникский', 'Великоборский', 'дер. Куровое', 0),
(1337, '', '', '', 3, 'Хойникский', 'Поселичский', 'дер. Берестечко', 0),
(1338, '', '', '', 3, 'Хойникский', 'Поселичский', 'агрогородок Велетин', 0),
(1339, '', '', '', 3, 'Хойникский', 'Поселичский', 'дер. Звеняцкое', 0),
(1340, '', '', '', 3, 'Хойникский', 'Поселичский', 'дер. Листвин', 0),
(1341, '', '', '', 3, 'Хойникский', 'Поселичский', 'дер. Мархлевск', 0),
(1342, '', '', '', 3, 'Хойникский', 'Поселичский', 'дер. Петраш', 0),
(1343, '', '', '', 3, 'Хойникский', 'Поселичский', 'дер. Поселичи', 0),
(1344, '', '', '', 3, 'Хойникский', 'Поселичский', 'дер. Пудаков', 0),
(1345, '', '', '', 3, 'Хойникский', 'Стреличевский', 'дер. Высокое', 0),
(1346, '', '', '', 3, 'Хойникский', 'Стреличевский', 'дер. Ивановка', 0),
(1347, '', '', '', 3, 'Хойникский', 'Стреличевский', 'дер. Рудаков', 0),
(1348, '', '', '', 3, 'Хойникский', 'Судковский', 'дер. Дворище', 0),
(1349, '', '', '', 3, 'Хойникский', 'Судковский', 'дер. Езапов', 0),
(1350, '', '', '', 3, 'Хойникский', 'Судковский', 'дер. Загалье', 0),
(1351, '', '', '', 3, 'Хойникский', 'Судковский', 'дер. Загальская Слобода', 0),
(1352, '', '', '', 3, 'Хойникский', 'Судковский', 'дер. Кливы', 0),
(1353, '', '', '', 3, 'Хойникский', 'Судковский', 'дер. Людвин', 0),
(1354, '', '', '', 3, 'Хойникский', 'Судковский', 'дер. Небытов', 0),
(1355, '', '', '', 3, 'Хойникский', 'Судковский', 'дер. Новоселки', 0),
(1356, '', '', '', 3, 'Хойникский', 'Судковский', 'дер. Пикулиха', 0),
(1357, '', '', '', 3, 'Хойникский', 'Судковский', 'дер. Поташня', 0),
(1358, '', '', '', 3, 'Хойникский', 'Судковский', 'дер. Рудное', 0),
(1359, '', '', '', 3, 'Хойникский', 'Судковский', 'агрогородок Судково', 0),
(1360, '', '', '', 3, 'Хойникский', 'Судковский', 'дер. Тульговичи', 0),
(1361, '', '', '', 3, 'Чечерский', 'районное подчинение', 'г. Чечерск', 0),
(1362, '', '', '', 3, 'Чечерский', 'районное подчинение', 'пос. Красный Берег', 0),
(1363, '', '', '', 3, 'Чечерский', 'Залесский', 'дер. Городовка', 0),
(1364, '', '', '', 3, 'Чечерский', 'Залесский', 'дер. Добрынь', 0),
(1365, '', '', '', 3, 'Чечерский', 'Залесский', 'агрогородок Залесье', 0),
(1366, '', '', '', 3, 'Чечерский', 'Залесский', 'дер. Кукличи', 0),
(1367, '', '', '', 3, 'Чечерский', 'Залесский', 'пос. Пехтерево', 0),
(1368, '', '', '', 3, 'Чечерский', 'Залесский', 'дер. Покоть', 0),
(1369, '', '', '', 3, 'Чечерский', 'Ленинский', 'дер. Бердыж', 0),
(1370, '', '', '', 3, 'Чечерский', 'Ленинский', 'агрогородок Вознесенский', 0),
(1371, '', '', '', 3, 'Чечерский', 'Ленинский', 'пос. Ивановка', 0),
(1372, '', '', '', 3, 'Чечерский', 'Ленинский', 'дер. Нивки', 0),
(1373, '', '', '', 3, 'Чечерский', 'Ленинский', 'дер. Новые Малыничи', 0),
(1374, '', '', '', 3, 'Чечерский', 'Ленинский', 'дер. Чернявские Малыничи', 0),
(1375, '', '', '', 3, 'Чечерский', 'Меркуловичский', 'дер. Башица', 0),
(1376, '', '', '', 3, 'Чечерский', 'Меркуловичский', 'дер. Зеленая Поляна', 0),
(1377, '', '', '', 3, 'Чечерский', 'Меркуловичский', 'дер. Искра', 0),
(1378, '', '', '', 3, 'Чечерский', 'Меркуловичский', 'пос. Первомайский', 0),
(1379, '', '', '', 3, 'Чечерский', 'Нисимковичский', 'пос. Гацкое', 0),
(1380, '', '', '', 3, 'Чечерский', 'Нисимковичский', 'агрогородок Нисимковичи', 0),
(1381, '', '', '', 3, 'Чечерский', 'Нисимковичский', 'пос. Новозалесье', 0),
(1382, '', '', '', 3, 'Чечерский', 'Нисимковичский', 'дер. Сидоровичи', 0),
(1383, '', '', '', 3, 'Чечерский', 'Оторский', 'дер. Ипполитовка', 0),
(1384, '', '', '', 3, 'Чечерский', 'Оторский', 'пос. Ковалев Рог', 0),
(1385, '', '', '', 3, 'Чечерский', 'Оторский', 'дер. Красный Дворец', 0),
(1386, '', '', '', 3, 'Чечерский', 'Оторский', 'дер. Новая Яцковщина', 0),
(1387, '', '', '', 3, 'Чечерский', 'Оторский', 'пос. Новозахарполье', 0),
(1388, '', '', '', 3, 'Чечерский', 'Оторский', 'агрогородок Отор', 0),
(1389, '', '', '', 3, 'Чечерский', 'Оторский', 'пос. Чирвоный Бор', 0),
(1390, '', '', '', 3, 'Чечерский', 'Полесский', 'дер. Болсуны', 0),
(1391, '', '', '', 3, 'Чечерский', 'Полесский', 'дер. Будище', 0),
(1392, '', '', '', 3, 'Чечерский', 'Полесский', 'пос. Высокая Грива', 0),
(1393, '', '', '', 3, 'Чечерский', 'Полесский', 'пос. Заручье', 0),
(1394, '', '', '', 3, 'Чечерский', 'Полесский', 'пос. Калинино', 0),
(1395, '', '', '', 3, 'Чечерский', 'Ровковичский', 'пос. Васильевский', 0),
(1396, '', '', '', 3, 'Чечерский', 'Ровковичский', 'пос. Гольч', 0),
(1397, '', '', '', 3, 'Чечерский', 'Ровковичский', 'дер. Дружбичи', 0),
(1398, '', '', '', 3, 'Чечерский', 'Ровковичский', 'дер. Кораблище', 0),
(1399, '', '', '', 3, 'Чечерский', 'Ровковичский', 'пос. Любимое', 0),
(1400, '', '', '', 3, 'Чечерский', 'Ровковичский', 'дер. Медвежье', 0),
(1401, '', '', '', 3, 'Чечерский', 'Ровковичский', 'пос. Никольск', 0),
(1402, '', '', '', 3, 'Чечерский', 'Ровковичский', 'пос. Подозерье', 0),
(1403, '', '', '', 3, 'Чечерский', 'Ровковичский', 'агрогородок Ровковичи', 0),
(1404, '', '', '', 3, 'Чечерский', 'Ровковичский', 'пос. Сойки', 0),
(1405, '', '', '', 3, 'Чечерский', 'Ровковичский', 'дер. Холочье', 0),
(1406, '', '', '', 3, 'Ельский', 'Скороднянский', 'дер. Старый Мост', 0),
(1407, '', '', '', 3, 'Мозырский', 'Криничный', 'пос. Криничный', 0),
(1408, '', '', '', 3, 'Наровлянский', 'Головчицкий', 'дер. Гажин', 0),
(1409, '', '', '', 3, 'Наровлянский', 'Головчицкий', 'дер. Линов', 0),
(1410, '', '', '', 3, 'Наровлянский', 'Кировский', 'дер. Габрилеевка', 0),
(1411, '', '', '', 3, 'Чечерский', 'Залесский', 'дер. Беляевка', 0),
(1412, '', '', '', 3, 'Чечерский', 'Полесский', 'агрогородок Полесье', 0),
(1413, '', '', '', 3, 'Буда-Кошелевский', 'Октябрьский', 'дер. Липа', 0),
(1414, '', '', '', 3, 'Ветковский', 'Светиловичский', 'дер. Новиловка', 0),
(1415, '', '', '', 3, 'Ветковский', 'Светиловичский', 'агрогородок Светиловичи', 0),
(1416, '', '', '', 3, 'Добрушский', 'Рассветовский', 'дер. Березки', 0),
(1417, '', '', '', 3, 'Добрушский', 'Рассветовский', 'дер. Демьянки', 0),
(1418, '', '', '', 3, 'Наровлянский', 'Головчицкий', 'дер. Лубень', 0),
(1419, '', '', '', 3, 'Хойникский', 'Стреличевский', 'дер. Губоревичи', 0),
(1420, '', '', '', 3, 'Хойникский', 'Стреличевский', 'агрогородок Стреличево', 0),
(1421, '', '', '', 3, 'Чечерский', 'Ленинский', 'дер. Залавье', 0),
(1422, '', '', '', 3, 'Чечерский', 'Ровковичский', 'пос. Алексеевка', 0),
(1423, '', '', '', 3, 'Чечерский', 'Ровковичский', 'дер. Крутое', 0),
(1424, '', '', '', 3, 'Чечерский', 'Ровковичский', 'дер. Науховичи', 0),
(1425, '', '', '', 3, 'Чечерский', 'Ровковичский', 'дер. Рудня Дудичская', 0),
(1426, '', '', '', 4, 'Дятловский', 'районное подчинение', 'г.п. Новоельня', 0),
(1427, '', '', '', 4, 'Дятловский', 'Войневичский', 'дер. Талевичи', 0),
(1428, '', '', '', 4, 'Дятловский', 'Даниловичский', 'дер. Барташи', 0),
(1429, '', '', '', 4, 'Дятловский', 'Даниловичский', 'дер. Боцковичи', 0),
(1430, '', '', '', 4, 'Дятловский', 'Даниловичский', 'дер. Ведровичи', 0),
(1431, '', '', '', 4, 'Дятловский', 'Даниловичский', 'дер. Ворокомщина', 0),
(1432, '', '', '', 4, 'Дятловский', 'Даниловичский', 'дер. Даниловичи', 0),
(1433, '', '', '', 4, 'Дятловский', 'Даниловичский', 'дер. Корица 1', 0),
(1434, '', '', '', 4, 'Дятловский', 'Даниловичский', 'агрогородок Крутиловичи', 0),
(1435, '', '', '', 4, 'Дятловский', 'Даниловичский', 'дер. Лижейки', 0),
(1436, '', '', '', 4, 'Дятловский', 'Даниловичский', 'дер. Морозовичи', 0),
(1437, '', '', '', 4, 'Дятловский', 'Даниловичский', 'дер. Охоново', 0),
(1438, '', '', '', 4, 'Дятловский', 'Даниловичский', 'дер. Охоняны', 0),
(1439, '', '', '', 4, 'Дятловский', 'Даниловичский', 'дер. Паникарты', 0),
(1440, '', '', '', 4, 'Дятловский', 'Даниловичский', 'дер. Повсаты', 0),
(1441, '', '', '', 4, 'Дятловский', 'Даниловичский', 'дер. Рабки', 0),
(1442, '', '', '', 4, 'Дятловский', 'Даниловичский', 'дер. Яцуки', 0),
(1443, '', '', '', 4, 'Дятловский', 'Дворецкий', 'агрогородок Дворец', 0),
(1444, '', '', '', 4, 'Дятловский', 'Дворецкий', 'дер. Литаворцы', 0),
(1445, '', '', '', 4, 'Дятловский', 'Дворецкий', 'дер. Репки', 0),
(1446, '', '', '', 4, 'Дятловский', 'Дворецкий', 'дер. Рыболово', 0),
(1447, '', '', '', 4, 'Дятловский', 'Дворецкий', 'дер. Старина', 0),
(1448, '', '', '', 4, 'Дятловский', 'Дворецкий', 'дер. Сутьки', 0),
(1449, '', '', '', 4, 'Дятловский', 'Дворецкий', 'дер. Тетейки', 0),
(1450, '', '', '', 4, 'Дятловский', 'Дятловский', 'дер. Боровики', 0),
(1451, '', '', '', 4, 'Дятловский', 'Дятловский', 'дер. Муляры', 0),
(1452, '', '', '', 4, 'Дятловский', 'Дятловский', 'дер. Новоселки', 0),
(1453, '', '', '', 4, 'Дятловский', 'Дятловский', 'дер. Селивонки', 0),
(1454, '', '', '', 4, 'Дятловский', 'Меляховичский', 'дер. Жихи', 0),
(1455, '', '', '', 4, 'Дятловский', 'Роготновский', 'дер. Петруки', 0),
(1456, '', '', '', 4, 'Дятловский', 'Роготновский', 'дер. Семеновичи', 0),
(1457, '', '', '', 4, 'Дятловский', 'Роготновский', 'дер. Яхновщина', 0),
(1458, '', '', '', 4, 'Ивьевский', 'районное подчинение', 'г. Ивье', 0),
(1459, '', '', '', 4, 'Ивьевский', 'Бакштовский', 'хутор Барсуки', 0),
(1460, '', '', '', 4, 'Ивьевский', 'Бакштовский', 'хутор Войниловщина', 0),
(1461, '', '', '', 4, 'Ивьевский', 'Бакштовский', 'дер. Грабово', 0),
(1462, '', '', '', 4, 'Ивьевский', 'Бакштовский', 'дер. Гудишки', 0),
(1463, '', '', '', 4, 'Ивьевский', 'Бакштовский', 'дер. Кукшин', 0),
(1464, '', '', '', 4, 'Ивьевский', 'Бакштовский', 'хутор Мылево', 0),
(1465, '', '', '', 4, 'Ивьевский', 'Бакштовский', 'дер. Новинки', 0),
(1466, '', '', '', 4, 'Ивьевский', 'Бакштовский', 'дер. Новое Козиново', 0),
(1467, '', '', '', 4, 'Ивьевский', 'Бакштовский', 'хутор Осигиры', 0),
(1468, '', '', '', 4, 'Ивьевский', 'Бакштовский', 'дер. Островцы', 0),
(1469, '', '', '', 4, 'Ивьевский', 'Бакштовский', 'дер. Перучь I', 0),
(1470, '', '', '', 4, 'Ивьевский', 'Бакштовский', 'хутор Перучь II', 0),
(1471, '', '', '', 4, 'Ивьевский', 'Бакштовский', 'дер. Поташня', 0),
(1472, '', '', '', 4, 'Ивьевский', 'Бакштовский', 'хутор Сматра', 0),
(1473, '', '', '', 4, 'Ивьевский', 'Бакштовский', 'хутор Старое Козиново', 0),
(1474, '', '', '', 4, 'Ивьевский', 'Бакштовский', 'хутор Шашки', 0),
(1475, '', '', '', 4, 'Ивьевский', 'Бакштовский', 'хутор Щучий Бор', 0),
(1476, '', '', '', 4, 'Ивьевский', 'Ивьевский', 'дер. Гончары', 0),
(1477, '', '', '', 4, 'Ивьевский', 'Ивьевский', 'дер. Гурщизна', 0),
(1478, '', '', '', 4, 'Ивьевский', 'Ивьевский', 'дер. Дайлиды', 0),
(1479, '', '', '', 4, 'Ивьевский', 'Ивьевский', 'дер. Петровичи', 0),
(1480, '', '', '', 4, 'Ивьевский', 'Ивьевский', 'дер. Рембоковщина', 0),
(1481, '', '', '', 4, 'Ивьевский', 'Ивьевский', 'дер. Савгути', 0),
(1482, '', '', '', 4, 'Ивьевский', 'Ивьевский', 'дер. Тивновичи', 0),
(1483, '', '', '', 4, 'Ивьевский', 'Ивьевский', 'дер. Ятолтовичи', 0),
(1484, '', '', '', 4, 'Ивьевский', 'Лаздунский', 'дер. Бильмоны', 0),
(1485, '', '', '', 4, 'Ивьевский', 'Лаздунский', 'дер. Бочешники', 0),
(1486, '', '', '', 4, 'Ивьевский', 'Лаздунский', 'дер. Викшняны', 0),
(1487, '', '', '', 4, 'Ивьевский', 'Лаздунский', 'дер. Доневичи', 0),
(1488, '', '', '', 4, 'Ивьевский', 'Лаздунский', 'дер. Купровичи', 0),
(1489, '', '', '', 4, 'Ивьевский', 'Моринский', 'дер. Дындылишки', 0),
(1490, '', '', '', 4, 'Ивьевский', 'Моринский', 'дер. Збойск', 0),
(1491, '', '', '', 4, 'Ивьевский', 'Моринский', 'дер. Кривичи', 0),
(1492, '', '', '', 4, 'Ивьевский', 'Моринский', 'дер. Мостки', 0),
(1493, '', '', '', 4, 'Ивьевский', 'Моринский', 'дер. Павловичи', 0),
(1494, '', '', '', 4, 'Ивьевский', 'Моринский', 'дер. Старченяты', 0),
(1495, '', '', '', 4, 'Ивьевский', 'Моринский', 'дер. Стоневичи', 0),
(1496, '', '', '', 4, 'Ивьевский', 'Эйгердовский', 'дер. Гердушки', 0),
(1497, '', '', '', 4, 'Ивьевский', 'Эйгердовский', 'дер. Добовичи', 0),
(1498, '', '', '', 4, 'Ивьевский', 'Эйгердовский', 'дер. Заболоть', 0),
(1499, '', '', '', 4, 'Ивьевский', 'Эйгердовский', 'дер. Залесовщина', 0),
(1500, '', '', '', 4, 'Ивьевский', 'Эйгердовский', 'дер. Кирвели', 0),
(1501, '', '', '', 4, 'Ивьевский', 'Эйгердовский', 'хутор Клим', 0),
(1502, '', '', '', 4, 'Ивьевский', 'Эйгердовский', 'дер. Кричники', 0),
(1503, '', '', '', 4, 'Ивьевский', 'Эйгердовский', 'дер. Магенцы', 0),
(1504, '', '', '', 4, 'Ивьевский', 'Эйгердовский', 'дер. Матыковщина', 0),
(1505, '', '', '', 4, 'Ивьевский', 'Эйгердовский', 'дер. Попельники', 0),
(1506, '', '', '', 4, 'Ивьевский', 'Эйгердовский', 'хутор Самородники', 0),
(1507, '', '', '', 4, 'Ивьевский', 'Эйгердовский', 'дер. Токаришки', 0),
(1508, '', '', '', 4, 'Ивьевский', 'Эйгердовский', 'дер. Черный Луг', 0),
(1509, '', '', '', 4, 'Ивьевский', 'Эйгердовский', 'дер. Чичиновщина', 0),
(1510, '', '', '', 4, 'Ивьевский', 'Эйгердовский', 'дер. Эйгерды', 0),
(1511, '', '', '', 4, 'Ивьевский', 'Эйгердовский', 'дер. Юнковичи', 0),
(1512, '', '', '', 4, 'Ивьевский', 'Юратишковский поселковый Совет', 'дер. Верещаки', 0),
(1513, '', '', '', 4, 'Ивьевский', 'Юратишковский поселковый Совет', 'дер. Жиличи', 0),
(1514, '', '', '', 4, 'Ивьевский', 'Юратишковский поселковый Совет', 'дер. Кости', 0),
(1515, '', '', '', 4, 'Ивьевский', 'Юратишковский поселковый Совет', 'дер. Нефедки', 0),
(1516, '', '', '', 4, 'Ивьевский', 'Юратишковский поселковый Совет', 'дер. Черкесы', 0),
(1517, '', '', '', 4, 'Новогрудский', 'Любчанский поселковый Совет', 'дер. Бор', 0),
(1518, '', '', '', 4, 'Новогрудский', 'Любчанский поселковый Совет', 'хутор Голендерня', 0),
(1519, '', '', '', 4, 'Новогрудский', 'Любчанский поселковый Совет', 'дер. Куписк', 0),
(1520, '', '', '', 4, 'Новогрудский', 'Отминовский', 'дер. Гнилица', 0),
(1521, '', '', '', 4, 'Новогрудский', 'Отминовский', 'дер. Детомля', 0),
(1522, '', '', '', 4, 'Новогрудский', 'Отминовский', 'дер. Молочки', 0),
(1523, '', '', '', 4, 'Новогрудский', 'Отминовский', 'агрогородок Отминово', 0),
(1524, '', '', '', 4, 'Новогрудский', 'Петревичский', 'дер. Богданка', 0),
(1525, '', '', '', 4, 'Новогрудский', 'Петревичский', 'дер. Журавельники', 0),
(1526, '', '', '', 4, 'Новогрудский', 'Петревичский', 'дер. Кремушевка', 0),
(1527, '', '', '', 4, 'Новогрудский', 'Петревичский', 'дер. Межники', 0),
(1528, '', '', '', 4, 'Новогрудский', 'Петревичский', 'дер. Новая Гута', 0),
(1529, '', '', '', 4, 'Новогрудский', 'Щорсовский', 'дер. Гнесичи', 0),
(1530, '', '', '', 4, 'Новогрудский', 'Щорсовский', 'дер. Лавришево', 0),
(1531, '', '', '', 4, 'Новогрудский', 'Щорсовский', 'агрогородок Щорсы', 0),
(1532, '', '', '', 5, 'Березинский', 'Березинский', 'дер. Жуковец', 0),
(1533, '', '', '', 5, 'Березинский', 'Дмитровичский', 'дер. Лесковичи', 0),
(1534, '', '', '', 5, 'Березинский', 'Дмитровичский', 'дер. Орешковичи', 0),
(1535, '', '', '', 5, 'Березинский', 'Дмитровичский', 'дер. Шеверничи', 0),
(1536, '', '', '', 5, 'Березинский', 'Маческий', 'дер. Бабинка', 0),
(1537, '', '', '', 5, 'Березинский', 'Маческий', 'дер. Березовка', 0),
(1538, '', '', '', 5, 'Березинский', 'Маческий', 'дер. Вьюновка', 0),
(1539, '', '', '', 5, 'Березинский', 'Маческий', 'дер. Гужик', 0),
(1540, '', '', '', 5, 'Березинский', 'Маческий', 'дер. Журовок', 0),
(1541, '', '', '', 5, 'Березинский', 'Маческий', 'дер. Карбовское', 0),
(1542, '', '', '', 5, 'Березинский', 'Маческий', 'дер. Козлов Берег', 0),
(1543, '', '', '', 5, 'Березинский', 'Маческий', 'дер. Любушаны', 0),
(1544, '', '', '', 5, 'Березинский', 'Маческий', 'дер. Нестеровка', 0),
(1545, '', '', '', 5, 'Березинский', 'Маческий', 'дер. Новые Приборки', 0),
(1546, '', '', '', 5, 'Березинский', 'Маческий', 'дер. Старые Приборки', 0),
(1547, '', '', '', 5, 'Березинский', 'Маческий', 'дер. Тересино', 0),
(1548, '', '', '', 5, 'Березинский', 'Маческий', 'дер. Ягодка', 0),
(1549, '', '', '', 5, 'Березинский', 'Поплавский', 'дер. Жеремец', 0),
(1550, '', '', '', 5, 'Борисовский', 'Велятичский', 'дер. Яблонка', 0),
(1551, '', '', '', 5, 'Борисовский', 'Метченский', 'дер. Берня', 0),
(1552, '', '', '', 5, 'Борисовский', 'Метченский', 'дер. Борки', 0),
(1553, '', '', '', 5, 'Борисовский', 'Метченский', 'дер. Корма', 0),
(1554, '', '', '', 5, 'Борисовский', 'Метченский', 'дер. Хутор Осов', 0),
(1555, '', '', '', 5, 'Борисовский', 'Метченский', 'дер. Унтальянка', 0),
(1556, '', '', '', 5, 'Борисовский', 'Метченский', 'дер. Черный Осов', 0),
(1557, '', '', '', 5, 'Борисовский', 'Оздятичский', 'дер. Колки', 0),
(1558, '', '', '', 5, 'Борисовский', 'Оздятичский', 'дер. Лавница', 0),
(1559, '', '', '', 5, 'Борисовский', 'Оздятичский', 'дер. Мулище', 0),
(1560, '', '', '', 5, 'Борисовский', 'Оздятичский', 'дер. Черневка', 0),
(1561, '', '', '', 5, 'Вилейский', 'Любанский', 'дер. Заозерье', 0),
(1562, '', '', '', 5, 'Вилейский', 'Любанский', 'дер. Лески', 0),
(1563, '', '', '', 5, 'Вилейский', 'Любанский', 'дер. Стебераки', 0),
(1564, '', '', '', 5, 'Вилейский', 'Хотенчицкий', 'дер. Дворец', 0),
(1565, '', '', '', 5, 'Вилейский', 'Хотенчицкий', 'дер. Загораны', 0),
(1566, '', '', '', 5, 'Вилейский', 'Хотенчицкий', 'дер. Заельники', 0),
(1567, '', '', '', 5, 'Вилейский', 'Хотенчицкий', 'дер. Зачерная', 0),
(1568, '', '', '', 5, 'Вилейский', 'Хотенчицкий', 'дер. Плещаны', 0),
(1569, '', '', '', 5, 'Вилейский', 'Хотенчицкий', 'дер. Погребище', 0),
(1570, '', '', '', 5, 'Вилейский', 'Хотенчицкий', 'дер. Рабцы', 0),
(1571, '', '', '', 5, 'Вилейский', 'Хотенчицкий', 'дер. Хотенчицы', 0),
(1572, '', '', '', 5, 'Воложинский', 'Богдановский', 'дер. Войштовичи', 0),
(1573, '', '', '', 5, 'Воложинский', 'Богдановский', 'дер. Данилки', 0),
(1574, '', '', '', 5, 'Воложинский', 'Богдановский', 'дер. Игнатово', 0),
(1575, '', '', '', 5, 'Воложинский', 'Богдановский', 'дер. Котевщина', 0),
(1576, '', '', '', 5, 'Воложинский', 'Богдановский', 'дер. Ольшанка', 0),
(1577, '', '', '', 5, 'Воложинский', 'Вишневский', 'дер. Бобры', 0),
(1578, '', '', '', 5, 'Воложинский', 'Вишневский', 'дер. Геленово', 0),
(1579, '', '', '', 5, 'Воложинский', 'Вишневский', 'дер. Клим', 0),
(1580, '', '', '', 5, 'Воложинский', 'Вишневский', 'дер. Пуни', 0),
(1581, '', '', '', 5, 'Воложинский', 'Вишневский', 'дер. Радюки', 0),
(1582, '', '', '', 5, 'Воложинский', 'Вишневский', 'дер. Тупчи', 0),
(1583, '', '', '', 5, 'Воложинский', 'Вишневский', 'дер. Шуловичи', 0),
(1584, '', '', '', 5, 'Воложинский', 'Дорский', 'дер. Заречье', 0),
(1585, '', '', '', 5, 'Воложинский', 'Дорский', 'дер. Клеримонты', 0),
(1586, '', '', '', 5, 'Воложинский', 'Дорский', 'дер. Лосокино', 0),
(1587, '', '', '', 5, 'Воложинский', 'Дорский', 'дер. Романовщина', 0),
(1588, '', '', '', 5, 'Воложинский', 'Дорский', 'дер. Тябуты', 0),
(1589, '', '', '', 5, 'Воложинский', 'Ивенецкий', 'дер. Адамки', 0),
(1590, '', '', '', 5, 'Воложинский', 'Ивенецкий', 'дер. Дайнова', 0),
(1591, '', '', '', 5, 'Воложинский', 'Ивенецкий', 'дер. Далидовичи', 0),
(1592, '', '', '', 5, 'Воложинский', 'Ивенецкий', 'дер. Дубки', 0),
(1593, '', '', '', 5, 'Воложинский', 'Ивенецкий', 'дер. Камень', 0),
(1594, '', '', '', 5, 'Воложинский', 'Ивенецкий', 'дер. Королевщина', 0),
(1595, '', '', '', 5, 'Воложинский', 'Ивенецкий', 'дер. Мазулевщина', 0),
(1596, '', '', '', 5, 'Воложинский', 'Ивенецкий', 'дер. Млынки', 0),
(1597, '', '', '', 5, 'Воложинский', 'Ивенецкий', 'дер. Новинки', 0),
(1598, '', '', '', 5, 'Воложинский', 'Ивенецкий', 'дер. Пилюжино', 0),
(1599, '', '', '', 5, 'Воложинский', 'Ивенецкий', 'дер. Погорелка', 0),
(1600, '', '', '', 5, 'Воложинский', 'Ивенецкий', 'дер. Рудня', 0),
(1601, '', '', '', 5, 'Воложинский', 'Ивенецкий', 'дер. Серкули', 0),
(1602, '', '', '', 5, 'Воложинский', 'Ивенецкий', 'агрогородок Сивица', 0),
(1603, '', '', '', 5, 'Воложинский', 'Ивенецкий', 'дер. Углы', 0),
(1604, '', '', '', 5, 'Воложинский', 'Першайский', 'дер. Бурбовщина', 0),
(1605, '', '', '', 5, 'Воложинский', 'Першайский', 'дер. Войниловщина', 0),
(1606, '', '', '', 5, 'Воложинский', 'Першайский', 'дер. Довгулевщина', 0),
(1607, '', '', '', 5, 'Воложинский', 'Першайский', 'дер. Конюшевщина', 0),
(1608, '', '', '', 5, 'Воложинский', 'Першайский', 'дер. Перовщина', 0),
(1609, '', '', '', 5, 'Воложинский', 'Першайский', 'агрогородок Першаи', 0),
(1610, '', '', '', 5, 'Воложинский', 'Першайский', 'дер. Полубовцы', 0),
(1611, '', '', '', 5, 'Воложинский', 'Першайский', 'дер. Попки', 0),
(1612, '', '', '', 5, 'Воложинский', 'Першайский', 'дер. Скрундевщина', 0),
(1613, '', '', '', 5, 'Воложинский', 'Першайский', 'дер. Смалевщина', 0),
(1614, '', '', '', 5, 'Воложинский', 'Першайский', 'дер. Янушковичи', 0),
(1615, '', '', '', 5, 'Воложинский', 'Пряльнинский', 'дер. Боровиковщина', 0),
(1616, '', '', '', 5, 'Крупский', 'Бобрский', 'дер. Колос', 0),
(1617, '', '', '', 5, 'Крупский', 'Бобрский', 'дер. Куты', 0),
(1618, '', '', '', 5, 'Логойский', 'Зареченский', 'дер. Лядо', 0),
(1619, '', '', '', 5, 'Логойский', 'Зареченский', 'дер. Селище', 0),
(1620, '', '', '', 5, 'Логойский', 'Янушковичский', 'дер. Аскрышино', 0),
(1621, '', '', '', 5, 'Логойский', 'Янушковичский', 'дер. Бобры', 0),
(1622, '', '', '', 5, 'Логойский', 'Янушковичский', 'дер. Бориски', 0),
(1623, '', '', '', 5, 'Логойский', 'Янушковичский', 'дер. Дениски', 0),
(1624, '', '', '', 5, 'Логойский', 'Янушковичский', 'дер. Жабичи', 0),
(1625, '', '', '', 5, 'Логойский', 'Янушковичский', 'дер. Паныши', 0),
(1626, '', '', '', 5, 'Логойский', 'Янушковичский', 'дер. Трусовичи', 0),
(1627, '', '', '', 5, 'Молодечненский', 'Холхловский', 'дер. Волчки', 0),
(1628, '', '', '', 5, 'Молодечненский', 'Холхловский', 'дер. Дорохи', 0),
(1629, '', '', '', 5, 'Молодечненский', 'Холхловский', 'дер. Задворцы', 0),
(1630, '', '', '', 5, 'Молодечненский', 'Холхловский', 'дер. Лучанские', 0),
(1631, '', '', '', 5, 'Молодечненский', 'Холхловский', 'дер. Мацуковщина', 0),
(1632, '', '', '', 5, 'Молодечненский', 'Холхловский', 'дер. Обуховщина', 0),
(1633, '', '', '', 5, 'Молодечненский', 'Холхловский', 'дер. Холхлово', 0),
(1634, '', '', '', 5, 'Молодечненский', 'Холхловский', 'дер. Шараи', 0),
(1635, '', '', '', 5, 'Слуцкий', 'Первомайский', 'дер. Строхово', 0),
(1636, '', '', '', 5, 'Солигорский', 'Гаврильчицкий', 'дер. Вейно', 0),
(1637, '', '', '', 5, 'Солигорский', 'Гаврильчицкий', 'дер. Гаврильчицы', 0),
(1638, '', '', '', 5, 'Солигорский', 'Гаврильчицкий', 'дер. Дубица', 0),
(1639, '', '', '', 5, 'Солигорский', 'Гаврильчицкий', 'дер. Песчанка', 0),
(1640, '', '', '', 5, 'Солигорский', 'Гаврильчицкий', 'дер. Тесна', 0),
(1641, '', '', '', 5, 'Солигорский', 'Гоцкий', 'агрогородок Гоцк', 0),
(1642, '', '', '', 5, 'Солигорский', 'Хоростовский', 'дер. Груздово', 0),
(1643, '', '', '', 5, 'Солигорский', 'Хоростовский', 'дер. Новина', 0),
(1644, '', '', '', 5, 'Солигорский', 'Хоростовский', 'дер. Пузичи', 0),
(1645, '', '', '', 5, 'Солигорский', 'Хоростовский', 'дер. Хоростово', 0),
(1646, '', '', '', 5, 'Солигорский', 'Хоростовский', 'дер. Челонец', 0),
(1647, '', '', '', 5, 'Столбцовский', 'Тесновский', 'дер. Заменка', 0),
(1648, '', '', '', 5, 'Столбцовский', 'Тесновский', 'дер. Тесновая 1', 0),
(1649, '', '', '', 5, 'Воложинский', 'Першайский', 'дер. Тихоновщина', 0),
(1650, '', '', '', 6, 'Белыничский', 'Запольский', 'дер. Ананьевка', 0),
(1651, '', '', '', 6, 'Белыничский', 'Запольский', 'дер. Барсуки', 0),
(1652, '', '', '', 6, 'Белыничский', 'Запольский', 'дер. Глубокий Брод', 0),
(1653, '', '', '', 6, 'Белыничский', 'Запольский', 'дер. Дручаны', 0),
(1654, '', '', '', 6, 'Белыничский', 'Запольский', 'дер. Замочулье', 0),
(1655, '', '', '', 6, 'Белыничский', 'Запольский', 'дер. Заполье', 0),
(1656, '', '', '', 6, 'Белыничский', 'Запольский', 'дер. Заречье', 0),
(1657, '', '', '', 6, 'Белыничский', 'Запольский', 'дер. Иглица', 0),
(1658, '', '', '', 6, 'Белыничский', 'Запольский', 'дер. Лыньков', 0),
(1659, '', '', '', 6, 'Белыничский', 'Запольский', 'дер. Маковка', 0),
(1660, '', '', '', 6, 'Белыничский', 'Запольский', 'дер. Межонка', 0),
(1661, '', '', '', 6, 'Белыничский', 'Запольский', 'дер. Мотыга', 0),
(1662, '', '', '', 6, 'Белыничский', 'Запольский', 'дер. Паньково', 0),
(1663, '', '', '', 6, 'Белыничский', 'Запольский', 'дер. Подкряжник', 0),
(1664, '', '', '', 6, 'Белыничский', 'Запольский', 'дер. Подчерешень', 0),
(1665, '', '', '', 6, 'Белыничский', 'Запольский', 'пос. Поповка', 0),
(1666, '', '', '', 6, 'Белыничский', 'Запольский', 'пос. Прожектор', 0),
(1667, '', '', '', 6, 'Белыничский', 'Запольский', 'дер. Рубеж', 0),
(1668, '', '', '', 6, 'Белыничский', 'Запольский', 'дер. Семиковка', 0),
(1669, '', '', '', 6, 'Белыничский', 'Запольский', 'дер. Синьково', 0),
(1670, '', '', '', 6, 'Белыничский', 'Запольский', 'пос. Сковородка', 0),
(1671, '', '', '', 6, 'Белыничский', 'Запольский', 'дер. Старина', 0),
(1672, '', '', '', 6, 'Белыничский', 'Запольский', 'дер. Стодолище', 0),
(1673, '', '', '', 6, 'Белыничский', 'Ланьковский', 'пос. Залипье', 0),
(1674, '', '', '', 6, 'Белыничский', 'Ланьковский', 'пос. Крайний', 0),
(1675, '', '', '', 6, 'Белыничский', 'Ланьковский', 'дер. Лубяны', 0),
(1676, '', '', '', 6, 'Белыничский', 'Ланьковский', 'дер. Чигири', 0),
(1677, '', '', '', 6, 'Белыничский', 'Лебедянковский', 'дер. Антонова Буда', 0),
(1678, '', '', '', 6, 'Белыничский', 'Лебедянковский', 'дер. Борок', 0),
(1679, '', '', '', 6, 'Белыничский', 'Лебедянковский', 'дер. Гута', 0),
(1680, '', '', '', 6, 'Белыничский', 'Лебедянковский', 'дер. Студенка', 0),
(1681, '', '', '', 6, 'Белыничский', 'Мощаницкий', 'дер. Бискупка', 0),
(1682, '', '', '', 6, 'Белыничский', 'Мощаницкий', 'агрогородок Большая Мощаница', 0),
(1683, '', '', '', 6, 'Белыничский', 'Мощаницкий', 'дер. Вольница', 0),
(1684, '', '', '', 6, 'Белыничский', 'Мощаницкий', 'пос. Горка', 0),
(1685, '', '', '', 6, 'Белыничский', 'Мощаницкий', 'пос. Дробовка', 0),
(1686, '', '', '', 6, 'Белыничский', 'Мощаницкий', 'дер. Заболотье', 0),
(1687, '', '', '', 6, 'Белыничский', 'Мощаницкий', 'пос. Лисовка', 0),
(1688, '', '', '', 6, 'Белыничский', 'Мощаницкий', 'дер. Малая Мощаница', 0),
(1689, '', '', '', 6, 'Белыничский', 'Мощаницкий', 'дер. Михасевка', 0),
(1690, '', '', '', 6, 'Белыничский', 'Мощаницкий', 'дер. Пороховка', 0),
(1691, '', '', '', 6, 'Белыничский', 'Мощаницкий', 'дер. Рудня', 0),
(1692, '', '', '', 6, 'Белыничский', 'Мощаницкий', 'дер. Секерка', 0),
(1693, '', '', '', 6, 'Белыничский', 'Мощаницкий', 'дер. Селянская Клевка', 0),
(1694, '', '', '', 6, 'Белыничский', 'Техтинский', 'дер. Бахани', 0),
(1695, '', '', '', 6, 'Белыничский', 'Техтинский', 'пос. Гута', 0),
(1696, '', '', '', 6, 'Белыничский', 'Техтинский', 'пос. Дуброво', 0),
(1697, '', '', '', 6, 'Белыничский', 'Техтинский', 'пос. Дутьки', 0),
(1698, '', '', '', 6, 'Белыничский', 'Техтинский', 'пос. Курганье', 0),
(1699, '', '', '', 6, 'Белыничский', 'Техтинский', 'дер. Мистровка', 0),
(1700, '', '', '', 6, 'Белыничский', 'Техтинский', 'дер. Молотовки', 0),
(1701, '', '', '', 6, 'Белыничский', 'Техтинский', 'дер. Осмоловка', 0),
(1702, '', '', '', 6, 'Белыничский', 'Техтинский', 'дер. Поливники', 0),
(1703, '', '', '', 6, 'Белыничский', 'Эсьмонский', 'дер. Белинка', 0),
(1704, '', '', '', 6, 'Белыничский', 'Эсьмонский', 'дер. Мокровичи', 0),
(1705, '', '', '', 6, 'Белыничский', 'Эсьмонский', 'дер. Олешковичи', 0),
(1706, '', '', '', 6, 'Белыничский', 'Эсьмонский', 'дер. Олешковичи 2', 0),
(1707, '', '', '', 6, 'Быховский', 'районное подчинение', 'г. Быхов', 0),
(1708, '', '', '', 6, 'Быховский', 'Борколабовский', 'дер. Барсуки', 0),
(1709, '', '', '', 6, 'Быховский', 'Борколабовский', 'агрогородок Борколабово', 0),
(1710, '', '', '', 6, 'Быховский', 'Борколабовский', 'дер. Боровка', 0),
(1711, '', '', '', 6, 'Быховский', 'Борколабовский', 'дер. Дальнее Лядо', 0),
(1712, '', '', '', 6, 'Быховский', 'Борколабовский', 'дер. Залохвенье', 0),
(1713, '', '', '', 6, 'Быховский', 'Борколабовский', 'дер. Косичи', 0),
(1714, '', '', '', 6, 'Быховский', 'Борколабовский', 'дер. Липовка', 0),
(1715, '', '', '', 6, 'Быховский', 'Борколабовский', 'дер. Сорочино', 0),
(1716, '', '', '', 6, 'Быховский', 'Борколабовский', 'дер. Ходутичи', 0),
(1717, '', '', '', 6, 'Быховский', 'Глухский', 'дер. Восточная', 0),
(1718, '', '', '', 6, 'Быховский', 'Глухский', 'агрогородок Глухи', 0),
(1719, '', '', '', 6, 'Быховский', 'Глухский', 'дер. Забродье', 0),
(1720, '', '', '', 6, 'Быховский', 'Глухский', 'дер. Звонцовка', 0),
(1721, '', '', '', 6, 'Быховский', 'Глухский', 'дер. Новая Слободка', 0),
(1722, '', '', '', 6, 'Быховский', 'Глухский', 'пос. Селище', 0),
(1723, '', '', '', 6, 'Быховский', 'Глухский', 'дер. Слоневщина', 0),
(1724, '', '', '', 6, 'Быховский', 'Глухский', 'дер. Студенка', 0),
(1725, '', '', '', 6, 'Быховский', 'Глухский', 'пос. Уенск', 0),
(1726, '', '', '', 6, 'Быховский', 'Глухский', 'дер. Ямище', 0),
(1727, '', '', '', 6, 'Быховский', 'Грудиновский', 'дер. Бутрамеевка', 0),
(1728, '', '', '', 6, 'Быховский', 'Грудиновский', 'дер. Быново', 0),
(1729, '', '', '', 6, 'Быховский', 'Грудиновский', 'агрогородок Грудиновка', 0),
(1730, '', '', '', 6, 'Быховский', 'Грудиновский', 'дер. Давыдовичи', 0),
(1731, '', '', '', 6, 'Быховский', 'Грудиновский', 'дер. Красный Осовец', 0),
(1732, '', '', '', 6, 'Быховский', 'Грудиновский', 'дер. Перекладовичи', 0),
(1733, '', '', '', 6, 'Быховский', 'Грудиновский', 'дер. Прибережье', 0),
(1734, '', '', '', 6, 'Быховский', 'Грудиновский', 'дер. Рыжковка', 0),
(1735, '', '', '', 6, 'Быховский', 'Краснослободский', 'агрогородок Красная Слобода', 0),
(1736, '', '', '', 6, 'Быховский', 'Краснослободский', 'дер. Липовка', 0),
(1737, '', '', '', 6, 'Быховский', 'Краснослободский', 'дер. Никоновичи', 0),
(1738, '', '', '', 6, 'Быховский', 'Краснослободский', 'дер. Новая Трасна', 0),
(1739, '', '', '', 6, 'Быховский', 'Краснослободский', 'дер. Новый Свет', 0),
(1740, '', '', '', 6, 'Быховский', 'Краснослободский', 'дер. Подгорье', 0),
(1741, '', '', '', 6, 'Быховский', 'Краснослободский', 'дер. Прибор', 0),
(1742, '', '', '', 6, 'Быховский', 'Краснослободский', 'дер. Радьков', 0),
(1743, '', '', '', 6, 'Быховский', 'Краснослободский', 'дер. Радькова Слобода', 0),
(1744, '', '', '', 6, 'Быховский', 'Краснослободский', 'пос. Старая Трасна', 0),
(1745, '', '', '', 6, 'Быховский', 'Краснослободский', 'дер. Усохи', 0),
(1746, '', '', '', 6, 'Быховский', 'Краснослободский', 'дер. Хачинка', 0),
(1747, '', '', '', 6, 'Быховский', 'Лудчицкий', 'дер. Дубовка', 0),
(1748, '', '', '', 6, 'Быховский', 'Лудчицкий', 'дер. Заяченье', 0),
(1749, '', '', '', 6, 'Быховский', 'Лудчицкий', 'пос. Ирдица', 0),
(1750, '', '', '', 6, 'Быховский', 'Лудчицкий', 'пос. Комсомольский', 0),
(1751, '', '', '', 6, 'Быховский', 'Лудчицкий', 'агрогородок Лудчицы', 0),
(1752, '', '', '', 6, 'Быховский', 'Лудчицкий', 'агрогородок Неряж', 0),
(1753, '', '', '', 6, 'Быховский', 'Лудчицкий', 'дер. Осовщина', 0),
(1754, '', '', '', 6, 'Быховский', 'Лудчицкий', 'пос. Савичев Рог', 0),
(1755, '', '', '', 6, 'Быховский', 'Лудчицкий', 'дер. Слобода', 0),
(1756, '', '', '', 6, 'Быховский', 'Лудчицкий', 'пос. Станок', 0),
(1757, '', '', '', 6, 'Быховский', 'Лудчицкий', 'пос. Станция Лудчицы', 0),
(1758, '', '', '', 6, 'Быховский', 'Нижнетощицкий', 'дер. Великий Лес', 0),
(1759, '', '', '', 6, 'Быховский', 'Нижнетощицкий', 'дер. Верхняя Тощица', 0),
(1760, '', '', '', 6, 'Быховский', 'Нижнетощицкий', 'дер. Виляховка', 0),
(1761, '', '', '', 6, 'Быховский', 'Нижнетощицкий', 'дер. Вишенька', 0),
(1762, '', '', '', 6, 'Быховский', 'Нижнетощицкий', 'пос. Заводчик', 0),
(1763, '', '', '', 6, 'Быховский', 'Нижнетощицкий', 'дер. Истопки', 0),
(1764, '', '', '', 6, 'Быховский', 'Нижнетощицкий', 'пос. Калинин', 0),
(1765, '', '', '', 6, 'Быховский', 'Нижнетощицкий', 'пос. Ленина', 0),
(1766, '', '', '', 6, 'Быховский', 'Нижнетощицкий', 'дер. Липа', 0),
(1767, '', '', '', 6, 'Быховский', 'Нижнетощицкий', 'дер. Нижняя Тощица', 0),
(1768, '', '', '', 6, 'Быховский', 'Нижнетощицкий', 'дер. Первое Мая', 0),
(1769, '', '', '', 6, 'Быховский', 'Нижнетощицкий', 'дер. Портолевка', 0),
(1770, '', '', '', 6, 'Быховский', 'Нижнетощицкий', 'пос. Рабочий', 0),
(1771, '', '', '', 6, 'Быховский', 'Нижнетощицкий', 'дер. Синеж', 0),
(1772, '', '', '', 6, 'Быховский', 'Нижнетощицкий', 'дер. Тощица', 0),
(1773, '', '', '', 6, 'Быховский', 'Новобыховский', 'пос. Адаменка', 0),
(1774, '', '', '', 6, 'Быховский', 'Новобыховский', 'дер. Вотня', 0),
(1775, '', '', '', 6, 'Быховский', 'Новобыховский', 'пос. Калинина', 0),
(1776, '', '', '', 6, 'Быховский', 'Новобыховский', 'дер. Ленина', 0),
(1777, '', '', '', 6, 'Быховский', 'Новобыховский', 'агрогородок Новый Быхов', 0),
(1778, '', '', '', 6, 'Быховский', 'Новобыховский', 'дер. Таймоново', 0),
(1779, '', '', '', 6, 'Быховский', 'Новобыховский', 'пос. Яново', 0),
(1780, '', '', '', 6, 'Быховский', 'Обидовичский', 'дер. Веть', 0),
(1781, '', '', '', 6, 'Быховский', 'Обидовичский', 'пос. Громада', 0),
(1782, '', '', '', 6, 'Быховский', 'Обидовичский', 'дер. Долгое', 0),
(1783, '', '', '', 6, 'Быховский', 'Обидовичский', 'дер. Дружба', 0),
(1784, '', '', '', 6, 'Быховский', 'Обидовичский', 'пос. Заболотное', 0),
(1785, '', '', '', 6, 'Быховский', 'Обидовичский', 'дер. Забродье', 0),
(1786, '', '', '', 6, 'Быховский', 'Обидовичский', 'дер. Искань', 0),
(1787, '', '', '', 6, 'Быховский', 'Обидовичский', 'дер. Круглица', 0),
(1788, '', '', '', 6, 'Быховский', 'Обидовичский', 'дер. Кулага', 0),
(1789, '', '', '', 6, 'Быховский', 'Обидовичский', 'дер. Липовица', 0),
(1790, '', '', '', 6, 'Быховский', 'Обидовичский', 'дер. Лосевка', 0),
(1791, '', '', '', 6, 'Быховский', 'Обидовичский', 'агрогородок Обидовичи', 0),
(1792, '', '', '', 6, 'Быховский', 'Обидовичский', 'дер. Палки', 0),
(1793, '', '', '', 6, 'Быховский', 'Обидовичский', 'дер. Погорки', 0),
(1794, '', '', '', 6, 'Быховский', 'Обидовичский', 'агрогородок Поляниновичи', 0),
(1795, '', '', '', 6, 'Быховский', 'Обидовичский', 'дер. Пролетарий', 0),
(1796, '', '', '', 6, 'Быховский', 'Обидовичский', 'дер. Селец', 0),
(1797, '', '', '', 6, 'Быховский', 'Обидовичский', 'дер. Старое Село', 0),
(1798, '', '', '', 6, 'Быховский', 'Обидовичский', 'дер. Тристивка', 0),
(1799, '', '', '', 6, 'Быховский', 'Следюковский', 'дер. Воронино', 0),
(1800, '', '', '', 6, 'Быховский', 'Следюковский', 'дер. Годылево', 0),
(1801, '', '', '', 6, 'Быховский', 'Следюковский', 'дер. Красница-1', 0),
(1802, '', '', '', 6, 'Быховский', 'Следюковский', 'дер. Красница-2', 0),
(1803, '', '', '', 6, 'Быховский', 'Следюковский', 'дер. Кузьковичи', 0),
(1804, '', '', '', 6, 'Быховский', 'Следюковский', 'дер. Латколония', 0),
(1805, '', '', '', 6, 'Быховский', 'Следюковский', 'агрогородок Следюки', 0),
(1806, '', '', '', 6, 'Быховский', 'Смолицкий', 'дер. Ветренка', 0),
(1807, '', '', '', 6, 'Быховский', 'Смолицкий', 'дер. Добужа', 0),
(1808, '', '', '', 6, 'Быховский', 'Смолицкий', 'агрогородок Смолица', 0),
(1809, '', '', '', 6, 'Быховский', 'Смолицкий', 'дер. Трилесино', 0),
(1810, '', '', '', 6, 'Быховский', 'Смолицкий', 'пос. Ухлясть', 0),
(1811, '', '', '', 6, 'Быховский', 'Холстовский', 'дер. Бросовинка', 0),
(1812, '', '', '', 6, 'Быховский', 'Холстовский', 'дер. Городец', 0),
(1813, '', '', '', 6, 'Быховский', 'Холстовский', 'дер. Замошье', 0),
(1814, '', '', '', 6, 'Быховский', 'Холстовский', 'пос. Лапша', 0),
(1815, '', '', '', 6, 'Быховский', 'Холстовский', 'дер. Лубянка', 0),
(1816, '', '', '', 6, 'Быховский', 'Холстовский', 'дер. Людков', 0),
(1817, '', '', '', 6, 'Быховский', 'Холстовский', 'дер. Мазки', 0),
(1818, '', '', '', 6, 'Быховский', 'Холстовский', 'агрогородок Мокрое', 0),
(1819, '', '', '', 6, 'Быховский', 'Холстовский', 'дер. Мокрянские Хутора', 0),
(1820, '', '', '', 6, 'Быховский', 'Холстовский', 'дер. Пенюги', 0),
(1821, '', '', '', 6, 'Быховский', 'Холстовский', 'дер. Подкленье', 0),
(1822, '', '', '', 6, 'Быховский', 'Холстовский', 'дер. Резки', 0),
(1823, '', '', '', 6, 'Быховский', 'Холстовский', 'дер. Сапежинка', 0),
(1824, '', '', '', 6, 'Быховский', 'Холстовский', 'дер. Седич', 0),
(1825, '', '', '', 6, 'Быховский', 'Холстовский', 'дер. Селиба', 0),
(1826, '', '', '', 6, 'Быховский', 'Холстовский', 'дер. Сущев', 0),
(1827, '', '', '', 6, 'Быховский', 'Холстовский', 'дер. Трестивец', 0),
(1828, '', '', '', 6, 'Быховский', 'Холстовский', 'дер. Холстово', 0),
(1829, '', '', '', 6, 'Быховский', 'Холстовский', 'дер. Хутор', 0),
(1830, '', '', '', 6, 'Быховский', 'Черноборский', 'дер. Болоновка', 0),
(1831, '', '', '', 6, 'Быховский', 'Черноборский', 'дер. Болонов-Селец', 0),
(1832, '', '', '', 6, 'Быховский', 'Черноборский', 'дер. Болонов Селец 2', 0),
(1833, '', '', '', 6, 'Быховский', 'Черноборский', 'пос. Будище', 0),
(1834, '', '', '', 6, 'Быховский', 'Черноборский', 'дер. Галеевка', 0),
(1835, '', '', '', 6, 'Быховский', 'Черноборский', 'дер. Гальковка', 0),
(1836, '', '', '', 6, 'Быховский', 'Черноборский', 'дер. Глухская Селиба', 0),
(1837, '', '', '', 6, 'Быховский', 'Черноборский', 'пос. Грони', 0),
(1838, '', '', '', 6, 'Быховский', 'Черноборский', 'пос. Грудичино', 0),
(1839, '', '', '', 6, 'Быховский', 'Черноборский', 'дер. Дроздова Лоза', 0),
(1840, '', '', '', 6, 'Быховский', 'Черноборский', 'агрогородок Дуброва', 0),
(1841, '', '', '', 6, 'Быховский', 'Черноборский', 'дер. Еленщина', 0),
(1842, '', '', '', 6, 'Быховский', 'Черноборский', 'дер. Золотва', 0),
(1843, '', '', '', 6, 'Быховский', 'Черноборский', 'пос. Козел', 0),
(1844, '', '', '', 6, 'Быховский', 'Черноборский', 'пос. Комаровка', 0),
(1845, '', '', '', 6, 'Быховский', 'Черноборский', 'дер. Коровчено', 0),
(1846, '', '', '', 6, 'Быховский', 'Черноборский', 'дер. Короткие', 0),
(1847, '', '', '', 6, 'Быховский', 'Черноборский', 'дер. Краснополье', 0),
(1848, '', '', '', 6, 'Быховский', 'Черноборский', 'дер. Кучин', 0),
(1849, '', '', '', 6, 'Быховский', 'Черноборский', 'пос. Малый Крушниковский', 0),
(1850, '', '', '', 6, 'Быховский', 'Черноборский', 'пос. Новая Селиба', 0),
(1851, '', '', '', 6, 'Быховский', 'Черноборский', 'дер. Новый Кучин', 0),
(1852, '', '', '', 6, 'Быховский', 'Черноборский', 'пос. Пасека', 0),
(1853, '', '', '', 6, 'Быховский', 'Черноборский', 'пос. Писаревка', 0),
(1854, '', '', '', 6, 'Быховский', 'Черноборский', 'дер. Подговорака', 0),
(1855, '', '', '', 6, 'Быховский', 'Черноборский', 'пос. Пузан', 0),
(1856, '', '', '', 6, 'Быховский', 'Черноборский', 'пос. Средне-Крушниковский', 0),
(1857, '', '', '', 6, 'Быховский', 'Черноборский', 'дер. Стаховщина', 0),
(1858, '', '', '', 6, 'Быховский', 'Черноборский', 'дер. Твердово', 0),
(1859, '', '', '', 6, 'Быховский', 'Черноборский', 'пос. Тешемье', 0),
(1860, '', '', '', 6, 'Быховский', 'Черноборский', 'пос. Турловка', 0),
(1861, '', '', '', 6, 'Быховский', 'Черноборский', 'дер. Фрунзе', 0),
(1862, '', '', '', 6, 'Быховский', 'Черноборский', 'дер. Черногрязь', 0),
(1863, '', '', '', 6, 'Быховский', 'Черноборский', 'агрогородок Черный Бор', 0),
(1864, '', '', '', 6, 'Быховский', 'Черноборский', 'дер. Чечевичи', 0),
(1865, '', '', '', 6, 'Быховский', 'Ямницкий', 'дер. Барсуки', 0),
(1866, '', '', '', 6, 'Быховский', 'Ямницкий', 'дер. Выгода', 0),
(1867, '', '', '', 6, 'Быховский', 'Ямницкий', 'дер. Вьюн', 0),
(1868, '', '', '', 6, 'Быховский', 'Ямницкий', 'дер. Вязьма', 0),
(1869, '', '', '', 6, 'Быховский', 'Ямницкий', 'дер. Гамарня', 0),
(1870, '', '', '', 6, 'Быховский', 'Ямницкий', 'дер. Дедово', 0),
(1871, '', '', '', 6, 'Быховский', 'Ямницкий', 'дер. Дунаек', 0),
(1872, '', '', '', 6, 'Быховский', 'Ямницкий', 'дер. Клетное', 0),
(1873, '', '', '', 6, 'Быховский', 'Ямницкий', 'дер. Красная Беларусь', 0),
(1874, '', '', '', 6, 'Быховский', 'Ямницкий', 'дер. Лагодово', 0),
(1875, '', '', '', 6, 'Быховский', 'Ямницкий', 'дер. Новая Боярщина 1', 0),
(1876, '', '', '', 6, 'Быховский', 'Ямницкий', 'дер. Новая Боярщина 2', 0),
(1877, '', '', '', 6, 'Быховский', 'Ямницкий', 'дер. Подлесье', 0),
(1878, '', '', '', 6, 'Быховский', 'Ямницкий', 'дер. Проточное', 0),
(1879, '', '', '', 6, 'Быховский', 'Ямницкий', 'дер. Романяцкая Гута', 0),
(1880, '', '', '', 6, 'Быховский', 'Ямницкий', 'дер. Старая Боярщина', 0),
(1881, '', '', '', 6, 'Быховский', 'Ямницкий', 'дер. Хомичи', 0),
(1882, '', '', '', 6, 'Быховский', 'Ямницкий', 'дер. Ямное', 0),
(1883, '', '', '', 6, 'Кировский', 'Стайковский', 'дер. Галыновка', 0),
(1884, '', '', '', 6, 'Кировский', 'Стайковский', 'дер. Дубцы', 0),
(1885, '', '', '', 6, 'Кировский', 'Стайковский', 'дер. Подселы', 0),
(1886, '', '', '', 6, 'Кировский', 'Стайковский', 'дер. Прибор', 0),
(1887, '', '', '', 6, 'Кировский', 'Стайковский', 'дер. Селиба', 0),
(1888, '', '', '', 6, 'Кировский', 'Стайковский', 'агрогородок Стайки', 0),
(1889, '', '', '', 6, 'Кировский', 'Стайковский', 'дер. Чигиринка', 0),
(1890, '', '', '', 6, 'Кировский', 'Стайковский', 'дер. Шмаки', 0),
(1891, '', '', '', 6, 'Климовичский', 'Лобжанский', 'дер. Борисовичи', 0),
(1892, '', '', '', 6, 'Климовичский', 'Лобжанский', 'дер. Попехинка', 0),
(1893, '', '', '', 6, 'Климовичский', 'Тимоновский', 'дер. Рысин', 0),
(1894, '', '', '', 6, 'Кличевский', 'Долговский', 'дер. Брилевка', 0),
(1895, '', '', '', 6, 'Кличевский', 'Долговский', 'дер. Вестник', 0),
(1896, '', '', '', 6, 'Кличевский', 'Долговский', 'дер. Вишневка', 0),
(1897, '', '', '', 6, 'Кличевский', 'Долговский', 'дер. Гулы', 0),
(1898, '', '', '', 6, 'Кличевский', 'Долговский', 'агрогородок Долгое', 0),
(1899, '', '', '', 6, 'Кличевский', 'Долговский', 'дер. Должанка', 0),
(1900, '', '', '', 6, 'Кличевский', 'Долговский', 'дер. Дубно', 0),
(1901, '', '', '', 6, 'Кличевский', 'Долговский', 'дер. Еловка', 0),
(1902, '', '', '', 6, 'Кличевский', 'Долговский', 'дер. Загатье', 0),
(1903, '', '', '', 6, 'Кличевский', 'Долговский', 'дер. Закупленье', 0),
(1904, '', '', '', 6, 'Кличевский', 'Долговский', 'дер. Заличинка', 0),
(1905, '', '', '', 6, 'Кличевский', 'Долговский', 'дер. Звальня', 0),
(1906, '', '', '', 6, 'Кличевский', 'Долговский', 'дер. Каличенка', 0),
(1907, '', '', '', 6, 'Кличевский', 'Долговский', 'пос. Милое', 0),
(1908, '', '', '', 6, 'Кличевский', 'Долговский', 'дер. Новая Слободка', 0),
(1909, '', '', '', 6, 'Кличевский', 'Долговский', 'дер. Терехов Бор', 0),
(1910, '', '', '', 6, 'Кличевский', 'Долговский', 'дер. Ядреная Слобода', 0),
(1911, '', '', '', 6, 'Костюковичский', 'Белодубровский', 'агрогородок Белая Дуброва', 0),
(1912, '', '', '', 6, 'Костюковичский', 'Белодубровский', 'дер. Боровка', 0),
(1913, '', '', '', 6, 'Костюковичский', 'Белодубровский', 'дер. Колодливо', 0),
(1914, '', '', '', 6, 'Костюковичский', 'Белодубровский', 'дер. Красная Заря', 0),
(1915, '', '', '', 6, 'Костюковичский', 'Белодубровский', 'дер. Насетское', 0),
(1916, '', '', '', 6, 'Костюковичский', 'Бороньковский', 'дер. Боровая', 0),
(1917, '', '', '', 6, 'Костюковичский', 'Бороньковский', 'дер. Дубровка', 0),
(1918, '', '', '', 6, 'Костюковичский', 'Бороньковский', 'дер. Жарки', 0),
(1919, '', '', '', 6, 'Костюковичский', 'Бороньковский', 'дер. Жуковка', 0),
(1920, '', '', '', 6, 'Костюковичский', 'Бороньковский', 'дер. Мошевое', 0),
(1921, '', '', '', 6, 'Костюковичский', 'Бороньковский', 'дер. Паньковская Буда', 0),
(1922, '', '', '', 6, 'Костюковичский', 'Бороньковский', 'дер. Подрайск', 0),
(1923, '', '', '', 6, 'Костюковичский', 'Бороньковский', 'дер. Раек', 0),
(1924, '', '', '', 6, 'Костюковичский', 'Бороньковский', 'дер. Трояновка', 0),
(1925, '', '', '', 6, 'Костюковичский', 'Забычанский', 'дер. Голочевка', 0),
(1926, '', '', '', 6, 'Костюковичский', 'Забычанский', 'пос. Забычанье', 0),
(1927, '', '', '', 6, 'Костюковичский', 'Забычанский', 'пос. Красный Курган', 0),
(1928, '', '', '', 6, 'Костюковичский', 'Забычанский', 'дер. Негино', 0),
(1929, '', '', '', 6, 'Краснопольский', 'районное подчинение', 'г.п. Краснополье', 0),
(1930, '', '', '', 6, 'Краснопольский', 'Горский', 'дер. Артехов', 0),
(1931, '', '', '', 6, 'Краснопольский', 'Горский', 'дер. Бирюли', 0),
(1932, '', '', '', 6, 'Краснопольский', 'Горский', 'пос. Веселый', 0),
(1933, '', '', '', 6, 'Краснопольский', 'Горский', 'дер. Горенка', 0),
(1934, '', '', '', 6, 'Краснопольский', 'Горский', 'агрогородок Горы', 0),
(1935, '', '', '', 6, 'Краснопольский', 'Горский', 'дер. Грибы', 0),
(1936, '', '', '', 6, 'Краснопольский', 'Горский', 'дер. Дерновая', 0),
(1937, '', '', '', 6, 'Краснопольский', 'Горский', 'дер. Дубровка', 0),
(1938, '', '', '', 6, 'Краснопольский', 'Горский', 'пос. Ковпита', 0),
(1939, '', '', '', 6, 'Краснопольский', 'Горский', 'агрогородок Ленина', 0),
(1940, '', '', '', 6, 'Краснопольский', 'Горский', 'пос. Некрасов', 0),
(1941, '', '', '', 6, 'Краснопольский', 'Горский', 'пос. Средний', 0),
(1942, '', '', '', 6, 'Краснопольский', 'Горский', 'дер. Стайки', 0),
(1943, '', '', '', 6, 'Краснопольский', 'Мхиничский', 'дер. Буглаи', 0),
(1944, '', '', '', 6, 'Краснопольский', 'Мхиничский', 'дер. Глыбов', 0),
(1945, '', '', '', 6, 'Краснопольский', 'Мхиничский', 'дер. Козелье', 0),
(1946, '', '', '', 6, 'Краснопольский', 'Мхиничский', 'пос. Новое Житье', 0),
(1947, '', '', '', 6, 'Краснопольский', 'Мхиничский', 'дер. Романьки', 0),
(1948, '', '', '', 6, 'Краснопольский', 'Мхиничский', 'пос. Струменск', 0),
(1949, '', '', '', 6, 'Краснопольский', 'Мхиничский', 'агрогородок Холмы', 0),
(1950, '', '', '', 6, 'Краснопольский', 'Мхиничский', 'дер. Ячная Буда', 0),
(1951, '', '', '', 6, 'Краснопольский', 'Сидоровский', 'дер. Большие Хуторы', 0),
(1952, '', '', '', 6, 'Краснопольский', 'Сидоровский', 'дер. Городецкая', 0),
(1953, '', '', '', 6, 'Краснопольский', 'Сидоровский', 'дер. Заводок', 0),
(1954, '', '', '', 6, 'Краснопольский', 'Сидоровский', 'дер. Калиновка', 0),
(1955, '', '', '', 6, 'Краснопольский', 'Сидоровский', 'дер. Кожемякино', 0),
(1956, '', '', '', 6, 'Краснопольский', 'Сидоровский', 'пос. Луч', 0),
(1957, '', '', '', 6, 'Краснопольский', 'Сидоровский', 'дер. Лютня', 0),
(1958, '', '', '', 6, 'Краснопольский', 'Сидоровский', 'дер. Лютнянская Буда', 0),
(1959, '', '', '', 6, 'Краснопольский', 'Сидоровский', 'дер. Малые Хуторы', 0),
(1960, '', '', '', 6, 'Краснопольский', 'Сидоровский', 'дер. Медведовка', 0),
(1961, '', '', '', 6, 'Краснопольский', 'Сидоровский', 'дер. Новая Ясенка', 0),
(1962, '', '', '', 6, 'Краснопольский', 'Сидоровский', 'пос. Новина', 0),
(1963, '', '', '', 6, 'Краснопольский', 'Сидоровский', 'пос. Новоселки', 0),
(1964, '', '', '', 6, 'Краснопольский', 'Сидоровский', 'дер. Сидоровка', 0),
(1965, '', '', '', 6, 'Краснопольский', 'Сидоровский', 'дер. Травна', 0),
(1966, '', '', '', 6, 'Краснопольский', 'Сидоровский', 'дер. Турейск', 0),
(1967, '', '', '', 6, 'Краснопольский', 'Сидоровский', 'дер. Устиновичи', 0),
(1968, '', '', '', 6, 'Краснопольский', 'Сидоровский', 'дер. Федоровка', 0),
(1969, '', '', '', 6, 'Краснопольский', 'Сидоровский', 'дер. Ясенка', 0),
(1970, '', '', '', 6, 'Краснопольский', 'Сидоровский', 'дер. Яснополье', 0),
(1971, '', '', '', 6, 'Краснопольский', 'Турьевский', 'пос. Буходьково', 0),
(1972, '', '', '', 6, 'Краснопольский', 'Турьевский', 'пос. Восход', 0),
(1973, '', '', '', 6, 'Краснопольский', 'Турьевский', 'пос. Гора', 0),
(1974, '', '', '', 6, 'Краснопольский', 'Турьевский', 'пос. Долгая Выгорь', 0),
(1975, '', '', '', 6, 'Краснопольский', 'Турьевский', 'пос. Дубровка', 0),
(1976, '', '', '', 6, 'Краснопольский', 'Турьевский', 'дер. Клясино', 0),
(1977, '', '', '', 6, 'Краснопольский', 'Турьевский', 'дер. Князевка', 0),
(1978, '', '', '', 6, 'Краснопольский', 'Турьевский', 'пос. Курганье', 0),
(1979, '', '', '', 6, 'Краснопольский', 'Турьевский', 'пос. Ломы', 0),
(1980, '', '', '', 6, 'Краснопольский', 'Турьевский', 'дер. Малюшино', 0),
(1981, '', '', '', 6, 'Краснопольский', 'Турьевский', 'пос. Непобедимый', 0),
(1982, '', '', '', 6, 'Краснопольский', 'Турьевский', 'агрогородок Почепы', 0),
(1983, '', '', '', 6, 'Краснопольский', 'Турьевский', 'пос. Станислав', 0),
(1984, '', '', '', 6, 'Краснопольский', 'Турьевский', 'дер. Трубильня', 0),
(1985, '', '', '', 6, 'Краснопольский', 'Турьевский', 'агрогородок Турья', 0),
(1986, '', '', '', 6, 'Краснопольский', 'Турьевский', 'пос. Хвощи', 0),
(1987, '', '', '', 6, 'Краснопольский', 'Турьевский', 'пос. Широкий', 0),
(1988, '', '', '', 6, 'Краснопольский', 'Яновский', 'дер. Буглаи', 0),
(1989, '', '', '', 6, 'Краснопольский', 'Яновский', 'дер. Галузы', 0),
(1990, '', '', '', 6, 'Краснопольский', 'Яновский', 'пос. Лесовой', 0),
(1991, '', '', '', 6, 'Краснопольский', 'Яновский', 'дер. Малиновка', 0),
(1992, '', '', '', 6, 'Краснопольский', 'Яновский', 'пос. Передовой', 0),
(1993, '', '', '', 6, 'Краснопольский', 'Яновский', 'агрогородок Яновка', 0),
(1994, '', '', '', 6, 'Кричевский', 'Ботвиновский', 'агрогородок Ботвиновка', 0),
(1995, '', '', '', 6, 'Кричевский', 'Ботвиновский', 'дер. Брянск', 0),
(1996, '', '', '', 6, 'Кричевский', 'Ботвиновский', 'дер. Вородьков 1', 0),
(1997, '', '', '', 6, 'Кричевский', 'Ботвиновский', 'дер. Вородьков-2', 0),
(1998, '', '', '', 6, 'Кричевский', 'Ботвиновский', 'дер. Вородьков-3', 0),
(1999, '', '', '', 6, 'Кричевский', 'Ботвиновский', 'дер. Даленщина', 0),
(2000, '', '', '', 6, 'Кричевский', 'Ботвиновский', 'дер. Зайцева Слобода', 0),
(2001, '', '', '', 6, 'Кричевский', 'Ботвиновский', 'дер. Концы', 0),
(2002, '', '', '', 6, 'Кричевский', 'Ботвиновский', 'пос. Лучки', 0),
(2003, '', '', '', 6, 'Кричевский', 'Ботвиновский', 'дер. Малиновка', 0),
(2004, '', '', '', 6, 'Кричевский', 'Ботвиновский', 'дер. Мастицкая Слобода', 0),
(2005, '', '', '', 6, 'Кричевский', 'Ботвиновский', 'дер. Милятино', 0),
(2006, '', '', '', 6, 'Кричевский', 'Ботвиновский', 'дер. Осовец', 0),
(2007, '', '', '', 6, 'Кричевский', 'Ботвиновский', 'дер. Прусино', 0),
(2008, '', '', '', 6, 'Кричевский', 'Ботвиновский', 'дер. Ратная', 0),
(2009, '', '', '', 6, 'Кричевский', 'Ботвиновский', 'дер. Репище', 0),
(2010, '', '', '', 6, 'Кричевский', 'Ботвиновский', 'дер. Сетное', 0),
(2011, '', '', '', 6, 'Кричевский', 'Ботвиновский', 'дер. Сычики', 0),
(2012, '', '', '', 6, 'Кричевский', 'Ботвиновский', 'дер. Тиньков', 0),
(2013, '', '', '', 6, 'Кричевский', 'Ботвиновский', 'дер. Юрковка', 0),
(2014, '', '', '', 6, 'Кричевский', 'Костюшковичский', 'дер. Волчас', 0),
(2015, '', '', '', 6, 'Кричевский', 'Костюшковичский', 'дер. Гуркова Нива', 0),
(2016, '', '', '', 6, 'Кричевский', 'Костюшковичский', 'пос. Долгий Лог', 0),
(2017, '', '', '', 6, 'Кричевский', 'Костюшковичский', 'дер. Дорогая', 0),
(2018, '', '', '', 6, 'Кричевский', 'Костюшковичский', 'агрогородок Костюшковичи', 0),
(2019, '', '', '', 6, 'Кричевский', 'Костюшковичский', 'дер. Лущевинка', 0),
(2020, '', '', '', 6, 'Кричевский', 'Костюшковичский', 'дер. Маковье', 0),
(2021, '', '', '', 6, 'Кричевский', 'Костюшковичский', 'дер. Мальковка', 0),
(2022, '', '', '', 6, 'Кричевский', 'Костюшковичский', 'дер. Поклады', 0),
(2023, '', '', '', 6, 'Кричевский', 'Костюшковичский', 'дер. Прыговка', 0),
(2024, '', '', '', 6, 'Кричевский', 'Костюшковичский', 'пос. Пушкари', 0),
(2025, '', '', '', 6, 'Кричевский', 'Костюшковичский', 'дер. Свадковичи', 0),
(2026, '', '', '', 6, 'Кричевский', 'Костюшковичский', 'дер. Сечихи', 0),
(2027, '', '', '', 6, 'Кричевский', 'Костюшковичский', 'дер. Хатиловичи', 0),
(2028, '', '', '', 6, 'Могилевский', 'Буйничский', 'дер. Добросневичи', 0),
(2029, '', '', '', 6, 'Могилевский', 'Вейнянский', 'агрогородок Вейно', 0),
(2030, '', '', '', 6, 'Могилевский', 'Вейнянский', 'дер. Вильчицы', 0),
(2031, '', '', '', 6, 'Могилевский', 'Вейнянский', 'агрогородок Восход', 0),
(2032, '', '', '', 6, 'Могилевский', 'Вейнянский', 'дер. Новоселки', 0),
(2033, '', '', '', 6, 'Могилевский', 'Вендорожский', 'дер. Барсуки', 0),
(2034, '', '', '', 6, 'Могилевский', 'Вендорожский', 'дер. Березовка', 0),
(2035, '', '', '', 6, 'Могилевский', 'Вендорожский', 'дер. Бортняки', 0),
(2036, '', '', '', 6, 'Могилевский', 'Вендорожский', 'агрогородок Вендорож', 0),
(2037, '', '', '', 6, 'Могилевский', 'Вендорожский', 'дер. Гуслище', 0),
(2038, '', '', '', 6, 'Могилевский', 'Вендорожский', 'дер. Гуслянка', 0),
(2039, '', '', '', 6, 'Могилевский', 'Вендорожский', 'дер. Залесье', 0),
(2040, '', '', '', 6, 'Могилевский', 'Вендорожский', 'дер. Концы', 0),
(2041, '', '', '', 6, 'Могилевский', 'Вендорожский', 'дер. Корчемка', 0),
(2042, '', '', '', 6, 'Могилевский', 'Вендорожский', 'дер. Новый Синин', 0),
(2043, '', '', '', 6, 'Могилевский', 'Вендорожский', 'дер. Понизов', 0),
(2044, '', '', '', 6, 'Могилевский', 'Вендорожский', 'дер. Старый Синин', 0),
(2045, '', '', '', 6, 'Могилевский', 'Дашковский', 'агрогородок Дашковка', 0),
(2046, '', '', '', 6, 'Могилевский', 'Дашковский', 'дер. Досова Селиба', 0),
(2047, '', '', '', 6, 'Могилевский', 'Дашковский', 'агрогородок Межисетки', 0),
(2048, '', '', '', 6, 'Могилевский', 'Дашковский', 'дер. Стайки', 0),
(2049, '', '', '', 6, 'Могилевский', 'Заводскослободский', 'дер. Батунь', 0),
(2050, '', '', '', 6, 'Могилевский', 'Заводскослободский', 'дер. Бокотовка', 0),
(2051, '', '', '', 6, 'Могилевский', 'Заводскослободский', 'дер. Большое Хоново', 0),
(2052, '', '', '', 6, 'Могилевский', 'Заводскослободский', 'дер. Будовля', 0),
(2053, '', '', '', 6, 'Могилевский', 'Заводскослободский', 'дер. Городок', 0),
(2054, '', '', '', 6, 'Могилевский', 'Заводскослободский', 'дер. Досовичи', 0),
(2055, '', '', '', 6, 'Могилевский', 'Заводскослободский', 'дер. Дубровка', 0),
(2056, '', '', '', 6, 'Могилевский', 'Заводскослободский', 'пос. Жабино', 0),
(2057, '', '', '', 6, 'Могилевский', 'Заводскослободский', 'дер. Заболотье', 0),
(2058, '', '', '', 6, 'Могилевский', 'Заводскослободский', 'дер. Загрезье', 0),
(2059, '', '', '', 6, 'Могилевский', 'Заводскослободский', 'дер. Каменка', 0),
(2060, '', '', '', 6, 'Могилевский', 'Заводскослободский', 'дер. Коцни', 0),
(2061, '', '', '', 6, 'Могилевский', 'Заводскослободский', 'дер. Малое Хоново', 0),
(2062, '', '', '', 6, 'Могилевский', 'Заводскослободский', 'дер. Незовка', 0),
(2063, '', '', '', 6, 'Могилевский', 'Заводскослободский', 'дер. Перстилы', 0),
(2064, '', '', '', 6, 'Могилевский', 'Заводскослободский', 'дер. Подберезье', 0),
(2065, '', '', '', 6, 'Могилевский', 'Заводскослободский', 'дер. Подбродье', 0),
(2066, '', '', '', 6, 'Могилевский', 'Заводскослободский', 'пос. Полевой', 0),
(2067, '', '', '', 6, 'Могилевский', 'Заводскослободский', 'дер. Поплавщина', 0),
(2068, '', '', '', 6, 'Могилевский', 'Заводскослободский', 'дер. Репище', 0),
(2069, '', '', '', 6, 'Могилевский', 'Заводскослободский', 'дер. Сининщина', 0),
(2070, '', '', '', 6, 'Могилевский', 'Заводскослободский', 'дер. Чернобель', 0),
(2071, '', '', '', 6, 'Могилевский', 'Княжицкий', 'дер. Бобровичи', 0),
(2072, '', '', '', 6, 'Могилевский', 'Княжицкий', 'агрогородок Княжицы', 0),
(2073, '', '', '', 6, 'Могилевский', 'Княжицкий', 'дер. Щеглица', 0),
(2074, '', '', '', 6, 'Могилевский', 'Маховский', 'дер. Большая Дубровка', 0),
(2075, '', '', '', 6, 'Могилевский', 'Маховский', 'дер. Запрудье', 0),
(2076, '', '', '', 6, 'Могилевский', 'Маховский', 'дер. Костинка', 0),
(2077, '', '', '', 6, 'Могилевский', 'Маховский', 'дер. Липец', 0),
(2078, '', '', '', 6, 'Могилевский', 'Маховский', 'дер. Малая Дубровка', 0),
(2079, '', '', '', 6, 'Могилевский', 'Маховский', 'дер. Малый Осовец', 0),
(2080, '', '', '', 6, 'Могилевский', 'Маховский', 'агрогородок Махово', 0),
(2081, '', '', '', 6, 'Могилевский', 'Маховский', 'дер. Пустой Осовец', 0),
(2082, '', '', '', 6, 'Могилевский', 'Маховский', 'дер. Старая Милеевка', 0),
(2083, '', '', '', 6, 'Могилевский', 'Семукачский', 'пос. Александров', 0),
(2084, '', '', '', 6, 'Могилевский', 'Семукачский', 'дер. Большие Белевичи', 0),
(2085, '', '', '', 6, 'Могилевский', 'Семукачский', 'дер. Большое Запоточье', 0),
(2086, '', '', '', 6, 'Могилевский', 'Семукачский', 'дер. Городище', 0),
(2087, '', '', '', 6, 'Могилевский', 'Семукачский', 'дер. Коркать', 0),
(2088, '', '', '', 6, 'Могилевский', 'Семукачский', 'дер. Малое Запоточье', 0),
(2089, '', '', '', 6, 'Могилевский', 'Семукачский', 'дер. Новая Нива', 0),
(2090, '', '', '', 6, 'Могилевский', 'Семукачский', 'дер. Олень', 0),
(2091, '', '', '', 6, 'Могилевский', 'Семукачский', 'дер. Ольховка', 0),
(2092, '', '', '', 6, 'Могилевский', 'Семукачский', 'дер. Орлянка', 0),
(2093, '', '', '', 6, 'Могилевский', 'Семукачский', 'дер. Островщина', 0),
(2094, '', '', '', 6, 'Могилевский', 'Семукачский', 'дер. Пуща', 0),
(2095, '', '', '', 6, 'Могилевский', 'Семукачский', 'дер. Рог', 0),
(2096, '', '', '', 6, 'Могилевский', 'Семукачский', 'агрогородок Семукачи', 0),
(2097, '', '', '', 6, 'Могилевский', 'Семукачский', 'дер. Синюга', 0),
(2098, '', '', '', 6, 'Могилевский', 'Семукачский', 'дер. Смолярня', 0),
(2099, '', '', '', 6, 'Могилевский', 'Семукачский', 'дер. Химница', 0),
(2100, '', '', '', 6, 'Могилевский', 'Сидоровичский', 'дер. Боровка', 0),
(2101, '', '', '', 6, 'Могилевский', 'Сидоровичский', 'дер. Лыково', 0),
(2102, '', '', '', 6, 'Могилевский', 'Сидоровичский', 'дер. Новая Милеевка', 0),
(2103, '', '', '', 6, 'Могилевский', 'Сидоровичский', 'дер. Полна', 0),
(2104, '', '', '', 6, 'Могилевский', 'Сидоровичский', 'агрогородок Сидоровичи', 0),
(2105, '', '', '', 6, 'Могилевский', 'Сидоровичский', 'дер. Слободка', 0),
(2106, '', '', '', 6, 'Могилевский', 'Сидоровичский', 'дер. Шилов Угол', 0),
(2107, '', '', '', 6, 'Мстиславский', 'Заболотский', 'дер. Прибережье', 0),
(2108, '', '', '', 6, 'Мстиславский', 'Заболотский', 'дер. Черная Сосна', 0),
(2109, '', '', '', 6, 'Славгородский', 'Васьковичский', 'агрогородок Поповка', 0),
(2110, '', '', '', 6, 'Славгородский', 'Гиженский', 'дер. Березовка', 0),
(2111, '', '', '', 6, 'Славгородский', 'Гиженский', 'дер. Заглинное', 0),
(2112, '', '', '', 6, 'Славгородский', 'Гиженский', 'дер. Закрупец', 0),
(2113, '', '', '', 6, 'Славгородский', 'Гиженский', 'дер. Летяги', 0),
(2114, '', '', '', 6, 'Славгородский', 'Гиженский', 'дер. Любаны', 0),
(2115, '', '', '', 6, 'Славгородский', 'Гиженский', 'дер. Рудня', 0),
(2116, '', '', '', 6, 'Славгородский', 'Гиженский', 'агрогородок Телеши', 0),
(2117, '', '', '', 6, 'Славгородский', 'Кабиногорский', 'дер. Есяновица', 0),
(2118, '', '', '', 6, 'Славгородский', 'Кабиногорский', 'дер. Казаковка', 0),
(2119, '', '', '', 6, 'Славгородский', 'Кабиногорский', 'дер. Новая Каменка', 0),
(2120, '', '', '', 6, 'Славгородский', 'Кабиногорский', 'дер. Старая Каменка', 0),
(2121, '', '', '', 6, 'Славгородский', 'Кабиногорский', 'дер. Чечеровка', 0),
(2122, '', '', '', 6, 'Славгородский', 'Лопатичский', 'дер. Азаричи', 0),
(2123, '', '', '', 6, 'Славгородский', 'Лопатичский', 'дер. Железинка', 0),
(2124, '', '', '', 6, 'Славгородский', 'Лопатичский', 'агрогородок Лесная', 0),
(2125, '', '', '', 6, 'Славгородский', 'Лопатичский', 'агрогородок Лопатичи', 0),
(2126, '', '', '', 6, 'Славгородский', 'Лопатичский', 'дер. Потеряевка', 0),
(2127, '', '', '', 6, 'Славгородский', 'Лопатичский', 'дер. Рабовичи', 0),
(2128, '', '', '', 6, 'Славгородский', 'Лопатичский', 'дер. Узгорск', 0),
(2129, '', '', '', 6, 'Славгородский', 'Лопатичский', 'дер. Улуки', 0),
(2130, '', '', '', 6, 'Славгородский', 'Лопатичский', 'дер. Устанное', 0),
(2131, '', '', '', 6, 'Славгородский', 'Лопатичский', 'дер. Хворостяны', 0),
(2132, '', '', '', 6, 'Славгородский', 'Лопатичский', 'дер. Хоронев', 0),
(2133, '', '', '', 6, 'Славгородский', 'Лопатичский', 'дер. Чиковка', 0),
(2134, '', '', '', 6, 'Славгородский', 'Свенский', 'дер. Безуевичи', 0),
(2135, '', '', '', 6, 'Славгородский', 'Свенский', 'пос. Вишь', 0),
(2136, '', '', '', 6, 'Славгородский', 'Свенский', 'дер. Затишье', 0),
(2137, '', '', '', 6, 'Славгородский', 'Свенский', 'дер. Зеленая Роща', 0),
(2138, '', '', '', 6, 'Славгородский', 'Свенский', 'дер. Тереховка', 0),
(2139, '', '', '', 6, 'Чаусский', 'районное подчинение', 'г. Чаусы', 0),
(2140, '', '', '', 6, 'Чаусский', 'Антоновский', 'дер. Броды', 0),
(2141, '', '', '', 6, 'Чаусский', 'Антоновский', 'дер. Воложенка', 0),
(2142, '', '', '', 6, 'Чаусский', 'Антоновский', 'дер. Высокое', 0),
(2143, '', '', '', 6, 'Чаусский', 'Антоновский', 'дер. Голочево', 0),
(2144, '', '', '', 6, 'Чаусский', 'Антоновский', 'дер. Загоренка', 0),
(2145, '', '', '', 6, 'Чаусский', 'Антоновский', 'дер. Заречье', 0),
(2146, '', '', '', 6, 'Чаусский', 'Антоновский', 'дер. Кононовка', 0),
(2147, '', '', '', 6, 'Чаусский', 'Антоновский', 'дер. Кузьминичи', 0),
(2148, '', '', '', 6, 'Чаусский', 'Антоновский', 'дер. Петуховка', 0),
(2149, '', '', '', 6, 'Чаусский', 'Антоновский', 'дер. Полоево', 0),
(2150, '', '', '', 6, 'Чаусский', 'Антоновский', 'дер. Пороевка', 0),
(2151, '', '', '', 6, 'Чаусский', 'Антоновский', 'дер. Роман-Вина', 0),
(2152, '', '', '', 6, 'Чаусский', 'Антоновский', 'дер. Скоклево', 0),
(2153, '', '', '', 6, 'Чаусский', 'Антоновский', 'дер. Старая Буда', 0),
(2154, '', '', '', 6, 'Чаусский', 'Антоновский', 'дер. Теплое', 0),
(2155, '', '', '', 6, 'Чаусский', 'Антоновский', 'дер. Ужжарь', 0),
(2156, '', '', '', 6, 'Чаусский', 'Антоновский', 'дер. Шеперево', 0),
(2157, '', '', '', 6, 'Чаусский', 'Войниловский', 'дер. Астрени', 0),
(2158, '', '', '', 6, 'Чаусский', 'Войниловский', 'дер. Головенчицы', 0),
(2159, '', '', '', 6, 'Чаусский', 'Войниловский', 'дер. Зеленая Роща', 0),
(2160, '', '', '', 6, 'Чаусский', 'Войниловский', 'дер. Копани', 0),
(2161, '', '', '', 6, 'Чаусский', 'Войниловский', 'дер. Лужок', 0),
(2162, '', '', '', 6, 'Чаусский', 'Войниловский', 'дер. Новоселки', 0),
(2163, '', '', '', 6, 'Чаусский', 'Войниловский', 'агрогородок Устье', 0),
(2164, '', '', '', 6, 'Чаусский', 'Войниловский', 'дер. Харьковка', 0),
(2165, '', '', '', 6, 'Чаусский', 'Войниловский', 'дер. Хоменки', 0),
(2166, '', '', '', 6, 'Чаусский', 'Войниловский', 'дер. Юшковичи', 0),
(2167, '', '', '', 6, 'Чаусский', 'Волковичский', 'дер. Бахотец', 0),
(2168, '', '', '', 6, 'Чаусский', 'Волковичский', 'дер. Бесчинье', 0),
(2169, '', '', '', 6, 'Чаусский', 'Волковичский', 'агрогородок Волковичи', 0),
(2170, '', '', '', 6, 'Чаусский', 'Волковичский', 'дер. Грязивец', 0),
(2171, '', '', '', 6, 'Чаусский', 'Волковичский', 'дер. Долгий Мох', 0),
(2172, '', '', '', 6, 'Чаусский', 'Волковичский', 'дер. Кутня', 0),
(2173, '', '', '', 6, 'Чаусский', 'Волковичский', 'дер. Островы', 0),
(2174, '', '', '', 6, 'Чаусский', 'Горбовичский', 'пос. Забава', 0),
(2175, '', '', '', 6, 'Чаусский', 'Горбовичский', 'дер. Митавье', 0),
(2176, '', '', '', 6, 'Чаусский', 'Горбовичский', 'дер. Сталка', 0),
(2177, '', '', '', 6, 'Чаусский', 'Горбовичский', 'дер. Хотетово', 0),
(2178, '', '', '', 6, 'Чаусский', 'Каменский', 'дер. Бординичи', 0),
(2179, '', '', '', 6, 'Чаусский', 'Каменский', 'пос. Роща', 0),
(2180, '', '', '', 6, 'Чаусский', 'Каменский', 'дер. Слободка', 0),
(2181, '', '', '', 6, 'Чаусский', 'Осиновский', 'дер. Быново', 0),
(2182, '', '', '', 6, 'Чаусский', 'Осиновский', 'пос. Гатище', 0),
(2183, '', '', '', 6, 'Чаусский', 'Осиновский', 'дер. Голочевка', 0),
(2184, '', '', '', 6, 'Чаусский', 'Осиновский', 'дер. Дроковка', 0),
(2185, '', '', '', 6, 'Чаусский', 'Осиновский', 'дер. Зеленый Прудок', 0),
(2186, '', '', '', 6, 'Чаусский', 'Осиновский', 'дер. Каменка', 0),
(2187, '', '', '', 6, 'Чаусский', 'Осиновский', 'дер. Ключ', 0),
(2188, '', '', '', 6, 'Чаусский', 'Осиновский', 'дер. Лутище', 0),
(2189, '', '', '', 6, 'Чаусский', 'Осиновский', 'дер. Ляховщина', 0),
(2190, '', '', '', 6, 'Чаусский', 'Осиновский', 'дер. Ново-Александровка', 0),
(2191, '', '', '', 6, 'Чаусский', 'Осиновский', 'дер. Ново-Егоровка', 0),
(2192, '', '', '', 6, 'Чаусский', 'Осиновский', 'дер. Ольховка', 0),
(2193, '', '', '', 6, 'Чаусский', 'Осиновский', 'агрогородок Осиновка', 0),
(2194, '', '', '', 6, 'Чаусский', 'Осиновский', 'дер. Петуховка', 0),
(2195, '', '', '', 6, 'Чаусский', 'Осиновский', 'дер. Прилеповка', 0),
(2196, '', '', '', 6, 'Чаусский', 'Осиновский', 'дер. Прилесье', 0),
(2197, '', '', '', 6, 'Чаусский', 'Осиновский', 'дер. Прудок', 0),
(2198, '', '', '', 6, 'Чаусский', 'Осиновский', 'дер. Путьки', 0),
(2199, '', '', '', 6, 'Чаусский', 'Осиновский', 'дер. Риминка', 0),
(2200, '', '', '', 6, 'Чаусский', 'Осиновский', 'дер. Русиновка', 0),
(2201, '', '', '', 6, 'Чаусский', 'Осиновский', 'дер. Староселы', 0),
(2202, '', '', '', 6, 'Чаусский', 'Осиновский', 'дер. Чигриновка', 0),
(2203, '', '', '', 6, 'Чаусский', 'Радомльский', 'дер. Желивье', 0),
(2204, '', '', '', 6, 'Чаусский', 'Радомльский', 'дер. Новинка', 0),
(2205, '', '', '', 6, 'Чаусский', 'Радомльский', 'дер. Пырцы', 0),
(2206, '', '', '', 6, 'Чаусский', 'Радомльский', 'дер. Рябиновая Слободка', 0),
(2207, '', '', '', 6, 'Чериковский', 'районное подчинение', 'г. Чериков', 0),
(2208, '', '', '', 6, 'Чериковский', 'Вепринский', 'дер. Головчицы', 0),
(2209, '', '', '', 6, 'Чериковский', 'Вепринский', 'дер. Драгунские Хутора', 0),
(2210, '', '', '', 6, 'Чериковский', 'Вепринский', 'агрогородок Майский', 0),
(2211, '', '', '', 6, 'Чериковский', 'Вепринский', 'дер. Пильня', 0),
(2212, '', '', '', 6, 'Чериковский', 'Веремейский', 'дер. Анютино', 0),
(2213, '', '', '', 6, 'Чериковский', 'Веремейский', 'пос. Бельгийский', 0),
(2214, '', '', '', 6, 'Чериковский', 'Веремейский', 'агрогородок Веремейки', 0),
(2215, '', '', '', 6, 'Чериковский', 'Веремейский', 'пос. Городец', 0),
(2216, '', '', '', 6, 'Чериковский', 'Веремейский', 'дер. Забочев', 0),
(2217, '', '', '', 6, 'Чериковский', 'Веремейский', 'дер. Каменка', 0),
(2218, '', '', '', 6, 'Чериковский', 'Веремейский', 'дер. Колода', 0),
(2219, '', '', '', 6, 'Чериковский', 'Веремейский', 'пос. Красный', 0),
(2220, '', '', '', 6, 'Чериковский', 'Веремейский', 'дер. Ляхи', 0),
(2221, '', '', '', 6, 'Чериковский', 'Веремейский', 'пос. Мосток', 0),
(2222, '', '', '', 6, 'Чериковский', 'Веремейский', 'дер. Новая Белица', 0),
(2223, '', '', '', 6, 'Чериковский', 'Веремейский', 'дер. Норки', 0),
(2224, '', '', '', 6, 'Чериковский', 'Веремейский', 'дер. Селище', 0),
(2225, '', '', '', 6, 'Чериковский', 'Веремейский', 'дер. Старая Белица', 0),
(2226, '', '', '', 6, 'Чериковский', 'Веремейский', 'дер. Удога', 0),
(2227, '', '', '', 6, 'Чериковский', 'Веремейский', 'пос. Чернышен', 0),
(2228, '', '', '', 6, 'Чериковский', 'Веремейский', 'дер. Юдовка', 0),
(2229, '', '', '', 6, 'Чериковский', 'Веремейский', 'дер. Ясная Заря', 0),
(2230, '', '', '', 6, 'Чериковский', 'Веремейский', 'дер. Ясная Поляна', 0),
(2231, '', '', '', 6, 'Чериковский', 'Езерский', 'дер. Вербеж', 0),
(2232, '', '', '', 6, 'Чериковский', 'Езерский', 'пос. Виноград', 0),
(2233, '', '', '', 6, 'Чериковский', 'Езерский', 'дер. Гижня', 0),
(2234, '', '', '', 6, 'Чериковский', 'Езерский', 'пос. Гривки', 0),
(2235, '', '', '', 6, 'Чериковский', 'Езерский', 'дер. Дубровка', 0),
(2236, '', '', '', 6, 'Чериковский', 'Езерский', 'агрогородок Езеры', 0),
(2237, '', '', '', 6, 'Чериковский', 'Езерский', 'дер. Звезда', 0),
(2238, '', '', '', 6, 'Чериковский', 'Езерский', 'пос. Карповский', 0),
(2239, '', '', '', 6, 'Чериковский', 'Езерский', 'дер. Лобча', 0),
(2240, '', '', '', 6, 'Чериковский', 'Езерский', 'дер. Михлин', 0),
(2241, '', '', '', 6, 'Чериковский', 'Езерский', 'пос. Новый Свет', 0),
(2242, '', '', '', 6, 'Чериковский', 'Езерский', 'дер. Припечино', 0),
(2243, '', '', '', 6, 'Чериковский', 'Езерский', 'дер. Ржавец', 0),
(2244, '', '', '', 6, 'Чериковский', 'Езерский', 'дер. Рогалино', 0),
(2245, '', '', '', 6, 'Чериковский', 'Езерский', 'дер. Рынковка', 0),
(2246, '', '', '', 6, 'Чериковский', 'Езерский', 'дер. Селище', 0),
(2247, '', '', '', 6, 'Чериковский', 'Езерский', 'агрогородок Соколовка', 0),
(2248, '', '', '', 6, 'Чериковский', 'Речицкий', 'пос. Лещевино', 0),
(2249, '', '', '', 6, 'Чериковский', 'Сормовский', 'дер. Васьковка', 0),
(2250, '', '', '', 6, 'Чериковский', 'Сормовский', 'пос. Возрождение', 0),
(2251, '', '', '', 6, 'Чериковский', 'Сормовский', 'пос. Громобой', 0),
(2252, '', '', '', 6, 'Чериковский', 'Сормовский', 'дер. Еловка', 0),
(2253, '', '', '', 6, 'Чериковский', 'Сормовский', 'пос. Житнев', 0),
(2254, '', '', '', 6, 'Чериковский', 'Сормовский', 'пос. Заря', 0),
(2255, '', '', '', 6, 'Чериковский', 'Сормовский', 'пос. Зеленый Дуб', 0),
(2256, '', '', '', 6, 'Чериковский', 'Сормовский', 'дер. Каменка', 0),
(2257, '', '', '', 6, 'Чериковский', 'Сормовский', 'агрогородок Лобановка', 0),
(2258, '', '', '', 6, 'Чериковский', 'Сормовский', 'дер. Мирогощь', 0),
(2259, '', '', '', 6, 'Чериковский', 'Сормовский', 'дер. Победа', 0),
(2260, '', '', '', 6, 'Чериковский', 'Сормовский', 'пос. Подбудки', 0),
(2261, '', '', '', 6, 'Чериковский', 'Сормовский', 'дер. Подломье', 0),
(2262, '', '', '', 6, 'Чериковский', 'Сормовский', 'дер. Шароевка', 0),
(2263, '', '', '', 6, 'Чериковский', 'Сормовский', 'дер. Щетинка', 0),
(2264, '', '', '', 6, 'Чериковский', 'Сормовский', 'пос. Юный Пахарь', 0),
(2265, '', '', '', 6, 'Быховский', 'Борколабовский', 'дер. Ректа', 0),
(2266, '', '', '', 6, 'Быховский', 'Грудиновский', 'дер. Лисичник', 0),
(2267, '', '', '', 6, 'Быховский', 'Нижнетощицкий', 'дер. Красный Берег', 0),
(2268, '', '', '', 6, 'Быховский', 'Нижнетощицкий', 'дер. Малиновка', 0),
(2269, '', '', '', 6, 'Быховский', 'Нижнетощицкий', 'дер. Михалевка', 0),
(2270, '', '', '', 6, 'Быховский', 'Новобыховский', 'дер. Лазаревичи', 0),
(2271, '', '', '', 6, 'Быховский', 'Новобыховский', 'пос. Покровский', 0),
(2272, '', '', '', 6, 'Быховский', 'Обидовичский', 'дер. Малые Борки', 0),
(2273, '', '', '', 6, 'Быховский', 'Обидовичский', 'дер. Онелино', 0),
(2274, '', '', '', 6, 'Быховский', 'Смолицкий', 'дер. Бовки', 0),
(2275, '', '', '', 6, 'Климовичский', 'Лобжанский', 'дер. Ганновка', 0),
(2276, '', '', '', 6, 'Климовичский', 'Лобжанский', 'дер. Дубровица', 0),
(2277, '', '', '', 6, 'Костюковичский', 'Белодубровский', 'дер. Видуйцы', 0),
(2278, '', '', '', 6, 'Костюковичский', 'Белодубровский', 'дер. Папоротная', 0),
(2279, '', '', '', 6, 'Костюковичский', 'Белодубровский', 'дер. Силичи', 0),
(2280, '', '', '', 6, 'Костюковичский', 'Бороньковский', 'дер. Вишни', 0),
(2281, '', '', '', 6, 'Костюковичский', 'Бороньковский', 'дер. Егоровка', 0),
(2282, '', '', '', 6, 'Костюковичский', 'Бороньковский', 'дер. Кавычицы', 0),
(2283, '', '', '', 6, 'Костюковичский', 'Бороньковский', 'дер. Шабли', 0),
(2284, '', '', '', 6, 'Костюковичский', 'Забычанский', 'дер. Норкино', 0),
(2285, '', '', '', 6, 'Краснопольский', 'Горский', 'пос. Новый Свет', 0),
(2286, '', '', '', 6, 'Краснопольский', 'Горский', 'пос. Полядки', 0),
(2287, '', '', '', 6, 'Краснопольский', 'Горский', 'дер. Романов', 0),
(2288, '', '', '', 6, 'Краснопольский', 'Мхиничский', 'дер. Березуга', 0),
(2289, '', '', '', 6, 'Краснопольский', 'Мхиничский', 'дер. Выдренка', 0),
(2290, '', '', '', 6, 'Краснопольский', 'Мхиничский', 'дер. Горки', 0),
(2291, '', '', '', 6, 'Краснопольский', 'Мхиничский', 'дер. Маринополье', 0),
(2292, '', '', '', 6, 'Краснопольский', 'Мхиничский', 'дер. Овчинец', 0),
(2293, '', '', '', 6, 'Краснопольский', 'Мхиничский', 'дер. Победа', 0),
(2294, '', '', '', 6, 'Краснопольский', 'Мхиничский', 'дер. Соболи', 0),
(2295, '', '', '', 6, 'Краснопольский', 'Яновский', 'дер. Брылевка', 0),
(2296, '', '', '', 6, 'Краснопольский', 'Яновский', 'дер. Заборье', 0),
(2297, '', '', '', 6, 'Краснопольский', 'Яновский', 'пос. Заречье', 0),
(2298, '', '', '', 6, 'Краснопольский', 'Яновский', 'дер. Какойск', 0),
(2299, '', '', '', 6, 'Краснопольский', 'Яновский', 'пос. Калининский', 0),
(2300, '', '', '', 6, 'Краснопольский', 'Яновский', 'дер. Козелье', 0),
(2301, '', '', '', 6, 'Краснопольский', 'Яновский', 'дер. Курбаки', 0),
(2302, '', '', '', 6, 'Краснопольский', 'Яновский', 'дер. Лещенка', 0),
(2303, '', '', '', 6, 'Краснопольский', 'Яновский', 'дер. Палуж 1', 0),
(2304, '', '', '', 6, 'Кричевский', 'Ботвиновский', 'дер. Горки', 0),
(2305, '', '', '', 6, 'Кричевский', 'Ботвиновский', 'пос. Подудога', 0),
(2306, '', '', '', 6, 'Кричевский', 'Костюшковичский', 'дер. Новики', 0),
(2307, '', '', '', 6, 'Могилевский', 'Дашковский', 'дер. Бовшево', 0),
(2308, '', '', '', 6, 'Могилевский', 'Маховский', 'дер. Растополье', 0),
(2309, '', '', '', 6, 'Славгородский', 'районное подчинение', 'г. Славгород', 0),
(2310, '', '', '', 6, 'Славгородский', 'Васьковичский', 'дер. Васьковичи', 0),
(2311, '', '', '', 6, 'Славгородский', 'Васьковичский', 'дер. Гончаровка', 0),
(2312, '', '', '', 6, 'Славгородский', 'Васьковичский', 'дер. Красный Восход', 0),
(2313, '', '', '', 6, 'Славгородский', 'Васьковичский', 'дер. Кульшичи', 0),
(2314, '', '', '', 6, 'Славгородский', 'Васьковичский', 'дер. Приволье', 0),
(2315, '', '', '', 6, 'Славгородский', 'Васьковичский', 'агрогородок Ржавка 1', 0),
(2316, '', '', '', 6, 'Славгородский', 'Васьковичский', 'дер. Ржавка 2', 0),
(2317, '', '', '', 6, 'Славгородский', 'Васьковичский', 'дер. Уречье', 0),
(2318, '', '', '', 6, 'Славгородский', 'Васьковичский', 'дер. Шеломы', 0),
(2319, '', '', '', 6, 'Славгородский', 'Гиженский', 'дер. Александровка-1', 0),
(2320, '', '', '', 6, 'Славгородский', 'Гиженский', 'дер. Александровка-2', 0),
(2321, '', '', '', 6, 'Славгородский', 'Гиженский', 'агрогородок Гиженка', 0),
(2322, '', '', '', 6, 'Славгородский', 'Гиженский', 'дер. Усохи', 0),
(2323, '', '', '', 6, 'Славгородский', 'Гиженский', 'дер. Ходорово', 0),
(2324, '', '', '', 6, 'Славгородский', 'Кабиногорский', 'дер. Агеево', 0),
(2325, '', '', '', 6, 'Славгородский', 'Кабиногорский', 'дер. Благодать', 0),
(2326, '', '', '', 6, 'Славгородский', 'Кабиногорский', 'дер. Восход', 0),
(2327, '', '', '', 6, 'Славгородский', 'Кабиногорский', 'дер. Гайшин', 0),
(2328, '', '', '', 6, 'Славгородский', 'Кабиногорский', 'дер. Дубно', 0),
(2329, '', '', '', 6, 'Славгородский', 'Кабиногорский', 'дер. Завод-Вировая', 0),
(2330, '', '', '', 6, 'Славгородский', 'Кабиногорский', 'дер. Кабина Гора', 0),
(2331, '', '', '', 6, 'Славгородский', 'Кабиногорский', 'дер. Кремянка', 0),
(2332, '', '', '', 6, 'Славгородский', 'Кабиногорский', 'дер. Кургановка', 0),
(2333, '', '', '', 6, 'Славгородский', 'Кабиногорский', 'дер. Михайлов', 0),
(2334, '', '', '', 6, 'Славгородский', 'Кабиногорский', 'дер. Новая Слобода', 0),
(2335, '', '', '', 6, 'Славгородский', 'Кабиногорский', 'дер. Рудня', 0),
(2336, '', '', '', 6, 'Славгородский', 'Кабиногорский', 'пос. Силино Поле', 0),
(2337, '', '', '', 6, 'Славгородский', 'Кабиногорский', 'дер. Сычин', 0),
(2338, '', '', '', 6, 'Славгородский', 'Лопатичский', 'дер. Иванищевичи', 0),
(2339, '', '', '', 6, 'Славгородский', 'Лопатичский', 'дер. Машецкая Слобода', 0),
(2340, '', '', '', 6, 'Славгородский', 'Свенский', 'дер. Большая Зимница', 0),
(2341, '', '', '', 6, 'Славгородский', 'Свенский', 'пос. Дальний', 0),
(2342, '', '', '', 6, 'Славгородский', 'Свенский', 'пос. Дубовый Лог', 0),
(2343, '', '', '', 6, 'Славгородский', 'Свенский', 'дер. Лебедевка', 0),
(2344, '', '', '', 6, 'Славгородский', 'Свенский', 'дер. Малая Зимница', 0),
(2345, '', '', '', 6, 'Славгородский', 'Свенский', 'дер. Перегон', 0),
(2346, '', '', '', 6, 'Славгородский', 'Свенский', 'дер. Прудок', 0),
(2347, '', '', '', 6, 'Славгородский', 'Свенский', 'агрогородок Ректа', 0),
(2348, '', '', '', 6, 'Славгородский', 'Свенский', 'дер. Ректа-Михайловка', 0),
(2349, '', '', '', 6, 'Славгородский', 'Свенский', 'дер. Роги', 0),
(2350, '', '', '', 6, 'Славгородский', 'Свенский', 'агрогородок Свенск', 0),
(2351, '', '', '', 6, 'Славгородский', 'Свенский', 'дер. Славня', 0),
(2352, '', '', '', 6, 'Славгородский', 'Свенский', 'дер. Черняковка', 0),
(2353, '', '', '', 6, 'Чаусский', 'Антоновский', 'агрогородок Антоновка', 0),
(2354, '', '', '', 6, 'Чаусский', 'Антоновский', 'дер. Красная Буда', 0),
(2355, '', '', '', 6, 'Чаусский', 'Антоновский', 'дер. Лапени', 0),
(2356, '', '', '', 6, 'Чаусский', 'Войниловский', 'дер. Усушек', 0),
(2357, '', '', '', 6, 'Чаусский', 'Волковичский', 'дер. Александрово', 0),
(2358, '', '', '', 6, 'Чаусский', 'Волковичский', 'пос. Красная Поляна', 0),
(2359, '', '', '', 6, 'Чаусский', 'Волковичский', 'дер. Малый Грязивец', 0),
(2360, '', '', '', 6, 'Чаусский', 'Волковичский', 'дер. Сутоки', 0),
(2361, '', '', '', 6, 'Чаусский', 'Волковичский', 'дер. Черенки', 0),
(2362, '', '', '', 6, 'Чаусский', 'Осиновский', 'дер. Нежковка', 0),
(2363, '', '', '', 6, 'Чаусский', 'Осиновский', 'дер. Ребятки', 0),
(2364, '', '', '', 6, 'Чериковский', 'Вепринский', 'дер. Боровая', 0),
(2365, '', '', '', 6, 'Чериковский', 'Вепринский', 'дер. Гронов', 0),
(2366, '', '', '', 6, 'Чериковский', 'Веремейский', 'дер. Загурковище', 0),
(2367, '', '', '', 6, 'Чериковский', 'Веремейский', 'пос. Корма', 0),
(2368, '', '', '', 6, 'Чериковский', 'Езерский', 'дер. Баков', 0),
(2369, '', '', '', 6, 'Чериковский', 'Езерский', 'дер. Долгое', 0),
(2370, '', '', '', 6, 'Чериковский', 'Езерский', 'пос. Заозерье', 0),
(2371, '', '', '', 6, 'Чериковский', 'Езерский', 'дер. Полипень', 0),
(2372, '', '', '', 6, 'Чериковский', 'Езерский', 'дер. Шиманы', 0),
(2373, '', '', '', 6, 'Чериковский', 'Речицкий', 'дер. Богдановка', 0),
(2374, '', '', '', 6, 'Чериковский', 'Речицкий', 'дер. Вымочь', 0),
(2375, '', '', '', 6, 'Чериковский', 'Речицкий', 'дер. Глинь', 0),
(2376, '', '', '', 6, 'Чериковский', 'Речицкий', 'дер. Зори', 0),
(2377, '', '', '', 6, 'Чериковский', 'Речицкий', 'дер. Латыщино', 0),
(2378, '', '', '', 6, 'Чериковский', 'Речицкий', 'дер. Михалин', 0),
(2379, '', '', '', 6, 'Чериковский', 'Речицкий', 'пос. Мостково', 0),
(2380, '', '', '', 6, 'Чериковский', 'Речицкий', 'дер. Охорь', 0),
(2381, '', '', '', 6, 'Чериковский', 'Речицкий', 'агрогородок Речица', 0),
(2382, '', '', '', 6, 'Чериковский', 'Речицкий', 'дер. Устье', 0),
(2383, '', '', '', 6, 'Чериковский', 'Речицкий', 'дер. Холоблин', 0),
(2384, '', '', '', 6, 'Чериковский', 'Речицкий', 'дер. Ямки', 0),
(2385, '', '', '', 6, 'Чериковский', 'Сормовский', 'дер. Горки', 0),
(2386, '', '', '', 6, 'Чериковский', 'Сормовский', 'дер. Турье', 0),
(2387, '', '', '', 6, 'Костюковичский', 'Белодубровский', 'дер. Прудок', 0),
(2388, '', '', '', 6, 'Костюковичский', 'Белодубровский', 'дер. Самотевичи', 0),
(2389, '', '', '', 6, 'Краснопольский', 'Мхиничский', 'дер. Боровая', 0),
(2390, '', '', '', 6, 'Краснопольский', 'Яновский', 'дер. Палуж 2', 0),
(2391, '', '', '', 6, 'Чериковский', 'Вепринский', 'дер. Монастырек', 0);

DROP TABLE IF EXISTS `db_state`;
CREATE TABLE `db_state` (
  `id_state` int(11) NOT NULL AUTO_INCREMENT,
  `name` varchar(60) NOT NULL,
  `sname` varchar(60) NOT NULL,
  `abbr` varchar(60) NOT NULL,
  `color` varchar(8) NOT NULL,
  PRIMARY KEY (`id_state`)
) ENGINE=InnoDB AUTO_INCREMENT=3 /*!40101 DEFAULT CHARSET=cp1251 */;

INSERT INTO `db_state` VALUES
(1, 'Открыто', '', '', '#ffffff'),
(2, 'Закрыто', '', '', '#DDDDDD');

DROP TABLE IF EXISTS `db_student`;
CREATE TABLE `db_student` (
  `id_student` int(11) NOT NULL AUTO_INCREMENT,
  `name` varchar(60) NOT NULL,
  `sname` varchar(60) NOT NULL,
  `abbr` varchar(50) NOT NULL,
  `style` varchar(100) NOT NULL,
  PRIMARY KEY (`id_student`)
) ENGINE=InnoDB AUTO_INCREMENT=3 /*!40101 DEFAULT CHARSET=cp1251 */;

INSERT INTO `db_student` VALUES
(1, 'Зачислен', '', '', 'background-color:#00C000;'),
(2, 'Отчислен', '', '', 'border:2px solid black;color:#f0f0f0;');

DROP TABLE IF EXISTS `db_subdiv`;
CREATE TABLE `db_subdiv` (
  `id_subdiv` int(11) NOT NULL AUTO_INCREMENT,
  `name` varchar(60) NOT NULL,
  `sname` varchar(60) NOT NULL,
  `abbr` varchar(60) NOT NULL,
  `relation_id` int(11) NOT NULL,
  `envelop_abbr` varchar(10) NOT NULL,
  `city_rang_id` int(11) NOT NULL,
  PRIMARY KEY (`id_subdiv`)
) ENGINE=InnoDB AUTO_INCREMENT=14 /*!40101 DEFAULT CHARSET=cp1251 */;

INSERT INTO `db_subdiv` VALUES
(1, 'Областной центр', '', 'г', 0, 'г', 1),
(2, 'Город', '', 'г', 0, 'г', 1),
(3, 'Деревня', '', 'д', 0, 'д', 2),
(4, 'Посёлок городского типа', '', 'пгт', 0, 'пгт', 1),
(5, 'Рабочий посёлок', '', 'рп', 0, 'рп', 2),
(6, 'Курортный посёлок', '', 'кп', 0, 'кп', 2),
(7, 'Посёлок сельского типа', '', 'п', 0, 'п', 2),
(8, 'Село', '', 'с', 0, 'с', 2),
(9, 'Хутор', '', 'х', 0, 'х', 2),
(10, 'Кишлак', '', 'к', 0, 'к', 2),
(11, 'Слобода', '', 'сл', 0, 'сл', 2),
(12, 'Станица', '', 'ст-ца', 0, 'ст-ца', 2),
(13, 'Агрогородок', '', 'агрог-к', 0, 'агрог-к', 2);

DROP TABLE IF EXISTS `db_subgrade`;
CREATE TABLE `db_subgrade` (
  `id_subgrade` int(11) NOT NULL AUTO_INCREMENT,
  `name` varchar(60) NOT NULL,
  `sname` varchar(60) NOT NULL,
  `abbr` varchar(50) NOT NULL,
  PRIMARY KEY (`id_subgrade`)
) ENGINE=InnoDB AUTO_INCREMENT=11 /*!40101 DEFAULT CHARSET=cp1251 */;

INSERT INTO `db_subgrade` VALUES
(1, 'Международная I cт.', '', ''),
(2, 'Международная II cт.', '', ''),
(3, 'Международная III cт.', '', ''),
(4, 'Республиканская I cт.', '', ''),
(5, 'Республиканская II cт.', '', ''),
(6, 'Республиканская III cт.', '', ''),
(7, 'Областная I cт.', '', ''),
(8, 'Областная II cт.', '', ''),
(9, 'Областная III cт.', '', ''),
(10, 'Лауреат СФП РБ по предмету', '', '');

DROP TABLE IF EXISTS `db_submission`;
CREATE TABLE `db_submission` (
  `id_submission` int(11) NOT NULL AUTO_INCREMENT,
  `name` varchar(60) NOT NULL,
  `sname` varchar(60) NOT NULL,
  `abbr` varchar(50) NOT NULL,
  `parent_id` int(11) NOT NULL,
  `child_id` int(11) NOT NULL,
  PRIMARY KEY (`id_submission`)
) ENGINE=InnoDB /*!40101 DEFAULT CHARSET=cp1251 */;

DROP TABLE IF EXISTS `db_submitted`;
CREATE TABLE `db_submitted` (
  `id_submitted` int(11) NOT NULL AUTO_INCREMENT,
  `faculty_id` int(11) NOT NULL,
  `time_form_id` int(11) NOT NULL,
  `total` int(11) NOT NULL,
  PRIMARY KEY (`id_submitted`),
  UNIQUE KEY `faculty_id` (`faculty_id`,`time_form_id`)
) ENGINE=InnoDB AUTO_INCREMENT=45 /*!40101 DEFAULT CHARSET=cp1251 */;

INSERT INTO `db_submitted` VALUES
(1, 1, 1, 0),
(2, 1, 2, 0),
(3, 2, 1, 0),
(4, 2, 2, 0),
(9, 3, 1, 0),
(10, 3, 2, 0),
(11, 4, 1, 0),
(12, 4, 2, 0),
(13, 5, 1, 0),
(14, 5, 2, 0),
(15, 6, 1, 0),
(16, 6, 2, 0),
(19, 1, 3, 0),
(20, 1, 4, 0),
(23, 2, 3, 0),
(24, 2, 4, 0),
(27, 3, 3, 0),
(28, 3, 4, 0),
(31, 4, 3, 0),
(32, 4, 4, 0),
(35, 5, 3, 0),
(36, 5, 4, 0),
(39, 6, 3, 0),
(40, 6, 4, 0),
(41, 7, 1, 0),
(42, 7, 2, 0),
(43, 7, 3, 0),
(44, 7, 4, 0);

DROP TABLE IF EXISTS `db_tag`;
CREATE TABLE `db_tag` (
  `id_tag` int(11) NOT NULL AUTO_INCREMENT,
  `name` varchar(60) NOT NULL,
  `sname` varchar(60) NOT NULL,
  `abbr` varchar(50) NOT NULL,
  PRIMARY KEY (`id_tag`)
) ENGINE=InnoDB /*!40101 DEFAULT CHARSET=cp1251 */;

DROP TABLE IF EXISTS `db_tag_relation`;
CREATE TABLE `db_tag_relation` (
  `id_tag_relation` int(11) NOT NULL AUTO_INCREMENT,
  `person_id` int(11) NOT NULL,
  `tag_id` int(11) NOT NULL,
  PRIMARY KEY (`id_tag_relation`)
) ENGINE=InnoDB /*!40101 DEFAULT CHARSET=cp1251 */;

DROP TABLE IF EXISTS `db_target`;
CREATE TABLE `db_target` (
  `id_target` int(11) NOT NULL AUTO_INCREMENT,
  `name` varchar(60) NOT NULL,
  `sname` varchar(60) NOT NULL,
  `abbr` varchar(11) NOT NULL,
  PRIMARY KEY (`id_target`)
) ENGINE=InnoDB AUTO_INCREMENT=7 /*!40101 DEFAULT CHARSET=cp1251 */;

INSERT INTO `db_target` VALUES
(1, 'Целевой', 'Цел', 'Ц'),
(2, 'Без испытаний', 'Без исп.', 'БИ'),
(3, 'Общий', 'Общ', 'О'),
(4, 'Платное, вне конкурса', 'Платн.в/к', 'ПВК'),
(5, 'Бюджет, МО', 'Бюдж,МО', 'МО'),
(6, 'Платное, сверх конкурса', 'Платн.с/к', 'ПСК');

DROP TABLE IF EXISTS `db_target_allowable`;
CREATE TABLE `db_target_allowable` (
  `id_target_allowable` int(11) NOT NULL AUTO_INCREMENT,
  `faculty_id` int(11) NOT NULL,
  `time_form_id` int(11) NOT NULL,
  `edu_form_id` int(11) NOT NULL,
  `target_id` int(11) NOT NULL,
  `target_type_id` int(11) NOT NULL,
  `target_cell_id` int(11) NOT NULL,
  `region_cell_id` int(11) NOT NULL,
  PRIMARY KEY (`id_target_allowable`),
  UNIQUE KEY `faculty_id` (`faculty_id`,`time_form_id`,`edu_form_id`,`target_id`,`target_type_id`,`target_cell_id`,`region_cell_id`)
) ENGINE=InnoDB AUTO_INCREMENT=121 /*!40101 DEFAULT CHARSET=cp1251 */;

INSERT INTO `db_target_allowable` VALUES
(1, 1, 1, 1, 1, 1, 1, 1),
(2, 1, 1, 1, 1, 1, 1, 2),
(3, 1, 1, 1, 1, 1, 1, 3),
(4, 1, 1, 1, 1, 1, 1, 4),
(5, 1, 1, 1, 1, 1, 1, 5),
(6, 1, 1, 1, 1, 1, 1, 6),
(7, 1, 1, 1, 1, 2, 1, 1),
(8, 1, 1, 1, 1, 2, 1, 2),
(9, 1, 1, 1, 1, 2, 1, 3),
(10, 1, 1, 1, 1, 2, 1, 4),
(11, 1, 1, 1, 1, 2, 1, 5),
(12, 1, 1, 1, 1, 2, 1, 6),
(13, 1, 1, 1, 2, 0, 0, 0),
(14, 1, 1, 1, 3, 1, 0, 0),
(15, 1, 1, 1, 3, 2, 0, 0),
(16, 1, 1, 1, 5, 0, 0, 0),
(17, 1, 1, 2, 3, 0, 0, 0),
(18, 1, 1, 2, 4, 0, 0, 0),
(19, 1, 1, 2, 6, 0, 0, 0),
(20, 2, 1, 1, 1, 1, 1, 1),
(21, 2, 1, 1, 1, 1, 1, 2),
(22, 2, 1, 1, 1, 1, 1, 3),
(23, 2, 1, 1, 1, 1, 1, 4),
(24, 2, 1, 1, 1, 1, 1, 5),
(25, 2, 1, 1, 1, 1, 1, 6),
(26, 2, 1, 1, 1, 2, 1, 1),
(27, 2, 1, 1, 1, 2, 1, 2),
(28, 2, 1, 1, 1, 2, 1, 3),
(29, 2, 1, 1, 1, 2, 1, 4),
(30, 2, 1, 1, 1, 2, 1, 5),
(31, 2, 1, 1, 1, 2, 1, 6),
(32, 2, 1, 1, 2, 0, 0, 0),
(33, 2, 1, 1, 3, 1, 0, 0),
(34, 2, 1, 1, 3, 2, 0, 0),
(35, 2, 1, 1, 5, 0, 0, 0),
(36, 2, 1, 2, 3, 0, 0, 0),
(37, 2, 1, 2, 4, 0, 0, 0),
(38, 2, 1, 2, 6, 0, 0, 0),
(39, 3, 1, 1, 1, 1, 1, 1),
(40, 3, 1, 1, 1, 1, 1, 2),
(41, 3, 1, 1, 1, 1, 1, 3),
(42, 3, 1, 1, 1, 1, 1, 4),
(43, 3, 1, 1, 1, 1, 1, 5),
(44, 3, 1, 1, 1, 1, 1, 6),
(45, 3, 1, 1, 1, 2, 1, 1),
(46, 3, 1, 1, 1, 2, 1, 2),
(47, 3, 1, 1, 1, 2, 1, 3),
(48, 3, 1, 1, 1, 2, 1, 4),
(49, 3, 1, 1, 1, 2, 1, 5),
(50, 3, 1, 1, 1, 2, 1, 6),
(51, 3, 1, 1, 2, 0, 0, 0),
(52, 3, 1, 1, 3, 1, 0, 0),
(53, 3, 1, 1, 3, 2, 0, 0),
(54, 3, 1, 1, 5, 0, 0, 0),
(55, 3, 1, 2, 3, 0, 0, 0),
(56, 3, 1, 2, 4, 0, 0, 0),
(57, 3, 1, 2, 6, 0, 0, 0),
(58, 4, 1, 1, 1, 1, 1, 1),
(59, 4, 1, 1, 1, 1, 1, 2),
(60, 4, 1, 1, 1, 1, 1, 3),
(61, 4, 1, 1, 1, 1, 1, 4),
(62, 4, 1, 1, 1, 1, 1, 5),
(63, 4, 1, 1, 1, 1, 1, 6),
(64, 4, 1, 1, 1, 2, 1, 1),
(65, 4, 1, 1, 1, 2, 1, 2),
(66, 4, 1, 1, 1, 2, 1, 3),
(67, 4, 1, 1, 1, 2, 1, 4),
(68, 4, 1, 1, 1, 2, 1, 5),
(69, 4, 1, 1, 1, 2, 1, 6),
(70, 4, 1, 1, 2, 0, 0, 0),
(71, 4, 1, 1, 3, 1, 0, 0),
(72, 4, 1, 1, 3, 2, 0, 0),
(73, 4, 1, 1, 5, 0, 0, 0),
(74, 4, 1, 2, 3, 0, 0, 0),
(75, 4, 1, 2, 4, 0, 0, 0),
(76, 4, 1, 2, 6, 0, 0, 0),
(77, 5, 1, 1, 2, 0, 0, 0),
(78, 5, 1, 1, 3, 1, 0, 0),
(79, 5, 1, 1, 3, 2, 0, 0),
(80, 6, 1, 1, 1, 1, 1, 1),
(81, 6, 1, 1, 1, 1, 1, 2),
(82, 6, 1, 1, 1, 1, 1, 3),
(83, 6, 1, 1, 1, 1, 1, 4),
(84, 6, 1, 1, 1, 1, 1, 5),
(85, 6, 1, 1, 1, 1, 1, 6),
(92, 6, 1, 1, 1, 1, 2, 1),
(93, 6, 1, 1, 1, 1, 2, 2),
(94, 6, 1, 1, 1, 1, 2, 3),
(95, 6, 1, 1, 1, 1, 2, 4),
(96, 6, 1, 1, 1, 1, 2, 5),
(97, 6, 1, 1, 1, 1, 2, 6),
(86, 6, 1, 1, 1, 2, 1, 1),
(87, 6, 1, 1, 1, 2, 1, 2),
(88, 6, 1, 1, 1, 2, 1, 3),
(89, 6, 1, 1, 1, 2, 1, 4),
(90, 6, 1, 1, 1, 2, 1, 5),
(91, 6, 1, 1, 1, 2, 1, 6),
(98, 6, 1, 1, 1, 2, 2, 1),
(99, 6, 1, 1, 1, 2, 2, 2),
(100, 6, 1, 1, 1, 2, 2, 3),
(101, 6, 1, 1, 1, 2, 2, 4),
(102, 6, 1, 1, 1, 2, 2, 5),
(103, 6, 1, 1, 1, 2, 2, 6),
(104, 6, 1, 1, 2, 0, 0, 0),
(105, 6, 1, 1, 3, 1, 0, 0),
(106, 6, 1, 1, 3, 2, 0, 0),
(107, 6, 1, 1, 5, 0, 0, 0),
(108, 6, 1, 2, 3, 0, 0, 0),
(109, 6, 1, 2, 4, 0, 0, 0),
(110, 6, 1, 2, 6, 0, 0, 0),
(111, 6, 2, 1, 3, 1, 0, 0),
(112, 6, 2, 1, 3, 2, 0, 0),
(113, 6, 2, 2, 3, 0, 0, 0),
(114, 6, 2, 2, 4, 0, 0, 0),
(115, 6, 2, 2, 6, 0, 0, 0),
(116, 7, 1, 1, 3, 0, 0, 0),
(117, 7, 1, 2, 3, 0, 0, 0),
(118, 7, 2, 2, 3, 0, 0, 0),
(119, 7, 3, 2, 3, 0, 0, 0),
(120, 7, 4, 2, 3, 0, 0, 0);

DROP TABLE IF EXISTS `db_target_formable`;
CREATE TABLE `db_target_formable` (
  `id_target_formable` int(11) NOT NULL AUTO_INCREMENT,
  `faculty_id` int(11) NOT NULL,
  `time_form_id` int(11) NOT NULL,
  `edu_form_id` int(11) NOT NULL,
  `target_id` int(11) NOT NULL,
  `target_type_id` int(11) NOT NULL,
  `target_cell_id` int(11) NOT NULL,
  `region_cell_id` int(11) NOT NULL,
  PRIMARY KEY (`id_target_formable`),
  UNIQUE KEY `faculty_id` (`faculty_id`,`time_form_id`,`edu_form_id`,`target_id`,`target_type_id`,`target_cell_id`,`region_cell_id`)
) ENGINE=InnoDB AUTO_INCREMENT=121 /*!40101 DEFAULT CHARSET=cp1251 */;

INSERT INTO `db_target_formable` VALUES
(1, 1, 1, 1, 1, 1, 1, 1),
(2, 1, 1, 1, 1, 1, 1, 2),
(4, 1, 1, 1, 1, 1, 1, 4),
(5, 1, 1, 1, 1, 1, 1, 5),
(6, 1, 1, 1, 1, 1, 1, 6),
(7, 1, 1, 1, 1, 2, 1, 1),
(8, 1, 1, 1, 1, 2, 1, 2),
(10, 1, 1, 1, 1, 2, 1, 4),
(11, 1, 1, 1, 1, 2, 1, 5),
(12, 1, 1, 1, 1, 2, 1, 6),
(13, 1, 1, 1, 2, 0, 0, 0),
(14, 1, 1, 1, 3, 1, 0, 0),
(15, 1, 1, 1, 3, 2, 0, 0),
(16, 1, 1, 1, 5, 0, 0, 0),
(17, 1, 1, 2, 3, 0, 0, 0),
(18, 1, 1, 2, 4, 0, 0, 0),
(19, 1, 1, 2, 6, 0, 0, 0),
(20, 2, 1, 1, 1, 1, 1, 1),
(21, 2, 1, 1, 1, 1, 1, 2),
(22, 2, 1, 1, 1, 1, 1, 3),
(23, 2, 1, 1, 1, 1, 1, 4),
(24, 2, 1, 1, 1, 1, 1, 5),
(25, 2, 1, 1, 1, 1, 1, 6),
(26, 2, 1, 1, 1, 2, 1, 1),
(27, 2, 1, 1, 1, 2, 1, 2),
(28, 2, 1, 1, 1, 2, 1, 3),
(29, 2, 1, 1, 1, 2, 1, 4),
(30, 2, 1, 1, 1, 2, 1, 5),
(31, 2, 1, 1, 1, 2, 1, 6),
(32, 2, 1, 1, 2, 0, 0, 0),
(33, 2, 1, 1, 3, 1, 0, 0),
(34, 2, 1, 1, 3, 2, 0, 0),
(35, 2, 1, 1, 5, 0, 0, 0),
(36, 2, 1, 2, 3, 0, 0, 0),
(37, 2, 1, 2, 4, 0, 0, 0),
(38, 2, 1, 2, 6, 0, 0, 0),
(39, 3, 1, 1, 1, 1, 1, 1),
(40, 3, 1, 1, 1, 1, 1, 2),
(41, 3, 1, 1, 1, 1, 1, 3),
(43, 3, 1, 1, 1, 1, 1, 5),
(44, 3, 1, 1, 1, 1, 1, 6),
(45, 3, 1, 1, 1, 2, 1, 1),
(46, 3, 1, 1, 1, 2, 1, 2),
(47, 3, 1, 1, 1, 2, 1, 3),
(49, 3, 1, 1, 1, 2, 1, 5),
(50, 3, 1, 1, 1, 2, 1, 6),
(51, 3, 1, 1, 2, 0, 0, 0),
(52, 3, 1, 1, 3, 1, 0, 0),
(53, 3, 1, 1, 3, 2, 0, 0),
(54, 3, 1, 1, 5, 0, 0, 0),
(55, 3, 1, 2, 3, 0, 0, 0),
(56, 3, 1, 2, 4, 0, 0, 0),
(57, 3, 1, 2, 6, 0, 0, 0),
(58, 4, 1, 1, 1, 1, 1, 1),
(59, 4, 1, 1, 1, 1, 1, 2),
(60, 4, 1, 1, 1, 1, 1, 3),
(61, 4, 1, 1, 1, 1, 1, 4),
(62, 4, 1, 1, 1, 1, 1, 5),
(63, 4, 1, 1, 1, 1, 1, 6),
(64, 4, 1, 1, 1, 2, 1, 1),
(65, 4, 1, 1, 1, 2, 1, 2),
(66, 4, 1, 1, 1, 2, 1, 3),
(67, 4, 1, 1, 1, 2, 1, 4),
(68, 4, 1, 1, 1, 2, 1, 5),
(69, 4, 1, 1, 1, 2, 1, 6),
(70, 4, 1, 1, 2, 0, 0, 0),
(71, 4, 1, 1, 3, 1, 0, 0),
(72, 4, 1, 1, 3, 2, 0, 0),
(73, 4, 1, 1, 5, 0, 0, 0),
(74, 4, 1, 2, 3, 0, 0, 0),
(75, 4, 1, 2, 4, 0, 0, 0),
(76, 4, 1, 2, 6, 0, 0, 0),
(77, 5, 1, 1, 2, 0, 0, 0),
(78, 5, 1, 1, 3, 1, 0, 0),
(79, 5, 1, 1, 3, 2, 0, 0),
(80, 6, 1, 1, 1, 1, 1, 1),
(82, 6, 1, 1, 1, 1, 1, 3),
(83, 6, 1, 1, 1, 1, 1, 4),
(84, 6, 1, 1, 1, 1, 1, 5),
(85, 6, 1, 1, 1, 1, 1, 6),
(92, 6, 1, 1, 1, 1, 2, 1),
(94, 6, 1, 1, 1, 1, 2, 3),
(95, 6, 1, 1, 1, 1, 2, 4),
(96, 6, 1, 1, 1, 1, 2, 5),
(97, 6, 1, 1, 1, 1, 2, 6),
(86, 6, 1, 1, 1, 2, 1, 1),
(88, 6, 1, 1, 1, 2, 1, 3),
(89, 6, 1, 1, 1, 2, 1, 4),
(90, 6, 1, 1, 1, 2, 1, 5),
(91, 6, 1, 1, 1, 2, 1, 6),
(98, 6, 1, 1, 1, 2, 2, 1),
(100, 6, 1, 1, 1, 2, 2, 3),
(101, 6, 1, 1, 1, 2, 2, 4),
(102, 6, 1, 1, 1, 2, 2, 5),
(103, 6, 1, 1, 1, 2, 2, 6),
(104, 6, 1, 1, 2, 0, 0, 0),
(105, 6, 1, 1, 3, 1, 0, 0),
(106, 6, 1, 1, 3, 2, 0, 0),
(107, 6, 1, 1, 5, 0, 0, 0),
(108, 6, 1, 2, 3, 0, 0, 0),
(109, 6, 1, 2, 4, 0, 0, 0),
(110, 6, 1, 2, 6, 0, 0, 0),
(111, 6, 2, 1, 3, 1, 0, 0),
(112, 6, 2, 1, 3, 2, 0, 0),
(113, 6, 2, 2, 3, 0, 0, 0),
(114, 6, 2, 2, 4, 0, 0, 0),
(115, 6, 2, 2, 6, 0, 0, 0),
(116, 7, 1, 1, 3, 0, 0, 0),
(120, 7, 1, 2, 3, 0, 0, 0),
(117, 7, 2, 2, 3, 0, 0, 0),
(118, 7, 3, 2, 3, 0, 0, 0),
(119, 7, 4, 2, 3, 0, 0, 0);

DROP TABLE IF EXISTS `db_target_history`;
CREATE TABLE `db_target_history` (
  `id_target_history` int(11) NOT NULL AUTO_INCREMENT,
  `person_id` int(11) NOT NULL,
  `vtime` datetime NOT NULL,
  `xtime` datetime NOT NULL,
  `faculty` int(11) NOT NULL,
  `time_form_id` int(11) NOT NULL,
  `edu_form` int(11) NOT NULL,
  `target` int(11) NOT NULL,
  `target_type` int(11) NOT NULL,
  `target_cell` int(11) NOT NULL,
  `region_cell` int(11) NOT NULL,
  `total` int(11) NOT NULL,
  `reason` int(11) NOT NULL,
  `reasoff` int(11) NOT NULL,
  `vuid` int(11) NOT NULL,
  `xuid` int(11) NOT NULL,
  PRIMARY KEY (`id_target_history`)
) ENGINE=InnoDB /*!40101 DEFAULT CHARSET=cp1251 */;

DROP TABLE IF EXISTS `db_target_use`;
CREATE TABLE `db_target_use` (
  `id_target_use` int(11) NOT NULL AUTO_INCREMENT,
  `name` varchar(60) NOT NULL,
  `sname` varchar(60) NOT NULL,
  `abbr` varchar(50) NOT NULL,
  PRIMARY KEY (`id_target_use`)
) ENGINE=InnoDB AUTO_INCREMENT=3 /*!40101 DEFAULT CHARSET=cp1251 */;

INSERT INTO `db_target_use` VALUES
(1, '25 бюджет', '', ''),
(2, '2 заочное бюджет', '', '');

DROP TABLE IF EXISTS `db_targetcell`;
CREATE TABLE `db_targetcell` (
  `id_targetcell` int(11) NOT NULL AUTO_INCREMENT,
  `name` varchar(60) NOT NULL,
  `sname` varchar(60) NOT NULL,
  `abbr` varchar(60) NOT NULL,
  PRIMARY KEY (`id_targetcell`)
) ENGINE=InnoDB AUTO_INCREMENT=3 /*!40101 DEFAULT CHARSET=cp1251 */;

INSERT INTO `db_targetcell` VALUES
(1, 'УЗО', '', 'УЗО'),
(2, 'РУП \"Фармация\"', '', 'РУП');

DROP TABLE IF EXISTS `db_targettype`;
CREATE TABLE `db_targettype` (
  `id_targettype` int(11) NOT NULL AUTO_INCREMENT,
  `name` varchar(60) NOT NULL,
  `sname` varchar(60) NOT NULL,
  `abbr` varchar(60) NOT NULL,
  PRIMARY KEY (`id_targettype`)
) ENGINE=InnoDB AUTO_INCREMENT=3 /*!40101 DEFAULT CHARSET=cp1251 */;

INSERT INTO `db_targettype` VALUES
(1, 'Городской', 'Город', 'Г'),
(2, 'Сельский', 'Село', 'С');

DROP TABLE IF EXISTS `db_task`;
CREATE TABLE `db_task` (
  `id_task` int(11) NOT NULL AUTO_INCREMENT,
  `name` varchar(60) NOT NULL,
  `sname` varchar(60) NOT NULL,
  `abbr` varchar(50) NOT NULL,
  PRIMARY KEY (`id_task`)
) ENGINE=InnoDB /*!40101 DEFAULT CHARSET=cp1251 */;

DROP TABLE IF EXISTS `db_time_form`;
CREATE TABLE `db_time_form` (
  `id_time_form` int(11) NOT NULL AUTO_INCREMENT,
  `name` varchar(60) NOT NULL,
  `sname` varchar(60) NOT NULL,
  `abbr` varchar(60) NOT NULL,
  `abbrdelo` varchar(5) NOT NULL,
  `order_extract` varchar(100) NOT NULL,
  `notification` varchar(100) NOT NULL,
  PRIMARY KEY (`id_time_form`)
) ENGINE=InnoDB AUTO_INCREMENT=5 /*!40101 DEFAULT CHARSET=cp1251 */;

INSERT INTO `db_time_form` VALUES
(1, 'Дневная', 'Дн', 'Д', '', 'дневной', 'дневное'),
(2, 'Заочная', 'Заоч', 'З', 'З', 'заочной', 'заочное'),
(3, 'Вечерняя', 'Вч', 'В', 'В', '', ''),
(4, 'Дистанционная', 'Дс', 'Д', 'Д', '', '');

DROP TABLE IF EXISTS `db_try`;
CREATE TABLE `db_try` (
  `id_try` int(11) NOT NULL AUTO_INCREMENT,
  `name` varchar(60) NOT NULL,
  `sname` varchar(60) NOT NULL,
  `abbr` varchar(50) NOT NULL,
  PRIMARY KEY (`id_try`)
) ENGINE=InnoDB AUTO_INCREMENT=8 /*!40101 DEFAULT CHARSET=cp1251 */;

INSERT INTO `db_try` VALUES
(1, '1', '', ''),
(2, '2', '', ''),
(3, '3', '', ''),
(4, '4', '', ''),
(5, '5', '', ''),
(6, '6', '', ''),
(7, '7', '', '');

DROP TABLE IF EXISTS `db_users`;
CREATE TABLE `db_users` (
  `id` int(11) NOT NULL AUTO_INCREMENT,
  `username` varchar(60) NOT NULL,
  `password` varchar(60) NOT NULL,
  `realname` varchar(60) NOT NULL,
  `group_id` int(11) NOT NULL,
  `phones` varchar(50) NOT NULL,
  `def_faculty` int(11) NOT NULL,
  `use_tabs` int(11) NOT NULL,
  `queue_id` int(11) NOT NULL,
  `def_time_form` int(11) NOT NULL,
  `def_action` int(11) NOT NULL,
  PRIMARY KEY (`id`)
) ENGINE=InnoDB AUTO_INCREMENT=30 /*!40101 DEFAULT CHARSET=cp1251 */;

INSERT INTO `db_users` VALUES
(1, 'pk_root', '', 'Валентин', 1, '', 0, 0, 0, 0, 0),
(2, 'dextran', '', 'Александров Денис Александрович', 4, '', 0, 0, 0, 0, 0),
(3, 'pkRudkovskayaEV', '', 'Рудковская Елена Владимировна', 3, '', 4, 0, 0, 0, 0),
(4, 'pkBoriseviczES', '', 'Борисевич Екатерина Сергеевна', 3, '', 4, 0, 0, 0, 0),
(5, 'pkTroyanAN', '', 'Троян Анастасия Николаевна', 3, '', 2, 0, 0, 0, 0),
(6, 'pkGorbiczYL', '', 'Горбич Юрий Леонидович', 5, '', 2, 0, 0, 0, 0),
(7, 'pkKrasovskayaTV', '', 'Красовская Татьяна Викторовна', 3, '', 2, 0, 0, 0, 0),
(8, 'pkSaetOS', '', 'Сает Ольга Самуиловна', 5, '', 1, 0, 0, 0, 0),
(9, 'pkGodjaevVG', '', 'Годяев Вадим Генадьевич', 5, '', 1, 0, 1, 1, 1),
(10, 'pkMalkeviczAV', '', 'Малькевич Александра', 3, '', 1, 0, 0, 0, 0),
(11, 'pkCzuhanovaKA', '', 'Чуханова Карина Александровна', 3, '', 1, 0, 0, 0, 0),
(12, 'pkMaskalikAN', '', 'Маскалик Анна Николаевна', 3, '', 1, 0, 0, 0, 0),
(13, 'pkDemidczikVU', '', 'Демидчик Валерия Юрьевна', 3, '', 1, 0, 0, 0, 0),
(14, 'pkLipnitskayaAV', '', 'Липницкая Анастасия Викторовна', 3, '', 7, 0, 0, 0, 0),
(15, 'pkTaptunPD', '', 'Топтун Павел Дмитриевич', 3, '', 7, 0, 0, 0, 0),
(16, 'pkDoldovaVS', '', 'Долдова Валерия Сергеевна', 3, '', 3, 0, 0, 0, 0),
(17, 'pkSzepetkoNM', '', 'Шепетько Наталья Михайловна', 3, '', 3, 0, 0, 0, 0),
(18, 'pkShilovaMA', '', 'Шилова Маргарита Александровна', 5, '', 3, 0, 0, 0, 0),
(19, 'pkNaumenokTV', '', 'Наумёнок Татьяна Викторовна', 3, '', 5, 0, 0, 0, 0),
(20, 'pkYanulAN', '', 'Януль Александр Николаевич', 5, '', 5, 0, 0, 0, 0),
(21, 'pkPobolIN', '', 'Поболь Инна Николаевна', 3, '', 6, 0, 0, 0, 0),
(22, 'pkPavlovetcAO', '', 'Павловец Анна Олеговна', 3, '', 6, 0, 0, 0, 0),
(23, 'ChernousEA', '', 'Черноус Евгений', 5, '', 6, 0, 0, 0, 0),
(24, 'ShukhnoTP', '', 'Шухно Татьяна Петровна', 4, '', 0, 0, 0, 0, 0),
(25, 'pkKolesnikovaML', '', 'Колесникова Наталья Леонидовна', 4, '', 0, 0, 0, 0, 0),
(26, 'pkBulaszEI', '', 'Булаш Екатерина Ивановна', 5, '', 7, 0, 0, 0, 0),
(27, 'pkPhones', '', 'Телефонисты', 6, '', 0, 0, 0, 0, 0),
(28, 'sstomButvilovskijAV', '', 'Бутвиловский Александр Валерьевич', 4, '', 0, 0, 0, 0, 0),
(29, 'pkKravchenkoNL', '', 'Кравченко Наталья Леонидовна', 5, '', 4, 0, 0, 0, 0);

DROP TABLE IF EXISTS `db_vized_cell`;
CREATE TABLE `db_vized_cell` (
  `id_vized_cell` int(11) NOT NULL AUTO_INCREMENT,
  `name` varchar(60) NOT NULL,
  `surname` varchar(200) NOT NULL,
  `midname` varchar(200) NOT NULL,
  `region_id` int(11) NOT NULL,
  `spec` varchar(100) NOT NULL,
  PRIMARY KEY (`id_vized_cell`)
) ENGINE=InnoDB /*!40101 DEFAULT CHARSET=cp1251 */;

DROP TABLE IF EXISTS `db_voenmed`;
CREATE TABLE `db_voenmed` (
  `id_voenmed` int(11) NOT NULL AUTO_INCREMENT,
  `name` varchar(60) NOT NULL,
  `sname` varchar(60) NOT NULL,
  `abbr` varchar(50) NOT NULL,
  `surname` varchar(200) NOT NULL,
  `midname` varchar(200) NOT NULL,
  PRIMARY KEY (`id_voenmed`)
) ENGINE=InnoDB AUTO_INCREMENT=91 /*!40101 DEFAULT CHARSET=cp1251 */;

INSERT INTO `db_voenmed` VALUES
(1, 'Игорь', '', '', 'Азаренко', 'Игоревич'),
(2, 'Максим', '', '', 'Андросов', 'Николаевич'),
(3, 'Александр', '', '', 'Асмолов', 'Максимович'),
(4, 'Евгений', '', '', 'Афанасьев', 'Федорович'),
(5, 'Александр', '', '', 'Багдевич', 'Владимирович'),
(6, 'Сергей', '', '', 'Батый', 'Михайлович'),
(7, 'Максим', '', '', 'Бекач', 'Юрьевич'),
(8, 'Михаил', '', '', 'Белый', 'Александрович'),
(9, 'Максим', '', '', 'Бородко', 'Викторович'),
(10, 'Денис', '', '', 'Босуматоров', 'Михайлович'),
(11, 'Антон', '', '', 'Бычко', 'Геннадьевич'),
(12, 'Артем', '', '', 'Бурель', 'Викторович'),
(13, 'Антон', '', '', 'Бутько', 'Викторович'),
(14, 'Антон', '', '', 'Вабищевич', 'Григорьевич'),
(15, 'Владислав', '', '', 'Валюженич', 'Григорьевич'),
(16, 'Евгений', '', '', 'Василенко', 'Юрьевич'),
(17, 'Назар', '', '', 'Вашетьков', 'Юрьевич'),
(18, 'Илья', '', '', 'Вербицкий', 'Васильевич'),
(19, 'Дмитрий', '', '', 'Веренич', 'Игоревич'),
(20, 'Антон', '', '', 'Гаврильчик', 'Александрович'),
(21, 'Александр', '', '', 'Гапаненок', 'Борисович'),
(22, 'Сергей', '', '', 'Горбач', 'Дмитриевич'),
(23, 'Артем', '', '', 'Гузиков', 'Сергеевич'),
(24, 'Александр', '', '', 'Дайнеко', 'Игоревич'),
(25, 'Федор', '', '', 'Дудиков', 'Анатольевич'),
(26, 'Александр', '', '', 'Ермакович', 'Петрович'),
(27, 'Андрей', '', '', 'Ермашкевич', 'Олегович'),
(28, 'Антон', '', '', 'Жигар', 'Владимирович'),
(29, 'Роман', '', '', 'Зыгмантович', 'Викторович'),
(30, 'Антон', '', '', 'Исаенко', 'Александрович'),
(31, 'Роман', '', '', 'Камышкайло', 'Сергеевич'),
(32, 'Святослав', '', '', 'Касперович', 'Александрович'),
(33, 'Александр', '', '', 'Колденков', 'Андреевич'),
(34, 'Максим', '', '', 'Константинович', 'Андреевич'),
(35, 'Илья', '', '', 'Корбут', 'Николаевич'),
(36, 'Евгений', '', '', 'Корик', 'Владимирович'),
(37, 'Кирилл', '', '', 'Костяник', 'Витальевич'),
(38, 'Денис', '', '', 'Козенко', 'Валерьевич'),
(39, 'Андрей', '', '', 'Крупский', 'Николаевич'),
(40, 'Виктор', '', '', 'Лабецкий', 'Валерьевич'),
(41, 'Николай', '', '', 'Легеза', 'Васильевич'),
(42, 'Максим', '', '', 'Лукьянович', 'Валерьевич'),
(43, 'Никита', '', '', 'Малько', 'Юрьевич'),
(44, 'Денис', '', '', 'Марцинкевич', 'Николаевич'),
(45, 'Владимир', '', '', 'Морозов', 'Николаевич'),
(46, 'Максим', '', '', 'Морхат', 'Сергеевич'),
(47, 'Родион', '', '', 'Найдич', 'Андреевич'),
(48, 'Сергей', '', '', 'Некрашевич', 'Вячеславович'),
(49, 'Игорь', '', '', 'Новиков', 'Олегович'),
(50, 'Дмитрий', '', '', 'Новохрестов', 'Павлович'),
(51, 'Андрей', '', '', 'Олейник', 'Владимирович'),
(52, 'Никита', '', '', 'Ольгасюк', 'Вадимович'),
(53, 'Артем', '', '', 'Осадчук', 'Святославович'),
(54, 'Станислав', '', '', 'Рачко', 'Александрович'),
(55, 'Дмитрий', '', '', 'Ринейский', 'Игоревич'),
(56, 'Петр', '', '', 'Рогожников', 'Иванович'),
(57, 'Дмитрий', '', '', 'Палий', 'Евгеньевич'),
(58, 'Константин', '', '', 'Пантелеенко', 'Сергеевич'),
(59, 'Максим', '', '', 'Пашик', 'Викторович'),
(60, 'Александр', '', '', 'Петрашкевич', 'Валентинович'),
(61, 'Владислав', '', '', 'Полегошко', 'Игоревич'),
(62, 'Марк', '', '', 'Полывяный', 'Андреевич'),
(63, 'Алексей', '', '', 'Прокопеня', 'Николаевич'),
(64, 'Николай', '', '', 'Прудников', 'Игоревич'),
(65, 'Анатолий', '', '', 'Савченко', 'Сергеевич'),
(66, 'Максим', '', '', 'Севостьяненко', 'Андреевич'),
(67, 'Александр', '', '', 'Семенов', 'Александрович'),
(68, 'Василий', '', '', 'Семенов', 'Витальевич'),
(69, 'Алексей', '', '', 'Сергеев', 'Владимирович'),
(70, 'Олег', '', '', 'Сидорович', 'Михайлович'),
(71, 'Михаил', '', '', 'Скоробогатов', 'Вячеславович'),
(72, 'Антон', '', '', 'Снигирь', 'Владимирович'),
(73, 'Семен', '', '', 'Соломевич', 'Александрович'),
(74, 'Кирилл', '', '', 'Сорока', 'Иванович'),
(75, 'Ян', '', '', 'Старнович', 'Викторович'),
(76, 'Николай', '', '', 'Старовойтов', 'Валентинович'),
(77, 'Иван', '', '', 'Таранько', 'Юрьевич'),
(78, 'Евгений', '', '', 'Тасминский', 'Валерьевич'),
(79, 'Евгений', '', '', 'Ткачев', 'Анатольевич'),
(80, 'Андрей', '', '', 'Толкачев', 'Игоревич'),
(81, 'Игорь', '', '', 'Уласевич', 'Васильевич'),
(82, 'Виталий', '', '', 'Хиневич', 'Викторович'),
(83, 'Егор', '', '', 'Чечетов', 'Романович'),
(84, 'Максим', '', '', 'Шабанов', 'Геннадьевич'),
(85, 'Максим', '', '', 'Шарпило', 'Александрович'),
(86, 'Василий', '', '', 'Шепетько', 'Игоревич'),
(87, 'Максим', '', '', 'Шпетный', 'Вадимович'),
(88, 'Павел', '', '', 'Шруб', 'Михайлович'),
(89, 'Владислав', '', '', 'Шупта', 'Сергеевич'),
(90, 'Дмитрий', '', '', 'Щепотин', 'Анатольевич');

DROP TABLE IF EXISTS `db_wouldbe`;
CREATE TABLE `db_wouldbe` (
  `id_wouldbe` int(11) NOT NULL AUTO_INCREMENT,
  `name` varchar(60) NOT NULL,
  `sname` varchar(60) NOT NULL,
  `abbr` varchar(50) NOT NULL,
  PRIMARY KEY (`id_wouldbe`)
) ENGINE=InnoDB AUTO_INCREMENT=2 /*!40101 DEFAULT CHARSET=cp1251 */;

INSERT INTO `db_wouldbe` VALUES
(1, 'Потенциальный целевик', '', '');

DROP TABLE IF EXISTS `db_xclass`;
CREATE TABLE `db_xclass` (
  `id_xclass` int(11) NOT NULL AUTO_INCREMENT,
  `name` varchar(60) NOT NULL,
  `sname` varchar(60) NOT NULL,
  `abbr` varchar(50) NOT NULL,
  PRIMARY KEY (`id_xclass`)
) ENGINE=InnoDB AUTO_INCREMENT=2 /*!40101 DEFAULT CHARSET=cp1251 */;

INSERT INTO `db_xclass` VALUES
(1, 'Штрих класс', '', '');

DROP TABLE IF EXISTS `db_zip_by`;
CREATE TABLE `db_zip_by` (
  `id_zip_by` int(11) NOT NULL AUTO_INCREMENT,
  `zipcode` varchar(10) NOT NULL,
  `city_name` text NOT NULL,
  `stree_name` text NOT NULL,
  PRIMARY KEY (`id_zip_by`)
) ENGINE=InnoDB /*!40101 DEFAULT CHARSET=cp1251 */;

