#SKD101|admx|102|2014.04.15 11:06:57|5923|28|148|1490|3|10|2|2|3|9|4|15|3|2|1|2|2|4|7|3|9|5|11|2|4|9|7|84|13|108|1|3|7|2|12|5|204|10|3|7|123|13|84|56|3|150|4|1|10|7|6|2|3|6|200|5|2|166|2459|2|2|13|10|28|28|6|120|24|9|2|2|1|4|7|34|85|1|1

DROP TABLE IF EXISTS `db_abby_monid`;
CREATE TABLE `db_abby_monid` (
  `id_abby_monid` int(11) NOT NULL AUTO_INCREMENT,
  `faculty_id` int(11) NOT NULL,
  `time_form_id` int(11) NOT NULL,
  `monid` varchar(50) NOT NULL,
  PRIMARY KEY (`id_abby_monid`),
  UNIQUE KEY `faculty_id` (`faculty_id`,`time_form_id`)
) ENGINE=InnoDB AUTO_INCREMENT=41 /*!40101 DEFAULT CHARSET=cp1251 */;

INSERT INTO `db_abby_monid` VALUES
(1, 1, 1, '40625'),
(2, 1, 2, ''),
(3, 2, 1, '40615'),
(4, 2, 2, ''),
(5, 3, 1, '40613'),
(6, 3, 2, ''),
(7, 4, 1, '40626'),
(8, 4, 2, ''),
(9, 5, 1, '40614'),
(10, 5, 2, ''),
(11, 6, 1, '40667'),
(12, 6, 2, '41054'),
(15, 1, 3, ''),
(16, 1, 4, ''),
(19, 2, 3, ''),
(20, 2, 4, ''),
(23, 3, 3, ''),
(24, 3, 4, ''),
(27, 4, 3, ''),
(28, 4, 4, ''),
(31, 5, 3, ''),
(32, 5, 4, ''),
(35, 6, 3, ''),
(36, 6, 4, ''),
(37, 7, 1, ''),
(38, 7, 2, ''),
(39, 7, 3, ''),
(40, 7, 4, '');

DROP TABLE IF EXISTS `db_acl`;
CREATE TABLE `db_acl` (
  `id_acl` int(11) NOT NULL AUTO_INCREMENT,
  `group_id` int(11) NOT NULL,
  `key_id` int(11) NOT NULL,
  `value` int(11) NOT NULL,
  PRIMARY KEY (`id_acl`),
  UNIQUE KEY `group_id` (`group_id`,`key_id`)
) ENGINE=InnoDB AUTO_INCREMENT=1131 /*!40101 DEFAULT CHARSET=cp1251 */;

INSERT INTO `db_acl` VALUES
(1, 1, 1, 1),
(2, 2, 86, 1),
(3, 2, 106, 1),
(4, 2, 76, 1),
(5, 3, 9, 1),
(6, 3, 20, 1),
(7, 3, 55, 1),
(8, 3, 70, 0),
(9, 3, 72, 1),
(10, 3, 76, 1),
(11, 3, 80, 1),
(12, 3, 104, 1),
(15, 3, 32, 1),
(22, 4, 3, 1),
(23, 4, 13, 1),
(24, 4, 20, 1),
(25, 4, 32, 1),
(26, 4, 35, 1),
(27, 4, 37, 1),
(28, 4, 40, 1),
(29, 4, 42, 1),
(30, 4, 55, 1),
(31, 4, 59, 1),
(32, 4, 63, 1),
(33, 4, 65, 1),
(34, 4, 69, 1),
(35, 4, 70, 0),
(36, 4, 72, 1),
(37, 4, 73, 1),
(38, 4, 80, 1),
(39, 4, 84, 1),
(40, 4, 85, 1),
(41, 4, 94, 1),
(42, 4, 101, 1),
(43, 4, 106, 1),
(45, 4, 5, 1),
(48, 4, 29, 1),
(49, 4, 30, 1),
(70, 4, 7, 1),
(143, 4, 109, 1),
(144, 4, 110, 1),
(157, 4, 44, 1),
(201, 4, 111, 1),
(226, 4, 99, 1),
(258, 4, 104, 1),
(266, 4, 9, 1),
(299, 4, 10, 1),
(328, 5, 13, 1),
(329, 5, 84, 1),
(330, 5, 85, 1),
(331, 5, 101, 1),
(332, 5, 104, 1),
(333, 5, 109, 1),
(334, 5, 110, 1),
(335, 5, 111, 1),
(337, 5, 32, 1),
(338, 5, 44, 1),
(339, 5, 59, 1),
(340, 5, 72, 1),
(345, 5, 106, 1),
(353, 5, 69, 1),
(363, 5, 7, 1),
(364, 5, 9, 1),
(368, 5, 55, 1),
(372, 5, 80, 1),
(393, 5, 99, 1),
(404, 5, 37, 1),
(425, 5, 42, 1),
(450, 5, 65, 1),
(468, 5, 40, 0),
(469, 6, 7, 1),
(470, 6, 73, 1),
(473, 6, 104, 1),
(474, 6, 111, 1),
(475, 7, 5, 1),
(476, 7, 7, 1),
(477, 7, 13, 1),
(478, 7, 29, 1),
(479, 7, 30, 1),
(480, 7, 37, 1),
(481, 7, 44, 1),
(482, 7, 84, 1),
(483, 7, 99, 1),
(493, 7, 104, 1),
(501, 7, 73, 1),
(522, 4, 61, 1),
(539, 8, 29, 1),
(540, 8, 30, 1),
(541, 8, 44, 1),
(542, 8, 84, 1),
(543, 8, 104, 1),
(544, 8, 106, 1),
(545, 8, 109, 1),
(546, 8, 110, 1),
(547, 8, 111, 1),
(557, 8, 112, 1),
(558, 8, 7, 1),
(562, 8, 72, 1),
(563, 8, 73, 1),
(572, 8, 9, 1),
(575, 8, 40, 1),
(577, 8, 55, 1),
(580, 8, 80, 1),
(592, 8, 32, 1),
(608, 8, 15, 1),
(632, 7, 61, 1),
(639, 7, 10, 1),
(673, 5, 113, 1),
(708, 4, 113, 1),
(715, 8, 37, 1),
(743, 8, 99, 1),
(760, 5, 61, 1),
(789, 5, 73, 1),
(822, 8, 113, 1),
(823, 9, 9, 1),
(824, 9, 13, 1),
(825, 9, 20, 1),
(826, 9, 32, 1),
(827, 9, 35, 1),
(828, 9, 44, 1),
(829, 9, 55, 1),
(830, 9, 70, 0),
(831, 9, 72, 1),
(832, 9, 73, 1),
(833, 9, 74, 1),
(834, 9, 76, 1),
(835, 9, 80, 1),
(836, 9, 84, 1),
(837, 9, 85, 1),
(838, 9, 99, 1),
(839, 9, 101, 1),
(840, 9, 104, 1),
(841, 9, 106, 1),
(842, 9, 109, 1),
(843, 9, 110, 1),
(844, 9, 111, 1),
(845, 9, 113, 1),
(846, 9, 7, 1),
(876, 8, 35, 1),
(904, 8, 63, 1),
(941, 8, 114, 1),
(967, 8, 115, 1),
(971, 5, 29, 1),
(995, 10, 37, 1),
(996, 10, 84, 1),
(1032, 4, 115, 1),
(1090, 9, 59, 1),
(1112, 9, 37, 1);

DROP TABLE IF EXISTS `db_applog`;
CREATE TABLE `db_applog` (
  `id_applog` int(11) NOT NULL AUTO_INCREMENT,
  `action_name` varchar(200) NOT NULL,
  `user_id` int(11) NOT NULL,
  `uri` varchar(200) NOT NULL,
  `ts` timestamp NOT NULL /*!40101 DEFAULT CURRENT_TIMESTAMP ON UPDATE CURRENT_TIMESTAMP */,
  `ipaddr` varchar(16) NOT NULL,
  PRIMARY KEY (`id_applog`)
) ENGINE=InnoDB AUTO_INCREMENT=1276 /*!40101 DEFAULT CHARSET=cp1251 */;

INSERT INTO `db_applog` VALUES
(1, 'report.ball', 1, '/freebig.php', '2014-04-04 12:27:19', '10.1.0.184'),
(2, 'report.ball', 1, '/paidball.php', '2014-04-04 12:27:20', '10.1.0.184'),
(3, 'report.ball', 1, '/paidball.php', '2014-04-04 12:27:22', '10.1.0.184'),
(4, 'report.note', 1, '/note_denis.php', '2014-04-04 12:27:23', '10.1.0.184'),
(5, 'report.note', 1, '/note_denis.php?afx=0&mfx=0', '2014-04-04 12:27:28', '10.1.0.184'),
(6, 'person.create', 1, '/create.php', '2014-04-04 12:27:42', '10.1.0.184'),
(7, 'person.create', 1, '/create.php', '2014-04-04 12:34:46', '10.1.0.184'),
(8, 'control', 1, '/control.php', '2014-04-04 12:36:58', '10.1.0.184'),
(9, 'control.field_macros', 1, '/field_macros.php', '2014-04-04 12:37:10', '10.1.0.184'),
(10, 'control', 1, '/control.php', '2014-04-04 12:37:12', '10.1.0.184'),
(11, 'control.savefields', 1, '/savefields.php', '2014-04-04 12:37:13', '10.1.0.184'),
(12, 'control', 1, '/control.php', '2014-04-04 12:37:15', '10.1.0.184'),
(13, 'person.defaults', 1, '/defaults.php', '2014-04-04 12:37:18', '10.1.0.184'),
(14, 'person.defaults', 1, '/defaults.php', '2014-04-04 12:37:37', '10.1.0.184'),
(15, 'person.defaults', 1, '/defaults.php', '2014-04-04 12:37:37', '10.1.0.184'),
(16, 'person.create', 1, '/create.php', '2014-04-04 12:37:42', '10.1.0.184'),
(17, 'login', 0, '/login.php', '2014-04-04 14:50:07', '10.1.0.184'),
(18, 'login', 0, '/login.php', '2014-04-04 14:50:16', '10.1.0.184'),
(19, 'index', 1, '/index.php', '2014-04-04 14:50:16', '10.1.0.184'),
(20, 'person.create', 1, '/create.php', '2014-04-04 14:50:20', '10.1.0.184'),
(21, 'control', 1, '/control.php', '2014-04-04 14:50:33', '10.1.0.184'),
(22, 'control.keys', 1, '/keys.php', '2014-04-04 14:50:38', '10.1.0.184'),
(23, 'control', 1, '/control.php', '2014-04-04 14:50:47', '10.1.0.184'),
(24, 'control.reasoffs', 1, '/reasoffs.php', '2014-04-04 14:51:11', '10.1.0.184'),
(25, 'control', 1, '/control.php', '2014-04-04 14:51:17', '10.1.0.184'),
(26, 'debug', 1, '/debug.php', '2014-04-04 14:51:20', '10.1.0.184'),
(27, 'debug', 1, '/debug.php', '2014-04-04 14:51:26', '10.1.0.184'),
(28, 'control', 1, '/control.php', '2014-04-04 14:51:33', '10.1.0.184'),
(29, 'control.states', 1, '/states.php', '2014-04-04 14:51:39', '10.1.0.184'),
(30, 'control', 1, '/control.php', '2014-04-04 14:51:40', '10.1.0.184'),
(31, 'control.reasons', 1, '/reasons.php', '2014-04-04 14:52:39', '10.1.0.184'),
(32, 'control', 1, '/control.php', '2014-04-04 14:52:50', '10.1.0.184'),
(33, 'control.planform', 1, '/planform.php', '2014-04-04 14:52:56', '10.1.0.184'),
(34, 'control', 1, '/control.php', '2014-04-04 14:53:01', '10.1.0.184'),
(35, 'person.submitted', 1, '/submitted.php', '2014-04-04 14:53:11', '10.1.0.184'),
(36, 'control', 1, '/control.php', '2014-04-04 14:53:13', '10.1.0.184'),
(37, 'control.submissions', 1, '/submissions.php', '2014-04-04 14:53:16', '10.1.0.184'),
(38, 'control', 1, '/control.php', '2014-04-04 14:53:19', '10.1.0.184'),
(39, 'control.states', 1, '/states.php', '2014-04-04 14:53:42', '10.1.0.184'),
(40, 'control', 1, '/control.php', '2014-04-04 14:53:43', '10.1.0.184'),
(41, 'control.tasks', 1, '/tasks.php', '2014-04-04 14:53:48', '10.1.0.184'),
(42, 'control', 1, '/control.php', '2014-04-04 14:53:50', '10.1.0.184'),
(43, 'control.querys', 1, '/querys.php', '2014-04-04 14:53:51', '10.1.0.184'),
(44, 'control', 1, '/control.php', '2014-04-04 14:53:53', '10.1.0.184'),
(45, 'control.queues', 1, '/queues.php', '2014-04-04 14:53:57', '10.1.0.184'),
(46, 'control', 1, '/control.php', '2014-04-04 14:53:58', '10.1.0.184'),
(47, 'control.helps', 1, '/helps.php', '2014-04-04 14:53:58', '10.1.0.184'),
(48, 'control', 1, '/control.php', '2014-04-04 14:54:01', '10.1.0.184'),
(49, 'control.cuts', 1, '/cuts.php', '2014-04-04 14:54:03', '10.1.0.184'),
(50, 'control', 1, '/control.php', '2014-04-04 14:54:04', '10.1.0.184'),
(51, 'control.months', 1, '/months.php', '2014-04-04 14:54:34', '10.1.0.184'),
(52, 'control.months', 1, '/months.php?id=7', '2014-04-04 14:54:38', '10.1.0.184'),
(53, 'control', 1, '/control.php', '2014-04-04 14:54:43', '10.1.0.184'),
(54, 'control.targettypes', 1, '/targettypes.php', '2014-04-04 14:54:46', '10.1.0.184'),
(55, 'control', 1, '/control.php', '2014-04-04 14:54:48', '10.1.0.184'),
(56, 'control.targets', 1, '/targets.php', '2014-04-04 14:54:50', '10.1.0.184'),
(57, 'control.targets', 1, '/targets.php?id=5', '2014-04-04 14:54:53', '10.1.0.184'),
(58, 'control.targets', 1, '/targets.php?id=3', '2014-04-04 14:54:57', '10.1.0.184'),
(59, 'control', 1, '/control.php', '2014-04-04 14:54:59', '10.1.0.184'),
(60, 'control.edu_forms', 1, '/edu_forms.php', '2014-04-04 14:55:01', '10.1.0.184'),
(61, 'control.edu_forms', 1, '/edu_forms.php?id=1', '2014-04-04 14:55:03', '10.1.0.184'),
(62, 'report.discrete', 0, '/discrete_paid.php?fc=0&tf=0&afx=0&mfx=0&raw=on', '2014-04-04 15:01:06', '172.20.0.22'),
(63, 'report.discrete', 0, '/discrete_paid.php?fc=0&tf=0&afx=0&mfx=0&raw=on', '2014-04-04 16:01:06', '172.20.0.22'),
(64, 'login', 1, '/login.php', '2014-04-07 08:52:23', '10.1.0.184'),
(65, 'index', 1, '/index.php', '2014-04-07 08:52:26', '10.1.0.184'),
(66, 'person.create', 1, '/create.php', '2014-04-07 08:52:35', '10.1.0.184'),
(67, 'person.create', 1, '/create.php', '2014-04-07 08:54:26', '10.1.0.184'),
(68, 'control', 1, '/control.php', '2014-04-07 08:55:59', '10.1.0.184'),
(69, 'control.tasks', 1, '/tasks.php', '2014-04-07 08:56:06', '10.1.0.184'),
(70, 'control', 1, '/control.php', '2014-04-07 08:56:08', '10.1.0.184'),
(71, 'person.defaults', 1, '/defaults.php', '2014-04-07 08:56:11', '10.1.0.184'),
(72, 'control', 1, '/control.php', '2014-04-07 08:56:24', '10.1.0.184'),
(73, 'control.submissions', 1, '/submissions.php', '2014-04-07 08:56:30', '10.1.0.184'),
(74, 'control', 1, '/control.php', '2014-04-07 08:56:32', '10.1.0.184'),
(75, 'control.edu_forms', 1, '/edu_forms.php', '2014-04-07 08:56:38', '10.1.0.184'),
(76, 'control', 1, '/control.php', '2014-04-07 08:56:41', '10.1.0.184'),
(77, 'debug', 1, '/debug.php', '2014-04-07 08:58:21', '10.1.0.184'),
(78, 'index', 1, '/moved_journal.php', '2014-04-07 08:58:30', '10.1.0.184'),
(79, 'debug', 1, '/debug.php', '2014-04-07 08:58:32', '10.1.0.184'),
(80, 'report.ball', 1, '/freeballws.php', '2014-04-07 08:58:40', '10.1.0.184'),
(81, 'debug', 1, '/debug.php', '2014-04-07 08:58:42', '10.1.0.184'),
(82, 'control.vcard', 1, '/vcard.php', '2014-04-07 08:58:48', '10.1.0.184'),
(83, 'debug', 1, '/debug.php', '2014-04-07 08:58:50', '10.1.0.184'),
(84, 'control.dict_dump', 1, '/dict_dump.php', '2014-04-07 08:58:51', '10.1.0.184'),
(85, 'debug', 1, '/debug.php', '2014-04-07 08:58:53', '10.1.0.184'),
(86, 'person.precreate', 1, '/precreate.php', '2014-04-07 08:58:56', '10.1.0.184'),
(87, 'person.rakeup', 1, '/rakeup.php', '2014-04-07 08:59:01', '10.1.0.184'),
(88, 'person.create', 1, '/create.php', '2014-04-07 08:59:03', '10.1.0.184'),
(89, 'files', 1, '/files.php', '2014-04-07 08:59:34', '10.1.0.184'),
(90, 'index', 1, '/index.php', '2014-04-07 08:59:36', '10.1.0.184'),
(91, 'login', 1, '/login.php', '2014-04-08 08:16:43', '10.1.0.184'),
(92, 'index', 1, '/index.php', '2014-04-08 08:16:46', '10.1.0.184'),
(93, 'person.create', 1, '/create.php', '2014-04-08 08:17:02', '10.1.0.184'),
(94, 'person.create', 1, '/create.php', '2014-04-08 08:40:37', '10.1.0.184'),
(95, 'person.create', 1, '/create.php', '2014-04-08 08:47:06', '10.1.0.184'),
(96, 'person.create', 1, '/create.php', '2014-04-08 08:50:27', '10.1.0.184'),
(97, 'person.create', 1, '/create.php', '2014-04-08 08:50:43', '10.1.0.184'),
(98, 'person.create', 1, '/create.php', '2014-04-08 09:09:33', '10.1.0.184'),
(99, 'person.create', 1, '/create.php', '2014-04-08 09:13:41', '10.1.0.184'),
(100, 'control', 1, '/control.php', '2014-04-08 09:33:52', '10.1.0.184'),
(101, 'control.formacl', 1, '/formacl.php', '2014-04-08 09:34:47', '10.1.0.184'),
(102, 'control.formacl', 1, '/formacl.php', '2014-04-08 09:35:38', '10.1.0.184'),
(103, 'control.formacl', 1, '/formacl.php', '2014-04-08 09:35:38', '10.1.0.184'),
(104, 'index', 1, '/index.php', '2014-04-08 09:35:43', '10.1.0.184'),
(105, 'person.create', 1, '/create.php', '2014-04-08 09:35:44', '10.1.0.184'),
(106, 'person.create', 1, '/create.php', '2014-04-08 10:00:28', '10.1.0.184'),
(107, 'person.view', 1, '/view.php?id=1', '2014-04-08 10:00:28', '10.1.0.184'),
(108, 'report.discrete', 1, '/discrete_paid.php', '2014-04-08 10:00:40', '10.1.0.184'),
(109, 'report.discrete', 1, '/discrete.php', '2014-04-08 10:00:41', '10.1.0.184'),
(110, 'report.analog', 1, '/analog.php', '2014-04-08 10:00:53', '10.1.0.184'),
(111, 'report.ball', 1, '/freebig.php', '2014-04-08 10:00:57', '10.1.0.184'),
(112, 'report.ball', 1, '/freebig.php', '2014-04-08 10:01:03', '10.1.0.184'),
(113, 'report.analog', 1, '/analog.php', '2014-04-08 10:01:08', '10.1.0.184'),
(114, 'person.search', 1, '/search.php', '2014-04-08 10:01:23', '10.1.0.184'),
(115, 'person.search', 1, '/search.php', '2014-04-08 10:01:28', '10.1.0.184'),
(116, 'person.search', 1, '/rangesearch.php', '2014-04-08 10:01:35', '10.1.0.184'),
(117, 'person.create', 1, '/create.php', '2014-04-08 10:01:37', '10.1.0.184'),
(118, 'person.rakeup', 1, '/rakeup.php', '2014-04-08 10:01:38', '10.1.0.184'),
(119, 'person.search', 1, '/search.php', '2014-04-08 10:01:40', '10.1.0.184'),
(120, 'person.search', 1, '/search.php', '2014-04-08 10:01:49', '10.1.0.184'),
(121, 'person.search', 1, '/search.php', '2014-04-08 10:02:01', '10.1.0.184'),
(122, 'person.search', 1, '/search.php', '2014-04-08 10:02:12', '10.1.0.184'),
(123, 'person.search', 1, '/rev_search.php', '2014-04-08 10:02:17', '10.1.0.184'),
(124, 'person.chain', 1, '/chain.php', '2014-04-08 10:02:26', '10.1.0.184'),
(125, 'person.query', 1, '/query.php', '2014-04-08 10:02:30', '10.1.0.184'),
(126, 'person.search', 1, '/search.php', '2014-04-08 10:02:31', '10.1.0.184'),
(127, 'person.search', 1, '/rangesearch.php', '2014-04-08 10:02:32', '10.1.0.184'),
(128, 'person.search', 1, '/rev_search.php', '2014-04-08 10:02:34', '10.1.0.184'),
(129, 'person.create', 1, '/create.php', '2014-04-08 10:02:35', '10.1.0.184'),
(130, 'person.precreate', 1, '/precreate.php', '2014-04-08 10:02:37', '10.1.0.184'),
(131, 'person.create', 1, '/create.php', '2014-04-08 10:02:40', '10.1.0.184'),
(132, 'report.note', 1, '/note_denis.php', '2014-04-08 12:22:32', '10.1.0.184'),
(133, 'person.search', 1, '/rev_search.php', '2014-04-08 12:23:03', '10.1.0.184'),
(134, 'person.search', 1, '/search.php', '2014-04-08 12:23:05', '10.1.0.184'),
(135, 'person.search', 1, '/rangesearch.php', '2014-04-08 12:23:07', '10.1.0.184'),
(136, 'person.rakeup', 1, '/rakeup.php', '2014-04-08 12:23:10', '10.1.0.184'),
(137, 'person.search', 1, '/search.php', '2014-04-08 12:23:10', '10.1.0.184'),
(138, 'person.search', 1, '/search.php', '2014-04-08 12:23:16', '10.1.0.184'),
(139, 'person.search', 1, '/search.php', '2014-04-08 12:23:54', '10.1.0.184'),
(140, 'person.search', 1, '/search.php', '2014-04-08 12:24:00', '10.1.0.184'),
(141, 'person.search', 1, '/search.php', '2014-04-08 12:24:03', '10.1.0.184'),
(142, 'person.search', 1, '/search.php', '2014-04-08 12:24:12', '10.1.0.184'),
(143, 'person.search', 1, '/search.php', '2014-04-08 12:24:19', '10.1.0.184'),
(144, 'person.search', 1, '/search.php', '2014-04-08 12:25:02', '10.1.0.184'),
(145, 'person.rakeup', 1, '/rakeup.php', '2014-04-08 12:26:19', '10.1.0.184'),
(146, 'person.precreate', 1, '/precreate.php', '2014-04-08 12:26:22', '10.1.0.184'),
(147, 'person.create', 1, '/create.php', '2014-04-08 12:26:25', '10.1.0.184'),
(148, 'person.rakeup', 1, '/rakeup.php', '2014-04-08 12:26:27', '10.1.0.184'),
(149, 'person.search', 1, '/search.php', '2014-04-08 12:26:28', '10.1.0.184'),
(150, 'person.search', 1, '/rangesearch.php', '2014-04-08 12:26:29', '10.1.0.184'),
(151, 'person.search', 1, '/rangesearch.php', '2014-04-08 12:26:39', '10.1.0.184'),
(152, 'person.view', 1, '/view.php?id=1', '2014-04-08 12:26:42', '10.1.0.184'),
(153, 'person.change', 1, '/infixation.php?id=1', '2014-04-08 12:26:47', '10.1.0.184'),
(154, 'report.note', 1, '/note_denis.php', '2014-04-08 12:26:52', '10.1.0.184'),
(155, 'person.change', 1, '/infixation.php?id=1', '2014-04-08 12:26:57', '10.1.0.184'),
(156, 'person.transmit', 1, '/transmit.php?id=1', '2014-04-08 12:27:04', '10.1.0.184'),
(157, 'person.close', 1, '/close.php?id=1', '2014-04-08 12:27:14', '10.1.0.184'),
(158, 'person.close', 1, '/close.php?id=1', '2014-04-08 12:27:16', '10.1.0.184'),
(159, 'person.close', 1, '/close.php?id=1', '2014-04-08 12:27:16', '10.1.0.184'),
(160, 'report.ball', 1, '/freebig.php', '2014-04-08 12:27:23', '10.1.0.184'),
(161, 'person.search', 1, '/search.php', '2014-04-08 12:27:31', '10.1.0.184'),
(162, 'person.search', 1, '/rangesearch.php', '2014-04-08 12:27:35', '10.1.0.184'),
(163, 'person.search', 1, '/rangesearch.php', '2014-04-08 12:27:36', '10.1.0.184'),
(164, 'person.view', 1, '/view.php?id=1', '2014-04-08 12:27:38', '10.1.0.184'),
(165, 'person.move', 1, '/move.php?id=1', '2014-04-08 12:27:44', '10.1.0.184'),
(166, 'person.move', 1, '/move.php?id=1', '2014-04-08 12:27:49', '10.1.0.184'),
(167, 'person.view', 1, '/view.php?id=2', '2014-04-08 12:27:49', '10.1.0.184'),
(168, 'person.change', 1, '/infixation.php?id=2', '2014-04-08 12:27:54', '10.1.0.184'),
(169, 'person.transmit', 1, '/transmit.php?id=2', '2014-04-08 12:27:58', '10.1.0.184'),
(170, 'person.transmit', 1, '/transmit.php?id=2', '2014-04-08 12:28:00', '10.1.0.184'),
(171, 'person.change', 1, '/infixation.php?id=2', '2014-04-08 12:28:07', '10.1.0.184'),
(172, 'person.view', 1, '/view.php?id=2', '2014-04-08 12:28:09', '10.1.0.184'),
(173, 'person.change', 1, '/infixation.php?id=2', '2014-04-08 12:28:26', '10.1.0.184'),
(174, 'person.transmit', 1, '/transmit.php?id=2', '2014-04-08 12:28:29', '10.1.0.184'),
(175, 'person.pool', 1, '/pool.php?id=2', '2014-04-08 12:28:31', '10.1.0.184'),
(176, 'person.pool', 1, '/pool.php?id=2', '2014-04-08 12:28:32', '10.1.0.184'),
(177, 'person.view', 1, '/view.php?id=2', '2014-04-08 12:28:32', '10.1.0.184'),
(178, 'person.change', 1, '/infixation.php?id=2', '2014-04-08 12:28:43', '10.1.0.184'),
(179, 'person.pool', 1, '/pool.php?id=2', '2014-04-08 12:28:47', '10.1.0.184'),
(180, 'person.pool', 1, '/pool.php?id=2', '2014-04-08 12:28:49', '10.1.0.184'),
(181, 'person.view', 1, '/view.php?id=2', '2014-04-08 12:28:49', '10.1.0.184'),
(182, 'person.change', 1, '/change.php?id=2', '2014-04-08 12:28:51', '10.1.0.184'),
(183, 'person.move', 1, '/move.php?id=2', '2014-04-08 12:28:58', '10.1.0.184'),
(184, 'person.move', 1, '/move.php?id=2', '2014-04-08 12:29:02', '10.1.0.184'),
(185, 'person.view', 1, '/view.php?id=3', '2014-04-08 12:29:02', '10.1.0.184'),
(186, 'person.change', 1, '/change.php?id=3', '2014-04-08 12:29:19', '10.1.0.184'),
(187, 'person.change', 1, '/change.php?id=3', '2014-04-08 12:29:35', '10.1.0.184'),
(188, 'person.view', 1, '/view.php?id=3', '2014-04-08 12:29:35', '10.1.0.184'),
(189, 'report.note', 1, '/note_denis.php', '2014-04-08 12:29:39', '10.1.0.184'),
(190, 'person.view', 1, '/view.php?id=1', '2014-04-08 12:29:56', '10.1.0.184'),
(191, 'person.move', 1, '/move.php?id=1', '2014-04-08 12:30:38', '10.1.0.184'),
(192, 'person.move', 1, '/move.php?id=1', '2014-04-08 12:30:41', '10.1.0.184'),
(193, 'person.view', 1, '/view.php?id=4', '2014-04-08 12:30:41', '10.1.0.184'),
(194, 'control', 1, '/control.php', '2014-04-08 12:30:50', '10.1.0.184'),
(195, 'debug', 1, '/debug.php', '2014-04-08 12:30:53', '10.1.0.184'),
(196, 'report.ball', 1, '/freeballws.php', '2014-04-08 12:30:55', '10.1.0.184'),
(197, 'debug', 1, '/debug.php', '2014-04-08 12:30:57', '10.1.0.184'),
(198, 'debug', 1, '/delive.php', '2014-04-08 12:30:59', '10.1.0.184'),
(199, 'debug', 1, '/debug.php', '2014-04-08 12:31:03', '10.1.0.184'),
(200, 'debug', 1, '/depf.php', '2014-04-08 12:31:07', '10.1.0.184'),
(201, 'debug', 1, '/debug.php', '2014-04-08 12:31:08', '10.1.0.184'),
(202, 'debug', 1, '/depool.php', '2014-04-08 12:31:09', '10.1.0.184'),
(203, 'report.note', 1, '/note_denis.php', '2014-04-08 12:31:14', '10.1.0.184'),
(204, 'debug', 1, '/debug.php', '2014-04-08 12:31:21', '10.1.0.184'),
(205, 'debug.secviol', 1, '/secviolation.php', '2014-04-08 12:31:23', '10.1.0.184'),
(206, 'debug', 1, '/debug.php', '2014-04-08 12:31:25', '10.1.0.184'),
(207, 'control.applog', 1, '/applog.php', '2014-04-08 12:31:26', '10.1.0.184'),
(208, 'debug', 1, '/debug.php', '2014-04-08 12:31:32', '10.1.0.184'),
(209, 'debug', 1, '/debug.php', '2014-04-08 12:31:36', '10.1.0.184'),
(210, 'index', 1, '/moved_journal.php', '2014-04-08 12:31:37', '10.1.0.184'),
(211, 'debug', 1, '/debug.php', '2014-04-08 12:31:40', '10.1.0.184'),
(212, 'index', 1, '/sheet.php', '2014-04-08 12:31:41', '10.1.0.184'),
(213, 'debug', 1, '/debug.php', '2014-04-08 12:31:43', '10.1.0.184'),
(214, 'debug', 1, '/decell.php', '2014-04-08 12:31:46', '10.1.0.184'),
(215, 'debug', 1, '/debug.php', '2014-04-08 12:31:47', '10.1.0.184'),
(216, 'control', 1, '/control.php', '2014-04-08 12:31:49', '10.1.0.184'),
(217, 'control.planform', 1, '/planform.php', '2014-04-08 12:31:51', '10.1.0.184'),
(218, 'control', 1, '/control.php', '2014-04-08 12:31:56', '10.1.0.184'),
(219, 'control.targetacl', 1, '/targetacl.php', '2014-04-08 12:31:59', '10.1.0.184'),
(220, 'report.discrete', 1, '/discrete.php', '2014-04-08 12:32:21', '10.1.0.184'),
(221, 'report.discrete_raw', 1, '/discrete_raw.php', '2014-04-08 12:32:29', '10.1.0.184'),
(222, 'person.search', 1, '/search.php', '2014-04-08 12:32:35', '10.1.0.184'),
(223, 'person.search', 1, '/rangesearch.php', '2014-04-08 12:32:36', '10.1.0.184'),
(224, 'person.search', 1, '/rangesearch.php', '2014-04-08 12:32:38', '10.1.0.184'),
(225, 'person.groupmake', 1, '/groupmake.php', '2014-04-08 12:32:51', '10.1.0.184'),
(226, 'person.groupmake', 1, '/groupmake.php', '2014-04-08 12:32:58', '10.1.0.184'),
(227, 'index', 1, '/index.php', '2014-04-08 12:32:58', '10.1.0.184'),
(228, 'report.note', 1, '/note_denis.php', '2014-04-08 12:33:03', '10.1.0.184'),
(229, 'person.chain', 1, '/chain.php', '2014-04-08 12:33:10', '10.1.0.184'),
(230, 'chain.operation', 1, '/cop.php', '2014-04-08 12:33:13', '10.1.0.184'),
(231, 'person.chain', 1, '/chain.php', '2014-04-08 12:33:13', '10.1.0.184'),
(232, 'chain.operation', 1, '/cop.php', '2014-04-08 12:33:14', '10.1.0.184'),
(233, 'person.chain', 1, '/chain.php', '2014-04-08 12:33:14', '10.1.0.184'),
(234, 'person.search', 1, '/rangesearch.php', '2014-04-08 12:33:17', '10.1.0.184'),
(235, 'person.search', 1, '/search.php', '2014-04-08 12:33:18', '10.1.0.184'),
(236, 'person.rakeup', 1, '/rakeup.php', '2014-04-08 12:33:20', '10.1.0.184'),
(237, 'person.create', 1, '/create.php', '2014-04-08 12:33:22', '10.1.0.184'),
(238, 'person.search', 1, '/rev_search.php', '2014-04-08 12:33:23', '10.1.0.184'),
(239, 'person.view', 1, '/view.php?id=1', '2014-04-08 12:33:26', '10.1.0.184'),
(240, 'person.change', 1, '/change.php?id=1', '2014-04-08 12:33:32', '10.1.0.184'),
(241, 'person.view', 1, '/view.php?id=2', '2014-04-08 12:33:34', '10.1.0.184'),
(242, 'person.view', 1, '/view.php?id=4', '2014-04-08 12:33:35', '10.1.0.184'),
(243, 'person.view', 1, '/view.php?id=4', '2014-04-08 12:33:37', '10.1.0.184'),
(244, 'person.search', 1, '/rangesearch.php', '2014-04-08 12:33:40', '10.1.0.184'),
(245, 'person.search', 1, '/rangesearch.php', '2014-04-08 12:33:42', '10.1.0.184'),
(246, 'person.groupmake', 1, '/groupmake.php', '2014-04-08 12:33:48', '10.1.0.184'),
(247, 'person.search', 1, '/rangesearch.php', '2014-04-08 12:33:55', '10.1.0.184'),
(248, 'person.create', 1, '/create.php', '2014-04-08 12:34:05', '10.1.0.184'),
(249, 'person.create', 1, '/create.php', '2014-04-08 12:34:10', '10.1.0.184'),
(250, 'person.rakeup', 1, '/rakeup.php', '2014-04-08 12:34:12', '10.1.0.184'),
(251, 'person.search', 1, '/search.php', '2014-04-08 12:34:13', '10.1.0.184'),
(252, 'person.create', 1, '/create.php', '2014-04-08 12:34:32', '10.1.0.184'),
(253, 'person.rakeup', 1, '/rakeup.php', '2014-04-08 12:34:40', '10.1.0.184'),
(254, 'person.search', 1, '/search.php', '2014-04-08 12:34:42', '10.1.0.184'),
(255, 'person.search', 1, '/rangesearch.php', '2014-04-08 12:34:45', '10.1.0.184'),
(256, 'person.search', 1, '/rangesearch.php', '2014-04-08 12:34:46', '10.1.0.184'),
(257, 'person.view', 1, '/view.php?id=1', '2014-04-08 12:34:48', '10.1.0.184'),
(258, 'person.rawedit', 1, '/rawedit.php?id=1', '2014-04-08 12:34:51', '10.1.0.184'),
(259, 'person.view', 1, '/view.php?id=1', '2014-04-08 12:34:55', '10.1.0.184'),
(260, 'person.view', 1, '/view.php?id=1', '2014-04-08 12:35:02', '10.1.0.184'),
(261, 'person.change', 1, '/infixation.php?id=1', '2014-04-08 12:35:09', '10.1.0.184'),
(262, 'person.transmit', 1, '/transmit.php?id=1', '2014-04-08 12:35:22', '10.1.0.184'),
(263, 'person.transmit', 1, '/transmit.php?id=1', '2014-04-08 12:35:25', '10.1.0.184'),
(264, 'person.view', 1, '/view.php?id=2', '2014-04-08 12:35:29', '10.1.0.184'),
(265, 'person.change', 1, '/infixation.php?id=2', '2014-04-08 12:35:31', '10.1.0.184'),
(266, 'person.transmit', 1, '/transmit.php?id=2', '2014-04-08 12:35:32', '10.1.0.184'),
(267, 'person.pool', 1, '/pool.php?id=2', '2014-04-08 12:35:34', '10.1.0.184'),
(268, 'person.pool', 1, '/pool.php?id=2', '2014-04-08 12:35:36', '10.1.0.184'),
(269, 'person.view', 1, '/view.php?id=2', '2014-04-08 12:35:36', '10.1.0.184'),
(270, 'person.view', 1, '/view.php?id=3', '2014-04-08 12:35:38', '10.1.0.184'),
(271, 'debug', 1, '/debug.php', '2014-04-08 12:35:48', '10.1.0.184'),
(272, 'report.ball', 1, '/freeballws.php', '2014-04-08 12:35:50', '10.1.0.184'),
(273, 'debug', 1, '/debug.php', '2014-04-08 12:35:51', '10.1.0.184'),
(274, 'debug', 1, '/depf.php', '2014-04-08 12:35:56', '10.1.0.184'),
(275, 'debug', 1, '/debug.php', '2014-04-08 12:35:57', '10.1.0.184'),
(276, 'debug', 1, '/depool.php', '2014-04-08 12:35:58', '10.1.0.184'),
(277, 'debug', 1, '/debug.php', '2014-04-08 12:36:01', '10.1.0.184'),
(278, 'index', 1, '/moved_journal.php', '2014-04-08 12:36:03', '10.1.0.184'),
(279, 'person.rakeup', 1, '/rakeup.php', '2014-04-08 12:36:07', '10.1.0.184'),
(280, 'person.search', 1, '/rangesearch.php', '2014-04-08 12:36:14', '10.1.0.184'),
(281, 'person.view', 1, '/view.php?id=1', '2014-04-08 12:36:16', '10.1.0.184'),
(282, 'person.transmit', 1, '/transmit.php?id=1', '2014-04-08 12:36:19', '10.1.0.184'),
(283, 'person.transmit', 1, '/transmit.php?id=1', '2014-04-08 12:36:23', '10.1.0.184'),
(284, 'person.transmit', 1, '/transmit.php?id=1', '2014-04-08 12:36:25', '10.1.0.184'),
(285, 'person.transmit', 1, '/transmit.php?id=1', '2014-04-08 12:36:25', '10.1.0.184'),
(286, 'person.rakeup', 1, '/rakeup.php', '2014-04-08 12:36:26', '10.1.0.184'),
(287, 'person.transmit', 1, '/transmit.php?id=1', '2014-04-08 12:36:35', '10.1.0.184'),
(288, 'person.transmit', 1, '/transmit.php?id=1', '2014-04-08 12:36:42', '10.1.0.184'),
(289, 'person.transmit', 1, '/transmit.php?id=1', '2014-04-08 12:36:45', '10.1.0.184'),
(290, 'person.pool', 1, '/pool.php?id=1', '2014-04-08 12:36:47', '10.1.0.184'),
(291, 'person.rakeup', 1, '/rakeup.php', '2014-04-08 12:36:50', '10.1.0.184'),
(292, 'person.create', 1, '/create.php', '2014-04-08 12:37:37', '10.1.0.184'),
(293, 'person.rakeup', 1, '/rakeup.php', '2014-04-08 12:37:39', '10.1.0.184'),
(294, 'person.search', 1, '/search.php', '2014-04-08 12:37:40', '10.1.0.184'),
(295, 'person.search', 1, '/rev_search.php', '2014-04-08 12:37:43', '10.1.0.184'),
(296, 'control', 1, '/control.php', '2014-04-08 12:37:47', '10.1.0.184'),
(297, 'control.planform', 1, '/planform.php', '2014-04-08 12:37:49', '10.1.0.184'),
(298, 'control', 1, '/control.php', '2014-04-08 12:37:54', '10.1.0.184'),
(299, 'control.submissions', 1, '/submissions.php', '2014-04-08 12:37:55', '10.1.0.184'),
(300, 'control', 1, '/control.php', '2014-04-08 12:37:57', '10.1.0.184'),
(301, 'person.submitted', 1, '/submitted.php', '2014-04-08 12:37:59', '10.1.0.184'),
(302, 'control', 1, '/control.php', '2014-04-08 12:38:02', '10.1.0.184'),
(303, 'control.submissions', 1, '/submissions.php', '2014-04-08 12:38:04', '10.1.0.184'),
(304, 'control', 1, '/control.php', '2014-04-08 12:38:06', '10.1.0.184'),
(305, 'control.time_forms', 1, '/time_forms.php', '2014-04-08 12:38:12', '10.1.0.184'),
(306, 'control', 1, '/control.php', '2014-04-08 12:38:14', '10.1.0.184'),
(307, 'control.querys', 1, '/querys.php', '2014-04-08 12:38:23', '10.1.0.184'),
(308, 'control', 1, '/control.php', '2014-04-08 12:38:24', '10.1.0.184'),
(309, 'control.cuts', 1, '/cuts.php', '2014-04-08 12:38:27', '10.1.0.184'),
(310, 'control', 1, '/control.php', '2014-04-08 12:38:35', '10.1.0.184'),
(311, 'control.po_bsmus', 1, '/po_bsmus.php', '2014-04-08 12:38:39', '10.1.0.184'),
(312, 'control', 1, '/control.php', '2014-04-08 12:38:44', '10.1.0.184'),
(313, 'control.months', 1, '/months.php', '2014-04-08 12:38:46', '10.1.0.184'),
(314, 'control', 1, '/control.php', '2014-04-08 12:38:48', '10.1.0.184'),
(315, 'control.cts', 1, '/cts.php', '2014-04-08 12:38:51', '10.1.0.184'),
(316, 'control', 1, '/control.php', '2014-04-08 12:38:53', '10.1.0.184'),
(317, 'control.reasoffs', 1, '/reasoffs.php', '2014-04-08 12:38:56', '10.1.0.184'),
(318, 'control', 1, '/control.php', '2014-04-08 12:39:00', '10.1.0.184'),
(319, 'control.reasons', 1, '/reasons.php', '2014-04-08 12:39:03', '10.1.0.184'),
(320, 'control', 1, '/control.php', '2014-04-08 12:39:05', '10.1.0.184'),
(321, 'control.voenmeds', 1, '/voenmeds.php', '2014-04-08 12:39:09', '10.1.0.184'),
(322, 'person.create', 1, '/create.php', '2014-04-08 14:27:49', '10.1.0.184'),
(323, 'person.rakeup', 1, '/rakeup.php', '2014-04-08 14:27:51', '10.1.0.184'),
(324, 'person.search', 1, '/search.php', '2014-04-08 14:27:53', '10.1.0.184'),
(325, 'person.search', 1, '/rangesearch.php', '2014-04-08 14:27:55', '10.1.0.184'),
(326, 'person.search', 1, '/rangesearch.php', '2014-04-08 14:27:57', '10.1.0.184'),
(327, 'person.close', 1, '/close.php?id=1', '2014-04-08 14:28:04', '10.1.0.184'),
(328, 'person.close', 1, '/close.php?id=1', '2014-04-08 14:28:54', '10.1.0.184'),
(329, 'person.move', 1, '/move.php?id=1', '2014-04-08 14:28:54', '10.1.0.184'),
(330, 'person.search', 1, '/rangesearch.php', '2014-04-08 14:28:56', '10.1.0.184'),
(331, 'person.search', 1, '/rangesearch.php', '2014-04-08 14:28:59', '10.1.0.184'),
(332, 'person.close', 1, '/close.php?id=1', '2014-04-08 14:29:02', '10.1.0.184'),
(333, 'person.search', 1, '/search.php', '2014-04-08 14:29:08', '10.1.0.184'),
(334, 'person.search', 1, '/rangesearch.php', '2014-04-08 14:29:14', '10.1.0.184'),
(335, 'person.search', 1, '/rangesearch.php', '2014-04-08 14:29:15', '10.1.0.184'),
(336, 'person.edit', 1, '/edit.php?id=1', '2014-04-08 14:29:17', '10.1.0.184'),
(337, 'person.view', 1, '/view.php?id=1', '2014-04-08 14:29:17', '10.1.0.184'),
(338, 'person.search', 1, '/search.php', '2014-04-08 14:30:15', '10.1.0.184'),
(339, 'person.search', 1, '/search.php', '2014-04-08 14:30:27', '10.1.0.184'),
(340, 'person.groupmake', 1, '/groupmake.php', '2014-04-08 14:30:39', '10.1.0.184'),
(341, 'person.groupmake', 1, '/groupmake.php', '2014-04-08 14:30:57', '10.1.0.184'),
(342, 'person.view', 1, '/view.php?id=3', '2014-04-08 14:36:50', '10.1.0.184'),
(343, 'login', 0, '/login.php', '2014-04-09 08:36:38', '10.1.0.184'),
(344, 'login', 0, '/login.php', '2014-04-09 08:36:47', '10.1.0.184'),
(345, 'index', 1, '/index.php', '2014-04-09 08:36:47', '10.1.0.184'),
(346, 'person.search', 1, '/search.php', '2014-04-09 08:36:50', '10.1.0.184'),
(347, 'person.search', 1, '/search.php', '2014-04-09 08:37:02', '10.1.0.184'),
(348, 'person.search', 1, '/search.php', '2014-04-09 08:37:06', '10.1.0.184'),
(349, 'person.create', 1, '/create.php', '2014-04-09 08:37:12', '10.1.0.184'),
(350, 'person.create', 1, '/create.php', '2014-04-09 08:42:10', '10.1.0.184'),
(351, 'person.view', 1, '/view.php?id=5', '2014-04-09 08:42:10', '10.1.0.184'),
(352, 'person.search', 1, '/search.php', '2014-04-09 08:42:22', '10.1.0.184'),
(353, 'person.search', 1, '/search.php', '2014-04-09 08:42:24', '10.1.0.184'),
(354, 'person.search', 1, '/rangesearch.php', '2014-04-09 08:42:31', '10.1.0.184'),
(355, 'person.search', 1, '/rangesearch.php', '2014-04-09 08:42:32', '10.1.0.184'),
(356, 'person.view', 1, '/view.php?id=5', '2014-04-09 08:42:36', '10.1.0.184'),
(357, 'person.change', 1, '/change.php?id=5', '2014-04-09 08:42:39', '10.1.0.184'),
(358, 'person.edit', 1, '/edit.php?id=5', '2014-04-09 08:42:50', '10.1.0.184'),
(359, 'person.edit', 1, '/edit.php?id=5', '2014-04-09 08:43:03', '10.1.0.184'),
(360, 'person.view', 1, '/view.php?id=5', '2014-04-09 08:43:03', '10.1.0.184'),
(361, 'person.transmit', 1, '/transmit.php?id=5', '2014-04-09 08:43:07', '10.1.0.184'),
(362, 'person.transmit', 1, '/transmit.php?id=5', '2014-04-09 08:43:09', '10.1.0.184'),
(363, 'person.walking', 1, '/walking.php?id=5', '2014-04-09 08:43:13', '10.1.0.184'),
(364, 'person.transmit', 1, '/transmit.php?id=5', '2014-04-09 08:43:15', '10.1.0.184'),
(365, 'person.search', 1, '/search.php', '2014-04-09 08:44:54', '10.1.0.184'),
(366, 'person.search', 1, '/search.php', '2014-04-09 08:44:57', '10.1.0.184'),
(367, 'report.ball', 1, '/freebig.php', '2014-04-09 08:45:23', '10.1.0.184'),
(368, 'report.ball', 1, '/paidball.php', '2014-04-09 08:45:32', '10.1.0.184'),
(369, 'report.note', 1, '/note_denis.php', '2014-04-09 08:45:34', '10.1.0.184'),
(370, 'person.search', 0, '/search.php', '2014-04-09 08:45:40', '10.1.0.156'),
(371, 'login', 0, '/login.php', '2014-04-09 08:45:41', '10.1.0.156'),
(372, 'person.rakeup', 1, '/rakeup.php', '2014-04-09 08:46:05', '10.1.0.184'),
(373, 'person.create', 1, '/create.php', '2014-04-09 08:46:06', '10.1.0.184'),
(374, 'person.search', 1, '/search.php', '2014-04-09 08:46:17', '10.1.0.184'),
(375, 'person.search', 1, '/rangesearch.php', '2014-04-09 08:46:17', '10.1.0.184'),
(376, 'person.search', 1, '/rangesearch.php', '2014-04-09 08:46:20', '10.1.0.184'),
(377, 'person.view', 1, '/view.php?id=5', '2014-04-09 08:46:23', '10.1.0.184'),
(378, 'person.edit', 1, '/edit.php?id=5', '2014-04-09 08:46:30', '10.1.0.184'),
(379, 'person.edit', 1, '/edit.php?id=5', '2014-04-09 09:12:28', '10.1.0.184'),
(380, 'person.view', 1, '/view.php?id=5', '2014-04-09 09:12:28', '10.1.0.184'),
(381, 'report.ball', 1, '/paidball.php', '2014-04-09 09:12:49', '10.1.0.184'),
(382, 'report.ball', 1, '/freebig.php', '2014-04-09 09:12:50', '10.1.0.184'),
(383, 'report.note', 1, '/note_denis.php', '2014-04-09 09:13:21', '10.1.0.184'),
(384, 'report.discrete', 1, '/discrete_paid.php', '2014-04-09 09:14:03', '10.1.0.184'),
(385, 'report.analog', 1, '/analog_raw.php', '2014-04-09 09:14:05', '10.1.0.184'),
(386, 'person.view', 1, '/view.php?id=3', '2014-04-09 09:14:17', '10.1.0.184'),
(387, 'person.close', 1, '/close.php?id=3', '2014-04-09 09:14:23', '10.1.0.184'),
(388, 'person.close', 1, '/close.php?id=3', '2014-04-09 09:14:25', '10.1.0.184'),
(389, 'person.close', 1, '/close.php?id=3', '2014-04-09 09:14:25', '10.1.0.184'),
(390, 'report.discrete', 1, '/discrete.php', '2014-04-09 09:14:30', '10.1.0.184'),
(391, 'report.discrete', 1, '/discrete.php?fc=0&tf=0&ef=0&afx=0&mfx=0&raw=on', '2014-04-09 09:21:56', '10.1.0.184'),
(392, 'report.discrete', 1, '/discrete.php', '2014-04-09 09:22:08', '10.1.0.184'),
(393, 'person.rakeup', 1, '/rakeup.php', '2014-04-09 09:31:16', '10.1.0.184'),
(394, 'control', 1, '/control.php', '2014-04-09 09:31:23', '10.1.0.184'),
(395, 'index', 1, '/cron_config.php', '2014-04-09 09:33:14', '10.1.0.184'),
(396, 'index', 1, '/cron_config.php?act=add&date=2014-04-09&time=9&fields=budget', '2014-04-09 09:33:34', '10.1.0.184'),
(397, 'index', 1, '/cron_config.php', '2014-04-09 09:33:39', '10.1.0.184'),
(398, 'control', 1, '/control.php', '2014-04-09 09:33:40', '10.1.0.184'),
(399, 'index', 1, '/cron_config.php', '2014-04-09 09:34:41', '10.1.0.184'),
(400, 'index', 1, '/cron_config.php', '2014-04-09 09:34:42', '10.1.0.184'),
(401, 'report.discrete', 0, '/discrete.php?fc=1&tf=1&ef=1&afx=0&mfx=0&raw=on', '2014-04-09 09:36:14', '172.20.0.22'),
(402, 'report.discrete', 0, '/discrete.php?fc=2&tf=1&ef=0&afx=0&mfx=0&raw=on', '2014-04-09 09:36:14', '172.20.0.22'),
(403, 'report.discrete', 0, '/discrete.php?fc=3&tf=1&ef=1&afx=0&mfx=0&raw=on', '2014-04-09 09:36:14', '172.20.0.22'),
(404, 'report.discrete', 0, '/discrete.php?fc=4&tf=1&ef=1&afx=0&mfx=0&raw=on', '2014-04-09 09:36:14', '172.20.0.22'),
(405, 'report.discrete', 0, '/discrete.php?fc=5&tf=1&ef=1&afx=0&mfx=0&raw=on', '2014-04-09 09:36:14', '172.20.0.22'),
(406, 'report.discrete', 0, '/discrete.php?fc=6&tf=1&ef=1&afx=0&mfx=0&raw=on', '2014-04-09 09:36:14', '172.20.0.22'),
(407, 'index', 1, '/cron_config.php', '2014-04-09 09:36:30', '10.1.0.184'),
(408, 'report.discrete', 0, '/discrete.php?fc=1&tf=1&ef=1&afx=0&mfx=0&raw=on', '2014-04-09 09:37:05', '172.20.0.22'),
(409, 'report.discrete', 0, '/discrete.php?fc=2&tf=1&ef=0&afx=0&mfx=0&raw=on', '2014-04-09 09:37:05', '172.20.0.22'),
(410, 'report.discrete', 0, '/discrete.php?fc=3&tf=1&ef=1&afx=0&mfx=0&raw=on', '2014-04-09 09:37:05', '172.20.0.22'),
(411, 'report.discrete', 0, '/discrete.php?fc=4&tf=1&ef=1&afx=0&mfx=0&raw=on', '2014-04-09 09:37:05', '172.20.0.22'),
(412, 'report.discrete', 0, '/discrete.php?fc=5&tf=1&ef=1&afx=0&mfx=0&raw=on', '2014-04-09 09:37:05', '172.20.0.22'),
(413, 'report.discrete', 0, '/discrete.php?fc=6&tf=1&ef=1&afx=0&mfx=0&raw=on', '2014-04-09 09:37:05', '172.20.0.22'),
(414, 'report.discrete', 0, '/discrete.php?fc=1&tf=1&ef=1&afx=0&mfx=0&raw=on', '2014-04-09 09:37:24', '172.20.0.22'),
(415, 'report.discrete', 0, '/discrete.php?fc=2&tf=1&ef=0&afx=0&mfx=0&raw=on', '2014-04-09 09:37:24', '172.20.0.22'),
(416, 'report.discrete', 0, '/discrete.php?fc=3&tf=1&ef=1&afx=0&mfx=0&raw=on', '2014-04-09 09:37:24', '172.20.0.22'),
(417, 'report.discrete', 0, '/discrete.php?fc=4&tf=1&ef=1&afx=0&mfx=0&raw=on', '2014-04-09 09:37:24', '172.20.0.22'),
(418, 'report.discrete', 0, '/discrete.php?fc=5&tf=1&ef=1&afx=0&mfx=0&raw=on', '2014-04-09 09:37:24', '172.20.0.22'),
(419, 'report.discrete', 0, '/discrete.php?fc=6&tf=1&ef=1&afx=0&mfx=0&raw=on', '2014-04-09 09:37:24', '172.20.0.22'),
(420, 'report.discrete', 0, '', '2014-04-09 09:37:24', ''),
(421, 'report.discrete', 0, '/discrete.php?fc=1&tf=1&ef=1&afx=0&mfx=0&raw=on', '2014-04-09 09:38:01', '172.20.0.22'),
(422, 'report.discrete', 0, '/discrete.php?fc=2&tf=1&ef=0&afx=0&mfx=0&raw=on', '2014-04-09 09:38:01', '172.20.0.22'),
(423, 'report.discrete', 0, '/discrete.php?fc=3&tf=1&ef=1&afx=0&mfx=0&raw=on', '2014-04-09 09:38:01', '172.20.0.22'),
(424, 'report.discrete', 0, '/discrete.php?fc=4&tf=1&ef=1&afx=0&mfx=0&raw=on', '2014-04-09 09:38:01', '172.20.0.22'),
(425, 'report.discrete', 0, '/discrete.php?fc=5&tf=1&ef=1&afx=0&mfx=0&raw=on', '2014-04-09 09:38:01', '172.20.0.22'),
(426, 'report.discrete', 0, '/discrete.php?fc=6&tf=1&ef=1&afx=0&mfx=0&raw=on', '2014-04-09 09:38:01', '172.20.0.22'),
(427, 'report.discrete', 0, '/discrete.php?fc=1&tf=1&ef=1&afx=0&mfx=0&raw=on', '2014-04-09 09:38:10', '172.20.0.22'),
(428, 'report.discrete', 0, '/discrete.php?fc=2&tf=1&ef=0&afx=0&mfx=0&raw=on', '2014-04-09 09:38:10', '172.20.0.22'),
(429, 'report.discrete', 0, '/discrete.php?fc=3&tf=1&ef=1&afx=0&mfx=0&raw=on', '2014-04-09 09:38:10', '172.20.0.22'),
(430, 'report.discrete', 0, '/discrete.php?fc=4&tf=1&ef=1&afx=0&mfx=0&raw=on', '2014-04-09 09:38:10', '172.20.0.22'),
(431, 'report.discrete', 0, '/discrete.php?fc=5&tf=1&ef=1&afx=0&mfx=0&raw=on', '2014-04-09 09:38:10', '172.20.0.22'),
(432, 'report.discrete', 0, '/discrete.php?fc=6&tf=1&ef=1&afx=0&mfx=0&raw=on', '2014-04-09 09:38:10', '172.20.0.22'),
(433, 'report.discrete', 0, '/discrete.php?fc=1&tf=1&ef=1&afx=0&mfx=0&raw=on', '2014-04-09 09:38:20', '172.20.0.22'),
(434, 'report.discrete', 0, '/discrete.php?fc=2&tf=1&ef=0&afx=0&mfx=0&raw=on', '2014-04-09 09:38:20', '172.20.0.22'),
(435, 'report.discrete', 0, '/discrete.php?fc=3&tf=1&ef=1&afx=0&mfx=0&raw=on', '2014-04-09 09:38:20', '172.20.0.22'),
(436, 'report.discrete', 0, '/discrete.php?fc=4&tf=1&ef=1&afx=0&mfx=0&raw=on', '2014-04-09 09:38:20', '172.20.0.22'),
(437, 'report.discrete', 0, '/discrete.php?fc=5&tf=1&ef=1&afx=0&mfx=0&raw=on', '2014-04-09 09:38:20', '172.20.0.22'),
(438, 'report.discrete', 0, '/discrete.php?fc=6&tf=1&ef=1&afx=0&mfx=0&raw=on', '2014-04-09 09:38:20', '172.20.0.22'),
(439, 'report.discrete', 0, '/discrete.php?fc=1&tf=1&ef=1&afx=0&mfx=0&raw=on', '2014-04-09 09:39:19', '172.20.0.22'),
(440, 'report.discrete', 0, '/discrete.php?fc=2&tf=1&ef=0&afx=0&mfx=0&raw=on', '2014-04-09 09:39:19', '172.20.0.22'),
(441, 'report.discrete', 0, '/discrete.php?fc=3&tf=1&ef=1&afx=0&mfx=0&raw=on', '2014-04-09 09:39:19', '172.20.0.22'),
(442, 'report.discrete', 0, '/discrete.php?fc=4&tf=1&ef=1&afx=0&mfx=0&raw=on', '2014-04-09 09:39:19', '172.20.0.22'),
(443, 'report.discrete', 0, '/discrete.php?fc=5&tf=1&ef=1&afx=0&mfx=0&raw=on', '2014-04-09 09:39:19', '172.20.0.22'),
(444, 'report.discrete', 0, '/discrete.php?fc=6&tf=1&ef=1&afx=0&mfx=0&raw=on', '2014-04-09 09:39:19', '172.20.0.22'),
(445, 'control', 1, '/control.php', '2014-04-09 09:39:24', '10.1.0.184'),
(446, 'report.ball', 1, '/paidball.php', '2014-04-09 09:39:26', '10.1.0.184'),
(447, 'report.ball', 1, '/freebig.php', '2014-04-09 09:39:27', '10.1.0.184'),
(448, 'person.rakeup', 1, '/rakeup.php', '2014-04-09 09:39:30', '10.1.0.184'),
(449, 'report.analog', 1, '/analog_raw.php', '2014-04-09 09:39:34', '10.1.0.184'),
(450, 'report.analog', 1, '/analog_raw.php?fc=0&tf=0&ef=0&afx=5&mfx=0', '2014-04-09 09:39:37', '10.1.0.184'),
(451, 'report.analog', 1, '/analog_raw.php?fc=0&tf=0&ef=0&afx=5&mfx=0', '2014-04-09 09:39:40', '10.1.0.184'),
(452, 'report.analog', 1, '/analog_raw.php?fc=0&tf=0&ef=0&afx=5&mfx=0', '2014-04-09 09:39:46', '10.1.0.184'),
(453, 'report.discrete', 1, '/manualfixation.php', '2014-04-09 09:40:15', '10.1.0.184'),
(454, 'report.analog', 1, '/analog_raw.php?fc=0&tf=0&ef=0&afx=5&mfx=0', '2014-04-09 09:40:18', '10.1.0.184'),
(455, 'report.analog', 1, '/analog_raw.php?fc=0&tf=0&ef=0&afx=5&mfx=1', '2014-04-09 09:40:22', '10.1.0.184'),
(456, 'control', 1, '/control.php', '2014-04-09 09:40:25', '10.1.0.184'),
(457, 'control', 1, '/control.php', '2014-04-09 09:42:59', '10.1.0.184'),
(458, 'control', 1, '/control.php', '2014-04-09 09:43:04', '10.1.0.184'),
(459, 'report.discrete', 0, '/discrete.php?fc=1&tf=1&ef=1&afx=0&mfx=0&raw=on', '2014-04-09 09:46:45', '172.20.0.22'),
(460, 'report.discrete', 0, '/discrete.php?fc=2&tf=1&ef=0&afx=0&mfx=0&raw=on', '2014-04-09 09:46:45', '172.20.0.22'),
(461, 'report.discrete', 0, '/discrete.php?fc=3&tf=1&ef=1&afx=0&mfx=0&raw=on', '2014-04-09 09:46:45', '172.20.0.22'),
(462, 'report.discrete', 0, '/discrete.php?fc=4&tf=1&ef=1&afx=0&mfx=0&raw=on', '2014-04-09 09:46:45', '172.20.0.22'),
(463, 'report.discrete', 0, '/discrete.php?fc=5&tf=1&ef=1&afx=0&mfx=0&raw=on', '2014-04-09 09:46:45', '172.20.0.22'),
(464, 'report.discrete', 0, '/discrete.php?fc=6&tf=1&ef=1&afx=0&mfx=0&raw=on', '2014-04-09 09:46:45', '172.20.0.22'),
(465, 'report.discrete', 0, '/discrete_paid.php?fc=0&tf=0&afx=0&mfx=0&raw=on', '2014-04-09 09:46:45', '172.20.0.22'),
(466, 'report.discrete', 0, '/discrete.php?fc=1&tf=1&ef=1&afx=0&mfx=0&raw=on', '2014-04-09 09:47:32', '172.20.0.22'),
(467, 'report.discrete', 0, '/discrete.php?fc=2&tf=1&ef=0&afx=0&mfx=0&raw=on', '2014-04-09 09:47:32', '172.20.0.22'),
(468, 'report.discrete', 0, '/discrete.php?fc=3&tf=1&ef=1&afx=0&mfx=0&raw=on', '2014-04-09 09:47:32', '172.20.0.22'),
(469, 'report.discrete', 0, '/discrete.php?fc=4&tf=1&ef=1&afx=0&mfx=0&raw=on', '2014-04-09 09:47:32', '172.20.0.22'),
(470, 'report.discrete', 0, '/discrete.php?fc=5&tf=1&ef=1&afx=0&mfx=0&raw=on', '2014-04-09 09:47:32', '172.20.0.22'),
(471, 'report.discrete', 0, '/discrete.php?fc=6&tf=1&ef=1&afx=0&mfx=0&raw=on', '2014-04-09 09:47:32', '172.20.0.22'),
(472, 'report.discrete', 0, '/discrete_paid.php?fc=0&tf=0&afx=0&mfx=0&raw=on', '2014-04-09 09:47:32', '172.20.0.22'),
(473, 'report.discrete', 0, '/discrete.php?fc=1&tf=1&ef=1&afx=0&mfx=0&raw=on', '2014-04-09 09:47:33', '172.20.0.22'),
(474, 'report.discrete', 0, '/discrete.php?fc=2&tf=1&ef=0&afx=0&mfx=0&raw=on', '2014-04-09 09:47:33', '172.20.0.22'),
(475, 'report.discrete', 0, '/discrete.php?fc=3&tf=1&ef=1&afx=0&mfx=0&raw=on', '2014-04-09 09:47:33', '172.20.0.22'),
(476, 'report.discrete', 0, '/discrete.php?fc=4&tf=1&ef=1&afx=0&mfx=0&raw=on', '2014-04-09 09:47:33', '172.20.0.22'),
(477, 'report.discrete', 0, '/discrete.php?fc=5&tf=1&ef=1&afx=0&mfx=0&raw=on', '2014-04-09 09:47:33', '172.20.0.22'),
(478, 'report.discrete', 0, '/discrete.php?fc=6&tf=1&ef=1&afx=0&mfx=0&raw=on', '2014-04-09 09:47:33', '172.20.0.22'),
(479, 'report.discrete', 0, '/discrete_paid.php?fc=0&tf=0&afx=0&mfx=0&raw=on', '2014-04-09 09:47:33', '172.20.0.22'),
(480, 'control', 1, '/control.php', '2014-04-09 09:47:35', '10.1.0.184'),
(481, 'report.discrete', 0, '/discrete.php?fc=1&tf=1&ef=1&afx=0&mfx=0&raw=on', '2014-04-09 09:47:36', '172.20.0.22'),
(482, 'report.discrete', 0, '/discrete.php?fc=2&tf=1&ef=0&afx=0&mfx=0&raw=on', '2014-04-09 09:47:36', '172.20.0.22'),
(483, 'report.discrete', 0, '/discrete.php?fc=3&tf=1&ef=1&afx=0&mfx=0&raw=on', '2014-04-09 09:47:36', '172.20.0.22'),
(484, 'report.discrete', 0, '/discrete.php?fc=4&tf=1&ef=1&afx=0&mfx=0&raw=on', '2014-04-09 09:47:36', '172.20.0.22'),
(485, 'report.discrete', 0, '/discrete.php?fc=5&tf=1&ef=1&afx=0&mfx=0&raw=on', '2014-04-09 09:47:36', '172.20.0.22'),
(486, 'report.discrete', 0, '/discrete.php?fc=6&tf=1&ef=1&afx=0&mfx=0&raw=on', '2014-04-09 09:47:36', '172.20.0.22'),
(487, 'report.discrete', 0, '/discrete_paid.php?fc=0&tf=0&afx=0&mfx=0&raw=on', '2014-04-09 09:47:36', '172.20.0.22'),
(488, 'report.discrete', 0, '/discrete.php?fc=1&tf=1&ef=1&afx=0&mfx=0&raw=on', '2014-04-09 09:48:25', '172.20.0.22'),
(489, 'report.discrete', 0, '/discrete.php?fc=2&tf=1&ef=0&afx=0&mfx=0&raw=on', '2014-04-09 09:48:25', '172.20.0.22'),
(490, 'report.discrete', 0, '/discrete.php?fc=3&tf=1&ef=1&afx=0&mfx=0&raw=on', '2014-04-09 09:48:25', '172.20.0.22'),
(491, 'report.discrete', 0, '/discrete.php?fc=4&tf=1&ef=1&afx=0&mfx=0&raw=on', '2014-04-09 09:48:25', '172.20.0.22'),
(492, 'report.discrete', 0, '/discrete.php?fc=5&tf=1&ef=1&afx=0&mfx=0&raw=on', '2014-04-09 09:48:25', '172.20.0.22'),
(493, 'report.discrete', 0, '/discrete.php?fc=6&tf=1&ef=1&afx=0&mfx=0&raw=on', '2014-04-09 09:48:25', '172.20.0.22'),
(494, 'report.discrete', 0, '/discrete_paid.php?fc=0&tf=0&afx=0&mfx=0&raw=on', '2014-04-09 09:48:25', '172.20.0.22'),
(495, 'report.discrete', 0, '/discrete.php?fc=1&tf=1&ef=1&afx=0&mfx=0&raw=on', '2014-04-09 09:50:03', '172.20.0.22'),
(496, 'report.discrete', 0, '/discrete.php?fc=2&tf=1&ef=0&afx=0&mfx=0&raw=on', '2014-04-09 09:50:03', '172.20.0.22'),
(497, 'report.discrete', 0, '/discrete.php?fc=3&tf=1&ef=1&afx=0&mfx=0&raw=on', '2014-04-09 09:50:03', '172.20.0.22'),
(498, 'report.discrete', 0, '/discrete.php?fc=4&tf=1&ef=1&afx=0&mfx=0&raw=on', '2014-04-09 09:50:03', '172.20.0.22'),
(499, 'report.discrete', 0, '/discrete.php?fc=5&tf=1&ef=1&afx=0&mfx=0&raw=on', '2014-04-09 09:50:03', '172.20.0.22'),
(500, 'report.discrete', 0, '/discrete.php?fc=6&tf=1&ef=1&afx=0&mfx=0&raw=on', '2014-04-09 09:50:03', '172.20.0.22'),
(501, 'report.discrete', 0, '/discrete_paid.php?fc=0&tf=0&afx=0&mfx=0&raw=on', '2014-04-09 09:50:03', '172.20.0.22'),
(502, 'report.discrete', 0, '/discrete.php?fc=1&tf=1&ef=1&afx=0&mfx=0&raw=on', '2014-04-09 10:36:52', '172.20.0.22'),
(503, 'report.discrete', 0, '/discrete.php?fc=2&tf=1&ef=0&afx=0&mfx=0&raw=on', '2014-04-09 10:36:52', '172.20.0.22'),
(504, 'report.discrete', 0, '/discrete.php?fc=3&tf=1&ef=1&afx=0&mfx=0&raw=on', '2014-04-09 10:36:52', '172.20.0.22'),
(505, 'report.discrete', 0, '/discrete.php?fc=4&tf=1&ef=1&afx=0&mfx=0&raw=on', '2014-04-09 10:36:52', '172.20.0.22'),
(506, 'report.discrete', 0, '/discrete.php?fc=5&tf=1&ef=1&afx=0&mfx=0&raw=on', '2014-04-09 10:36:52', '172.20.0.22'),
(507, 'report.discrete', 0, '/discrete.php?fc=6&tf=1&ef=1&afx=0&mfx=0&raw=on', '2014-04-09 10:36:52', '172.20.0.22'),
(508, 'report.discrete', 0, '/discrete_paid.php?fc=0&tf=0&afx=0&mfx=0&raw=on', '2014-04-09 10:36:52', '172.20.0.22'),
(509, 'control', 1, '/control.php', '2014-04-09 11:10:27', '10.1.0.184'),
(510, 'report.discrete', 1, '/manualfixation.php', '2014-04-09 11:10:31', '10.1.0.184'),
(511, 'control', 1, '/control.php', '2014-04-09 11:10:33', '10.1.0.184'),
(512, 'report.ball', 1, '/paidball.php', '2014-04-09 11:10:37', '10.1.0.184'),
(513, 'report.ball', 1, '/paidball.php?afx=5&mfx=0', '2014-04-09 11:10:44', '10.1.0.184'),
(514, 'report.ball', 1, '/paidball.php?afx=5&mfx=0', '2014-04-09 11:10:45', '10.1.0.184'),
(515, 'report.ball', 1, '/freebig.php', '2014-04-09 11:10:48', '10.1.0.184'),
(516, 'report.ball', 1, '/freebig.php?afx=5&mfx=0', '2014-04-09 11:10:51', '10.1.0.184'),
(517, 'report.discrete', 1, '/discrete.php', '2014-04-09 11:11:05', '10.1.0.184'),
(518, 'api', 1, '/api.php?m=temp.cls', '2014-04-09 11:11:30', '10.1.0.184'),
(519, 'report.discrete', 1, '/discrete.php', '2014-04-09 11:11:30', '10.1.0.184'),
(520, 'person.search', 1, '/search.php', '2014-04-09 11:11:32', '10.1.0.184'),
(521, 'person.rakeup', 1, '/rakeup.php', '2014-04-09 11:11:34', '10.1.0.184'),
(522, 'person.search', 1, '/rangesearch.php', '2014-04-09 11:11:34', '10.1.0.184'),
(523, 'person.search', 1, '/rangesearch.php', '2014-04-09 11:11:35', '10.1.0.184'),
(524, 'person.groupedit', 1, '/groupedit.php', '2014-04-09 11:11:39', '10.1.0.184'),
(525, 'person.search', 1, '/rangesearch.php', '2014-04-09 11:11:43', '10.1.0.184'),
(526, 'person.edit', 1, '/edit.php?id=2', '2014-04-09 11:11:46', '10.1.0.184'),
(527, 'person.view', 1, '/view.php?id=2', '2014-04-09 11:11:53', '10.1.0.184'),
(528, 'person.move', 1, '/move.php?id=2', '2014-04-09 11:12:01', '10.1.0.184'),
(529, 'person.move', 1, '/move.php?id=2', '2014-04-09 11:12:07', '10.1.0.184'),
(530, 'person.view', 1, '/view.php?id=6', '2014-04-09 11:12:07', '10.1.0.184'),
(531, 'person.search', 1, '/rangesearch.php', '2014-04-09 11:12:12', '10.1.0.184'),
(532, 'person.search', 1, '/rangesearch.php', '2014-04-09 11:12:13', '10.1.0.184'),
(533, 'person.close', 1, '/close.php?id=2', '2014-04-09 11:12:31', '10.1.0.184'),
(534, 'person.search', 1, '/rangesearch.php', '2014-04-09 11:12:38', '10.1.0.184'),
(535, 'person.edit', 1, '/edit.php?id=2', '2014-04-09 11:12:39', '10.1.0.184'),
(536, 'report.ball', 1, '/freebig.php', '2014-04-10 10:35:28', '10.1.0.184'),
(537, 'report.discrete', 1, '/discrete_paid.php', '2014-04-10 11:08:37', '10.1.0.184'),
(538, 'report.discrete', 1, '/discrete_paid.php?fc=0&tf=0&afx=5&mfx=0', '2014-04-10 11:08:41', '10.1.0.184'),
(539, 'report.discrete', 1, '/discrete_paid.php?fc=0&tf=0&afx=5&mfx=0', '2014-04-10 11:08:42', '10.1.0.184'),
(540, 'person.search', 1, '/rangesearch.php', '2014-04-10 11:08:59', '10.1.0.184'),
(541, 'person.search', 1, '/rangesearch.php', '2014-04-10 11:09:02', '10.1.0.184'),
(542, 'person.groupmake', 1, '/groupmake.php', '2014-04-10 11:10:23', '10.1.0.184'),
(543, 'person.groupmake', 1, '/groupmake.php', '2014-04-10 11:10:29', '10.1.0.184'),
(544, 'index', 1, '/index.php', '2014-04-10 11:10:29', '10.1.0.184'),
(545, 'person.search', 1, '/search.php', '2014-04-10 11:11:09', '10.1.0.184'),
(546, 'person.search', 1, '/search.php', '2014-04-10 11:11:14', '10.1.0.184'),
(547, 'person.search', 1, '/search.php', '2014-04-10 11:11:19', '10.1.0.184'),
(548, 'person.search', 1, '/search.php', '2014-04-10 11:11:26', '10.1.0.184'),
(549, 'index', 1, '/index.php', '2014-04-10 11:11:31', '10.1.0.184'),
(550, 'person.search', 1, '/search.php', '2014-04-10 11:11:53', '10.1.0.184'),
(551, 'person.search', 1, '/search.php', '2014-04-10 11:11:58', '10.1.0.184'),
(552, 'index', 1, '/index.php', '2014-04-10 11:15:40', '10.1.0.184'),
(553, 'person.search', 1, '/search.php', '2014-04-10 12:10:24', '10.1.0.184'),
(554, 'person.search', 1, '/search.php', '2014-04-10 12:10:35', '10.1.0.184'),
(555, 'report.analog', 1, '/analog.php', '2014-04-10 16:34:54', '10.1.0.184'),
(556, 'login', 0, '/login.php', '2014-04-11 08:55:05', '10.1.0.184'),
(557, 'login', 0, '/login.php', '2014-04-11 08:55:27', '10.1.0.184'),
(558, 'index', 1, '/index.php', '2014-04-11 08:55:27', '10.1.0.184'),
(559, 'index', 1, '/index.php', '2014-04-11 08:57:32', '10.1.0.184'),
(560, 'person.search', 1, '/search.php', '2014-04-11 08:57:34', '10.1.0.184'),
(561, 'person.search', 1, '/search.php', '2014-04-11 08:57:35', '10.1.0.184'),
(562, 'person.search', 1, '/search.php', '2014-04-11 08:57:36', '10.1.0.184'),
(563, 'person.search', 1, '/search.php', '2014-04-11 08:57:39', '10.1.0.184'),
(564, 'person.search', 1, '/search.php', '2014-04-11 08:57:41', '10.1.0.184'),
(565, 'person.search', 1, '/search.php', '2014-04-11 08:57:44', '10.1.0.184'),
(566, 'person.search', 1, '/search.php', '2014-04-11 08:57:49', '10.1.0.184'),
(567, 'person.search', 1, '/search.php', '2014-04-11 09:14:18', '10.1.0.184'),
(568, 'person.search', 1, '/search.php', '2014-04-11 09:14:25', '10.1.0.184'),
(569, 'person.search', 1, '/search.php', '2014-04-11 09:14:34', '10.1.0.184'),
(570, 'person.search', 1, '/search.php', '2014-04-11 09:30:14', '10.1.0.184'),
(571, 'person.search', 1, '/search.php', '2014-04-11 09:30:18', '10.1.0.184'),
(572, 'person.search', 1, '/search.php', '2014-04-11 09:30:21', '10.1.0.184'),
(573, 'person.search', 1, '/search.php', '2014-04-11 09:30:24', '10.1.0.184'),
(574, 'person.search', 1, '/search.php', '2014-04-11 09:30:27', '10.1.0.184'),
(575, 'person.search', 1, '/search.php', '2014-04-11 09:30:31', '10.1.0.184'),
(576, 'index', 0, '/', '2014-04-11 09:52:52', '10.1.0.87'),
(577, 'login', 0, '/login.php', '2014-04-11 09:52:52', '10.1.0.87'),
(578, 'control', 1, '/control.php', '2014-04-11 09:59:36', '10.1.0.184'),
(579, 'index', 1, '/cron_config.php', '2014-04-11 09:59:38', '10.1.0.184'),
(580, 'index', 1, '/cron_config.php?act=add&date=2014-04-11&time=9&fields=budget', '2014-04-11 09:59:55', '10.1.0.184'),
(581, 'index', 1, '/cron_config.php?act=add&date=2014-04-11&time=9&fields=budget', '2014-04-02 10:40:09', '10.1.0.184'),
(582, 'index', 1, '/cron_config.php?act=add&date=2014-04-11&time=9&fields=budget', '2014-04-02 10:40:09', '10.1.0.184'),
(583, 'index', 1, '/cron_config.php?act=add&date=2014-04-11&time=10&fields=budget', '2014-04-02 10:40:20', '10.1.0.184'),
(584, 'index', 1, '/cron_config.php?act=add&date=2014-04-11&time=10&fields=budget', '2014-04-02 10:40:21', '10.1.0.184'),
(585, 'index', 1, '/cron_config.php?act=add&date=2014-04-11&time=10&fields=budget', '2014-04-02 10:39:54', '10.1.0.184'),
(586, 'index', 1, '/cron_config.php?act=add&date=2014-04-11&time=10&fields=budget', '2014-04-02 10:39:59', '10.1.0.184'),
(587, 'index', 1, '/cron_config.php?act=add&date=2014-04-11&time=10&fields=budget', '2014-04-02 10:40:00', '10.1.0.184'),
(588, 'index', 1, '/cron_config.php?act=add&date=2014-04-11&time=10&fields=budget', '2014-04-02 10:40:00', '10.1.0.184'),
(589, 'index', 1, '/cron_config.php?act=add&date=2014-04-11&time=10&fields=budget', '2014-04-02 10:40:00', '10.1.0.184'),
(590, 'index', 1, '/cron_config.php?act=add&date=2014-04-11&time=10&fields=budget', '2014-04-02 10:40:01', '10.1.0.184'),
(591, 'index', 1, '/cron_config.php?act=add&date=2014-04-11&time=9&fields=paid', '2014-04-02 10:40:27', '10.1.0.184'),
(592, 'index', 1, '/cron_config.php?delid=53', '2014-04-02 10:40:52', '10.1.0.184'),
(593, 'index', 1, '/cron_config.php?delid=55', '2014-04-02 10:40:54', '10.1.0.184'),
(594, 'index', 1, '/cron_config.php?act=add&date=2014-04-11&time=11&fields=budget', '2014-04-11 11:05:05', '10.1.0.184'),
(595, 'index', 1, '/cron_config.php?act=add&date=2014-04-11&time=11&fields=budget', '2014-04-11 11:05:27', '10.1.0.184'),
(596, 'index', 1, '/cron_config.php?act=add&date=2014-04-11&time=11&fields=budget', '2014-04-11 10:21:45', '10.1.0.184'),
(597, 'report.discrete', 0, '/discrete.php?fc=1&tf=1&ef=1&afx=0&mfx=0&raw=on', '2014-04-11 10:55:37', '172.20.0.22'),
(598, 'report.discrete', 0, '/discrete.php?fc=2&tf=1&ef=0&afx=0&mfx=0&raw=on', '2014-04-11 10:55:37', '172.20.0.22'),
(599, 'report.discrete', 0, '/discrete.php?fc=3&tf=1&ef=1&afx=0&mfx=0&raw=on', '2014-04-11 10:55:37', '172.20.0.22'),
(600, 'report.discrete', 0, '/discrete.php?fc=4&tf=1&ef=1&afx=0&mfx=0&raw=on', '2014-04-11 10:55:37', '172.20.0.22'),
(601, 'report.discrete', 0, '/discrete.php?fc=5&tf=1&ef=1&afx=0&mfx=0&raw=on', '2014-04-11 10:55:37', '172.20.0.22'),
(602, 'report.discrete', 0, '/discrete.php?fc=6&tf=1&ef=1&afx=0&mfx=0&raw=on', '2014-04-11 10:55:37', '172.20.0.22'),
(603, 'report.discrete', 0, '/discrete.php?fc=1&tf=1&ef=1&afx=0&mfx=0&raw=on', '2014-04-11 10:56:53', '172.20.0.22'),
(604, 'report.discrete', 0, '/discrete.php?fc=2&tf=1&ef=0&afx=0&mfx=0&raw=on', '2014-04-11 10:56:53', '172.20.0.22'),
(605, 'report.discrete', 0, '/discrete.php?fc=3&tf=1&ef=1&afx=0&mfx=0&raw=on', '2014-04-11 10:56:53', '172.20.0.22'),
(606, 'report.discrete', 0, '/discrete.php?fc=4&tf=1&ef=1&afx=0&mfx=0&raw=on', '2014-04-11 10:56:53', '172.20.0.22'),
(607, 'report.discrete', 0, '/discrete.php?fc=5&tf=1&ef=1&afx=0&mfx=0&raw=on', '2014-04-11 10:56:53', '172.20.0.22'),
(608, 'report.discrete', 0, '/discrete.php?fc=6&tf=1&ef=1&afx=0&mfx=0&raw=on', '2014-04-11 10:56:53', '172.20.0.22'),
(609, 'report.discrete', 0, '/discrete.php?fc=1&tf=1&ef=1&afx=0&mfx=0&raw=on', '2014-04-11 10:58:03', '172.20.0.22'),
(610, 'report.discrete', 0, '/discrete.php?fc=2&tf=1&ef=0&afx=0&mfx=0&raw=on', '2014-04-11 10:58:03', '172.20.0.22'),
(611, 'report.discrete', 0, '/discrete.php?fc=3&tf=1&ef=1&afx=0&mfx=0&raw=on', '2014-04-11 10:58:03', '172.20.0.22'),
(612, 'report.discrete', 0, '/discrete.php?fc=4&tf=1&ef=1&afx=0&mfx=0&raw=on', '2014-04-11 10:58:03', '172.20.0.22'),
(613, 'report.discrete', 0, '/discrete.php?fc=5&tf=1&ef=1&afx=0&mfx=0&raw=on', '2014-04-11 10:58:03', '172.20.0.22'),
(614, 'report.discrete', 0, '/discrete.php?fc=6&tf=1&ef=1&afx=0&mfx=0&raw=on', '2014-04-11 10:58:03', '172.20.0.22'),
(615, 'report.discrete', 0, '/discrete.php?fc=1&tf=1&ef=1&afx=0&mfx=0&raw=on', '2014-04-11 10:58:40', '172.20.0.22'),
(616, 'report.discrete', 0, '/discrete.php?fc=2&tf=1&ef=0&afx=0&mfx=0&raw=on', '2014-04-11 10:58:40', '172.20.0.22'),
(617, 'report.discrete', 0, '/discrete.php?fc=3&tf=1&ef=1&afx=0&mfx=0&raw=on', '2014-04-11 10:58:40', '172.20.0.22'),
(618, 'report.discrete', 0, '/discrete.php?fc=4&tf=1&ef=1&afx=0&mfx=0&raw=on', '2014-04-11 10:58:40', '172.20.0.22'),
(619, 'report.discrete', 0, '/discrete.php?fc=5&tf=1&ef=1&afx=0&mfx=0&raw=on', '2014-04-11 10:58:40', '172.20.0.22'),
(620, 'report.discrete', 0, '/discrete.php?fc=6&tf=1&ef=1&afx=0&mfx=0&raw=on', '2014-04-11 10:58:40', '172.20.0.22'),
(621, 'report.discrete', 0, '/discrete.php?fc=1&tf=1&ef=1&afx=0&mfx=0&raw=on', '2014-04-11 10:59:03', '172.20.0.22'),
(622, 'report.discrete', 0, '/discrete.php?fc=2&tf=1&ef=0&afx=0&mfx=0&raw=on', '2014-04-11 10:59:03', '172.20.0.22'),
(623, 'report.discrete', 0, '/discrete.php?fc=3&tf=1&ef=1&afx=0&mfx=0&raw=on', '2014-04-11 10:59:03', '172.20.0.22'),
(624, 'report.discrete', 0, '/discrete.php?fc=4&tf=1&ef=1&afx=0&mfx=0&raw=on', '2014-04-11 10:59:03', '172.20.0.22'),
(625, 'report.discrete', 0, '/discrete.php?fc=5&tf=1&ef=1&afx=0&mfx=0&raw=on', '2014-04-11 10:59:03', '172.20.0.22'),
(626, 'report.discrete', 0, '/discrete.php?fc=6&tf=1&ef=1&afx=0&mfx=0&raw=on', '2014-04-11 10:59:03', '172.20.0.22'),
(627, 'report.discrete', 0, '/discrete.php?fc=1&tf=1&ef=1&afx=0&mfx=0&raw=on', '2014-04-11 10:59:11', '172.20.0.22'),
(628, 'report.discrete', 0, '/discrete.php?fc=2&tf=1&ef=0&afx=0&mfx=0&raw=on', '2014-04-11 10:59:11', '172.20.0.22'),
(629, 'report.discrete', 0, '/discrete.php?fc=3&tf=1&ef=1&afx=0&mfx=0&raw=on', '2014-04-11 10:59:11', '172.20.0.22'),
(630, 'report.discrete', 0, '/discrete.php?fc=4&tf=1&ef=1&afx=0&mfx=0&raw=on', '2014-04-11 10:59:11', '172.20.0.22'),
(631, 'report.discrete', 0, '/discrete.php?fc=5&tf=1&ef=1&afx=0&mfx=0&raw=on', '2014-04-11 10:59:11', '172.20.0.22'),
(632, 'report.discrete', 0, '/discrete.php?fc=6&tf=1&ef=1&afx=0&mfx=0&raw=on', '2014-04-11 10:59:11', '172.20.0.22'),
(633, 'report.discrete', 0, '/discrete.php?fc=1&tf=1&ef=1&afx=0&mfx=0&raw=on', '2014-04-11 10:59:40', '172.20.0.22'),
(634, 'report.discrete', 0, '/discrete.php?fc=2&tf=1&ef=0&afx=0&mfx=0&raw=on', '2014-04-11 10:59:40', '172.20.0.22'),
(635, 'report.discrete', 0, '/discrete.php?fc=3&tf=1&ef=1&afx=0&mfx=0&raw=on', '2014-04-11 10:59:41', '172.20.0.22'),
(636, 'report.discrete', 0, '/discrete.php?fc=4&tf=1&ef=1&afx=0&mfx=0&raw=on', '2014-04-11 10:59:41', '172.20.0.22'),
(637, 'report.discrete', 0, '/discrete.php?fc=5&tf=1&ef=1&afx=0&mfx=0&raw=on', '2014-04-11 10:59:41', '172.20.0.22'),
(638, 'report.discrete', 0, '/discrete.php?fc=6&tf=1&ef=1&afx=0&mfx=0&raw=on', '2014-04-11 10:59:41', '172.20.0.22'),
(639, 'report.discrete', 0, '/discrete.php?fc=1&tf=1&ef=1&afx=0&mfx=0&raw=on', '2014-04-11 11:00:34', '172.20.0.22'),
(640, 'report.discrete', 0, '/discrete.php?fc=2&tf=1&ef=0&afx=0&mfx=0&raw=on', '2014-04-11 11:00:34', '172.20.0.22'),
(641, 'report.discrete', 0, '/discrete.php?fc=3&tf=1&ef=1&afx=0&mfx=0&raw=on', '2014-04-11 11:00:34', '172.20.0.22'),
(642, 'report.discrete', 0, '/discrete.php?fc=4&tf=1&ef=1&afx=0&mfx=0&raw=on', '2014-04-11 11:00:34', '172.20.0.22'),
(643, 'report.discrete', 0, '/discrete.php?fc=5&tf=1&ef=1&afx=0&mfx=0&raw=on', '2014-04-11 11:00:34', '172.20.0.22'),
(644, 'report.discrete', 0, '/discrete.php?fc=6&tf=1&ef=1&afx=0&mfx=0&raw=on', '2014-04-11 11:00:34', '172.20.0.22'),
(645, 'report.discrete', 0, '/discrete.php?fc=1&tf=1&ef=1&afx=0&mfx=0&raw=on', '2014-04-11 11:01:01', '172.20.0.22'),
(646, 'report.discrete', 0, '/discrete.php?fc=2&tf=1&ef=0&afx=0&mfx=0&raw=on', '2014-04-11 11:01:01', '172.20.0.22'),
(647, 'report.discrete', 0, '/discrete.php?fc=3&tf=1&ef=1&afx=0&mfx=0&raw=on', '2014-04-11 11:01:01', '172.20.0.22'),
(648, 'report.discrete', 0, '/discrete.php?fc=4&tf=1&ef=1&afx=0&mfx=0&raw=on', '2014-04-11 11:01:01', '172.20.0.22'),
(649, 'report.discrete', 0, '/discrete.php?fc=5&tf=1&ef=1&afx=0&mfx=0&raw=on', '2014-04-11 11:01:01', '172.20.0.22'),
(650, 'report.discrete', 0, '/discrete.php?fc=6&tf=1&ef=1&afx=0&mfx=0&raw=on', '2014-04-11 11:01:01', '172.20.0.22'),
(651, 'report.discrete', 0, '/discrete.php?fc=1&tf=1&ef=1&afx=0&mfx=0&raw=on', '2014-04-11 11:03:00', '172.20.0.22'),
(652, 'report.discrete', 0, '/discrete.php?fc=2&tf=1&ef=0&afx=0&mfx=0&raw=on', '2014-04-11 11:03:00', '172.20.0.22'),
(653, 'report.discrete', 0, '/discrete.php?fc=3&tf=1&ef=1&afx=0&mfx=0&raw=on', '2014-04-11 11:03:00', '172.20.0.22'),
(654, 'report.discrete', 0, '/discrete.php?fc=4&tf=1&ef=1&afx=0&mfx=0&raw=on', '2014-04-11 11:03:00', '172.20.0.22'),
(655, 'report.discrete', 0, '/discrete.php?fc=5&tf=1&ef=1&afx=0&mfx=0&raw=on', '2014-04-11 11:03:00', '172.20.0.22'),
(656, 'report.discrete', 0, '/discrete.php?fc=6&tf=1&ef=1&afx=0&mfx=0&raw=on', '2014-04-11 11:03:00', '172.20.0.22'),
(657, 'report.discrete', 0, '/discrete.php?fc=1&tf=1&ef=1&afx=0&mfx=0&raw=on', '2014-04-11 11:04:12', '172.20.0.22'),
(658, 'report.discrete', 0, '/discrete.php?fc=2&tf=1&ef=0&afx=0&mfx=0&raw=on', '2014-04-11 11:04:12', '172.20.0.22'),
(659, 'report.discrete', 0, '/discrete.php?fc=3&tf=1&ef=1&afx=0&mfx=0&raw=on', '2014-04-11 11:04:12', '172.20.0.22'),
(660, 'report.discrete', 0, '/discrete.php?fc=4&tf=1&ef=1&afx=0&mfx=0&raw=on', '2014-04-11 11:04:12', '172.20.0.22'),
(661, 'report.discrete', 0, '/discrete.php?fc=5&tf=1&ef=1&afx=0&mfx=0&raw=on', '2014-04-11 11:04:12', '172.20.0.22'),
(662, 'report.discrete', 0, '/discrete.php?fc=6&tf=1&ef=1&afx=0&mfx=0&raw=on', '2014-04-11 11:04:12', '172.20.0.22'),
(663, 'report.discrete', 0, '/discrete.php?fc=1&tf=1&ef=1&afx=0&mfx=0&raw=on', '2014-04-11 11:04:52', '172.20.0.22'),
(664, 'report.discrete', 0, '/discrete.php?fc=2&tf=1&ef=0&afx=0&mfx=0&raw=on', '2014-04-11 11:04:52', '172.20.0.22'),
(665, 'report.discrete', 0, '/discrete.php?fc=3&tf=1&ef=1&afx=0&mfx=0&raw=on', '2014-04-11 11:04:52', '172.20.0.22'),
(666, 'report.discrete', 0, '/discrete.php?fc=4&tf=1&ef=1&afx=0&mfx=0&raw=on', '2014-04-11 11:04:52', '172.20.0.22'),
(667, 'report.discrete', 0, '/discrete.php?fc=5&tf=1&ef=1&afx=0&mfx=0&raw=on', '2014-04-11 11:04:52', '172.20.0.22'),
(668, 'report.discrete', 0, '/discrete.php?fc=6&tf=1&ef=1&afx=0&mfx=0&raw=on', '2014-04-11 11:04:52', '172.20.0.22'),
(669, 'report.discrete', 0, '/discrete.php?fc=1&tf=1&ef=1&afx=0&mfx=0&raw=on', '2014-04-11 11:10:59', '172.20.0.22'),
(670, 'report.discrete', 0, '/discrete.php?fc=2&tf=1&ef=0&afx=0&mfx=0&raw=on', '2014-04-11 11:10:59', '172.20.0.22'),
(671, 'report.discrete', 0, '/discrete.php?fc=3&tf=1&ef=1&afx=0&mfx=0&raw=on', '2014-04-11 11:10:59', '172.20.0.22'),
(672, 'report.discrete', 0, '/discrete.php?fc=4&tf=1&ef=1&afx=0&mfx=0&raw=on', '2014-04-11 11:10:59', '172.20.0.22'),
(673, 'report.discrete', 0, '/discrete.php?fc=5&tf=1&ef=1&afx=0&mfx=0&raw=on', '2014-04-11 11:10:59', '172.20.0.22'),
(674, 'report.discrete', 0, '/discrete.php?fc=6&tf=1&ef=1&afx=0&mfx=0&raw=on', '2014-04-11 11:10:59', '172.20.0.22'),
(675, 'report.discrete', 0, '/discrete.php?fc=1&tf=1&ef=1&afx=0&mfx=0&raw=on', '2014-04-11 11:11:03', '172.20.0.22'),
(676, 'report.discrete', 0, '/discrete.php?fc=2&tf=1&ef=0&afx=0&mfx=0&raw=on', '2014-04-11 11:11:03', '172.20.0.22'),
(677, 'report.discrete', 0, '/discrete.php?fc=3&tf=1&ef=1&afx=0&mfx=0&raw=on', '2014-04-11 11:11:03', '172.20.0.22'),
(678, 'report.discrete', 0, '/discrete.php?fc=4&tf=1&ef=1&afx=0&mfx=0&raw=on', '2014-04-11 11:11:03', '172.20.0.22'),
(679, 'report.discrete', 0, '/discrete.php?fc=5&tf=1&ef=1&afx=0&mfx=0&raw=on', '2014-04-11 11:11:03', '172.20.0.22'),
(680, 'report.discrete', 0, '/discrete.php?fc=6&tf=1&ef=1&afx=0&mfx=0&raw=on', '2014-04-11 11:11:03', '172.20.0.22'),
(681, 'report.discrete', 0, '/discrete.php?fc=1&tf=1&ef=1&afx=0&mfx=0&raw=on', '2014-04-11 11:13:46', '172.20.0.22'),
(682, 'report.discrete', 0, '/discrete.php?fc=2&tf=1&ef=0&afx=0&mfx=0&raw=on', '2014-04-11 11:13:46', '172.20.0.22'),
(683, 'report.discrete', 0, '/discrete.php?fc=3&tf=1&ef=1&afx=0&mfx=0&raw=on', '2014-04-11 11:13:46', '172.20.0.22'),
(684, 'report.discrete', 0, '/discrete.php?fc=4&tf=1&ef=1&afx=0&mfx=0&raw=on', '2014-04-11 11:13:46', '172.20.0.22'),
(685, 'report.discrete', 0, '/discrete.php?fc=5&tf=1&ef=1&afx=0&mfx=0&raw=on', '2014-04-11 11:13:46', '172.20.0.22'),
(686, 'report.discrete', 0, '/discrete.php?fc=6&tf=1&ef=1&afx=0&mfx=0&raw=on', '2014-04-11 11:13:46', '172.20.0.22'),
(687, 'report.discrete', 0, '/discrete.php?fc=1&tf=1&ef=1&afx=0&mfx=0&raw=on', '2014-04-11 11:16:12', '172.20.0.22'),
(688, 'report.discrete', 0, '/discrete.php?fc=2&tf=1&ef=0&afx=0&mfx=0&raw=on', '2014-04-11 11:16:12', '172.20.0.22'),
(689, 'report.discrete', 0, '/discrete.php?fc=3&tf=1&ef=1&afx=0&mfx=0&raw=on', '2014-04-11 11:16:12', '172.20.0.22'),
(690, 'report.discrete', 0, '/discrete.php?fc=4&tf=1&ef=1&afx=0&mfx=0&raw=on', '2014-04-11 11:16:12', '172.20.0.22'),
(691, 'report.discrete', 0, '/discrete.php?fc=5&tf=1&ef=1&afx=0&mfx=0&raw=on', '2014-04-11 11:16:12', '172.20.0.22'),
(692, 'report.discrete', 0, '/discrete.php?fc=6&tf=1&ef=1&afx=0&mfx=0&raw=on', '2014-04-11 11:16:12', '172.20.0.22'),
(693, 'report.discrete', 0, '/discrete.php?fc=1&tf=1&ef=1&afx=0&mfx=0&raw=on', '2014-04-11 11:18:55', '172.20.0.22'),
(694, 'report.discrete', 0, '/discrete.php?fc=2&tf=1&ef=0&afx=0&mfx=0&raw=on', '2014-04-11 11:18:55', '172.20.0.22'),
(695, 'report.discrete', 0, '/discrete.php?fc=3&tf=1&ef=1&afx=0&mfx=0&raw=on', '2014-04-11 11:18:55', '172.20.0.22'),
(696, 'report.discrete', 0, '/discrete.php?fc=4&tf=1&ef=1&afx=0&mfx=0&raw=on', '2014-04-11 11:18:55', '172.20.0.22'),
(697, 'report.discrete', 0, '/discrete.php?fc=5&tf=1&ef=1&afx=0&mfx=0&raw=on', '2014-04-11 11:18:55', '172.20.0.22'),
(698, 'report.discrete', 0, '/discrete.php?fc=6&tf=1&ef=1&afx=0&mfx=0&raw=on', '2014-04-11 11:18:55', '172.20.0.22'),
(699, 'report.discrete', 0, '/discrete.php?fc=1&tf=1&ef=1&afx=0&mfx=0&raw=on', '2014-04-11 11:20:25', '172.20.0.22'),
(700, 'report.discrete', 0, '/discrete.php?fc=2&tf=1&ef=0&afx=0&mfx=0&raw=on', '2014-04-11 11:20:25', '172.20.0.22'),
(701, 'report.discrete', 0, '/discrete.php?fc=3&tf=1&ef=1&afx=0&mfx=0&raw=on', '2014-04-11 11:20:25', '172.20.0.22'),
(702, 'report.discrete', 0, '/discrete.php?fc=4&tf=1&ef=1&afx=0&mfx=0&raw=on', '2014-04-11 11:20:25', '172.20.0.22'),
(703, 'report.discrete', 0, '/discrete.php?fc=5&tf=1&ef=1&afx=0&mfx=0&raw=on', '2014-04-11 11:20:25', '172.20.0.22'),
(704, 'report.discrete', 0, '/discrete.php?fc=6&tf=1&ef=1&afx=0&mfx=0&raw=on', '2014-04-11 11:20:25', '172.20.0.22'),
(705, 'report.discrete', 0, '/discrete.php?fc=1&tf=1&ef=1&afx=0&mfx=0&raw=on', '2014-04-11 11:21:46', '172.20.0.22'),
(706, 'report.discrete', 0, '/discrete.php?fc=2&tf=1&ef=0&afx=0&mfx=0&raw=on', '2014-04-11 11:21:46', '172.20.0.22'),
(707, 'report.discrete', 0, '/discrete.php?fc=3&tf=1&ef=1&afx=0&mfx=0&raw=on', '2014-04-11 11:21:46', '172.20.0.22'),
(708, 'report.discrete', 0, '/discrete.php?fc=4&tf=1&ef=1&afx=0&mfx=0&raw=on', '2014-04-11 11:21:46', '172.20.0.22'),
(709, 'report.discrete', 0, '/discrete.php?fc=5&tf=1&ef=1&afx=0&mfx=0&raw=on', '2014-04-11 11:21:46', '172.20.0.22'),
(710, 'report.discrete', 0, '/discrete.php?fc=6&tf=1&ef=1&afx=0&mfx=0&raw=on', '2014-04-11 11:21:46', '172.20.0.22'),
(711, 'report.discrete', 0, '/discrete.php?fc=1&tf=1&ef=1&afx=0&mfx=0&raw=on', '2014-04-11 11:58:38', '172.20.0.22'),
(712, 'report.discrete', 0, '/discrete.php?fc=2&tf=1&ef=0&afx=0&mfx=0&raw=on', '2014-04-11 11:58:38', '172.20.0.22'),
(713, 'report.discrete', 0, '/discrete.php?fc=3&tf=1&ef=1&afx=0&mfx=0&raw=on', '2014-04-11 11:58:38', '172.20.0.22'),
(714, 'report.discrete', 0, '/discrete.php?fc=4&tf=1&ef=1&afx=0&mfx=0&raw=on', '2014-04-11 11:58:38', '172.20.0.22'),
(715, 'report.discrete', 0, '/discrete.php?fc=5&tf=1&ef=1&afx=0&mfx=0&raw=on', '2014-04-11 11:58:38', '172.20.0.22'),
(716, 'report.discrete', 0, '/discrete.php?fc=6&tf=1&ef=1&afx=0&mfx=0&raw=on', '2014-04-11 11:58:38', '172.20.0.22'),
(717, 'report.discrete', 0, '/discrete.php?fc=1&tf=1&ef=1&afx=0&mfx=0&raw=on', '2014-04-11 11:59:45', '172.20.0.22'),
(718, 'report.discrete', 0, '/discrete.php?fc=2&tf=1&ef=0&afx=0&mfx=0&raw=on', '2014-04-11 11:59:45', '172.20.0.22'),
(719, 'report.discrete', 0, '/discrete.php?fc=3&tf=1&ef=1&afx=0&mfx=0&raw=on', '2014-04-11 11:59:45', '172.20.0.22'),
(720, 'report.discrete', 0, '/discrete.php?fc=4&tf=1&ef=1&afx=0&mfx=0&raw=on', '2014-04-11 11:59:45', '172.20.0.22'),
(721, 'report.discrete', 0, '/discrete.php?fc=5&tf=1&ef=1&afx=0&mfx=0&raw=on', '2014-04-11 11:59:45', '172.20.0.22'),
(722, 'report.discrete', 0, '/discrete.php?fc=6&tf=1&ef=1&afx=0&mfx=0&raw=on', '2014-04-11 11:59:45', '172.20.0.22'),
(723, 'index', 1, '/cron_config.php?act=add&date=2014-04-11&time=12&fields=budget', '2014-04-11 12:01:20', '10.1.0.184'),
(724, 'report.discrete', 0, '/discrete.php?fc=1&tf=1&ef=1&afx=0&mfx=0&raw=on', '2014-04-11 12:01:36', '172.20.0.22'),
(725, 'report.discrete', 0, '/discrete.php?fc=2&tf=1&ef=0&afx=0&mfx=0&raw=on', '2014-04-11 12:01:36', '172.20.0.22'),
(726, 'report.discrete', 0, '/discrete.php?fc=3&tf=1&ef=1&afx=0&mfx=0&raw=on', '2014-04-11 12:01:36', '172.20.0.22'),
(727, 'report.discrete', 0, '/discrete.php?fc=4&tf=1&ef=1&afx=0&mfx=0&raw=on', '2014-04-11 12:01:36', '172.20.0.22'),
(728, 'report.discrete', 0, '/discrete.php?fc=5&tf=1&ef=1&afx=0&mfx=0&raw=on', '2014-04-11 12:01:36', '172.20.0.22'),
(729, 'report.discrete', 0, '/discrete.php?fc=6&tf=1&ef=1&afx=0&mfx=0&raw=on', '2014-04-11 12:01:36', '172.20.0.22'),
(730, 'report.discrete', 0, '/discrete.php?fc=1&tf=1&ef=1&afx=0&mfx=0&raw=on', '2014-04-11 12:02:03', '172.20.0.22'),
(731, 'report.discrete', 0, '/discrete.php?fc=2&tf=1&ef=0&afx=0&mfx=0&raw=on', '2014-04-11 12:02:03', '172.20.0.22'),
(732, 'report.discrete', 0, '/discrete.php?fc=3&tf=1&ef=1&afx=0&mfx=0&raw=on', '2014-04-11 12:02:03', '172.20.0.22'),
(733, 'report.discrete', 0, '/discrete.php?fc=4&tf=1&ef=1&afx=0&mfx=0&raw=on', '2014-04-11 12:02:03', '172.20.0.22'),
(734, 'report.discrete', 0, '/discrete.php?fc=5&tf=1&ef=1&afx=0&mfx=0&raw=on', '2014-04-11 12:02:03', '172.20.0.22'),
(735, 'report.discrete', 0, '/discrete.php?fc=6&tf=1&ef=1&afx=0&mfx=0&raw=on', '2014-04-11 12:02:03', '172.20.0.22'),
(736, 'report.discrete', 0, '/discrete.php?fc=1&tf=1&ef=1&afx=0&mfx=0&raw=on', '2014-04-11 12:02:19', '172.20.0.22'),
(737, 'report.discrete', 0, '/discrete.php?fc=2&tf=1&ef=0&afx=0&mfx=0&raw=on', '2014-04-11 12:02:19', '172.20.0.22'),
(738, 'report.discrete', 0, '/discrete.php?fc=3&tf=1&ef=1&afx=0&mfx=0&raw=on', '2014-04-11 12:02:19', '172.20.0.22'),
(739, 'report.discrete', 0, '/discrete.php?fc=4&tf=1&ef=1&afx=0&mfx=0&raw=on', '2014-04-11 12:02:19', '172.20.0.22'),
(740, 'report.discrete', 0, '/discrete.php?fc=5&tf=1&ef=1&afx=0&mfx=0&raw=on', '2014-04-11 12:02:19', '172.20.0.22'),
(741, 'report.discrete', 0, '/discrete.php?fc=6&tf=1&ef=1&afx=0&mfx=0&raw=on', '2014-04-11 12:02:19', '172.20.0.22'),
(742, 'report.discrete', 0, '/discrete.php?fc=1&tf=1&ef=1&afx=0&mfx=0&raw=on', '2014-04-11 12:02:33', '172.20.0.22'),
(743, 'report.discrete', 0, '/discrete.php?fc=2&tf=1&ef=0&afx=0&mfx=0&raw=on', '2014-04-11 12:02:33', '172.20.0.22'),
(744, 'report.discrete', 0, '/discrete.php?fc=3&tf=1&ef=1&afx=0&mfx=0&raw=on', '2014-04-11 12:02:33', '172.20.0.22'),
(745, 'report.discrete', 0, '/discrete.php?fc=4&tf=1&ef=1&afx=0&mfx=0&raw=on', '2014-04-11 12:02:33', '172.20.0.22'),
(746, 'report.discrete', 0, '/discrete.php?fc=5&tf=1&ef=1&afx=0&mfx=0&raw=on', '2014-04-11 12:02:33', '172.20.0.22'),
(747, 'report.discrete', 0, '/discrete.php?fc=6&tf=1&ef=1&afx=0&mfx=0&raw=on', '2014-04-11 12:02:33', '172.20.0.22'),
(748, 'report.discrete', 0, '/discrete.php?fc=1&tf=1&ef=1&afx=0&mfx=0&raw=on', '2014-04-11 12:02:48', '172.20.0.22'),
(749, 'report.discrete', 0, '/discrete.php?fc=2&tf=1&ef=0&afx=0&mfx=0&raw=on', '2014-04-11 12:02:48', '172.20.0.22'),
(750, 'report.discrete', 0, '/discrete.php?fc=3&tf=1&ef=1&afx=0&mfx=0&raw=on', '2014-04-11 12:02:48', '172.20.0.22'),
(751, 'report.discrete', 0, '/discrete.php?fc=4&tf=1&ef=1&afx=0&mfx=0&raw=on', '2014-04-11 12:02:48', '172.20.0.22'),
(752, 'report.discrete', 0, '/discrete.php?fc=5&tf=1&ef=1&afx=0&mfx=0&raw=on', '2014-04-11 12:02:48', '172.20.0.22'),
(753, 'report.discrete', 0, '/discrete.php?fc=6&tf=1&ef=1&afx=0&mfx=0&raw=on', '2014-04-11 12:02:48', '172.20.0.22'),
(754, 'report.discrete', 0, '/discrete.php?fc=1&tf=1&ef=1&afx=0&mfx=0&raw=on', '2014-04-11 12:03:56', '172.20.0.22'),
(755, 'report.discrete', 0, '/discrete.php?fc=2&tf=1&ef=0&afx=0&mfx=0&raw=on', '2014-04-11 12:03:56', '172.20.0.22'),
(756, 'report.discrete', 0, '/discrete.php?fc=3&tf=1&ef=1&afx=0&mfx=0&raw=on', '2014-04-11 12:03:56', '172.20.0.22'),
(757, 'report.discrete', 0, '/discrete.php?fc=4&tf=1&ef=1&afx=0&mfx=0&raw=on', '2014-04-11 12:03:56', '172.20.0.22'),
(758, 'report.discrete', 0, '/discrete.php?fc=5&tf=1&ef=1&afx=0&mfx=0&raw=on', '2014-04-11 12:03:56', '172.20.0.22'),
(759, 'report.discrete', 0, '/discrete.php?fc=6&tf=1&ef=1&afx=0&mfx=0&raw=on', '2014-04-11 12:03:56', '172.20.0.22'),
(760, 'report.discrete', 0, '/discrete.php?fc=1&tf=1&ef=1&afx=0&mfx=0&raw=on', '2014-04-11 12:04:12', '172.20.0.22'),
(761, 'report.discrete', 0, '/discrete.php?fc=2&tf=1&ef=0&afx=0&mfx=0&raw=on', '2014-04-11 12:04:12', '172.20.0.22'),
(762, 'report.discrete', 0, '/discrete.php?fc=3&tf=1&ef=1&afx=0&mfx=0&raw=on', '2014-04-11 12:04:12', '172.20.0.22'),
(763, 'report.discrete', 0, '/discrete.php?fc=4&tf=1&ef=1&afx=0&mfx=0&raw=on', '2014-04-11 12:04:12', '172.20.0.22'),
(764, 'report.discrete', 0, '/discrete.php?fc=5&tf=1&ef=1&afx=0&mfx=0&raw=on', '2014-04-11 12:04:12', '172.20.0.22'),
(765, 'report.discrete', 0, '/discrete.php?fc=6&tf=1&ef=1&afx=0&mfx=0&raw=on', '2014-04-11 12:04:12', '172.20.0.22'),
(766, 'report.discrete', 0, '/discrete.php?fc=1&tf=1&ef=1&afx=0&mfx=0&raw=on', '2014-04-11 12:11:28', '172.20.0.22'),
(767, 'report.discrete', 0, '/discrete.php?fc=2&tf=1&ef=0&afx=0&mfx=0&raw=on', '2014-04-11 12:11:28', '172.20.0.22'),
(768, 'report.discrete', 0, '/discrete.php?fc=3&tf=1&ef=1&afx=0&mfx=0&raw=on', '2014-04-11 12:11:28', '172.20.0.22'),
(769, 'report.discrete', 0, '/discrete.php?fc=4&tf=1&ef=1&afx=0&mfx=0&raw=on', '2014-04-11 12:11:28', '172.20.0.22'),
(770, 'report.discrete', 0, '/discrete.php?fc=5&tf=1&ef=1&afx=0&mfx=0&raw=on', '2014-04-11 12:11:28', '172.20.0.22'),
(771, 'report.discrete', 0, '/discrete.php?fc=6&tf=1&ef=1&afx=0&mfx=0&raw=on', '2014-04-11 12:11:28', '172.20.0.22'),
(772, 'report.discrete', 0, '/discrete.php?fc=1&tf=1&ef=1&afx=0&mfx=0&raw=on', '2014-04-11 12:22:41', '172.20.0.22'),
(773, 'report.discrete', 0, '/discrete.php?fc=2&tf=1&ef=0&afx=0&mfx=0&raw=on', '2014-04-11 12:22:41', '172.20.0.22'),
(774, 'report.discrete', 0, '/discrete.php?fc=3&tf=1&ef=1&afx=0&mfx=0&raw=on', '2014-04-11 12:22:41', '172.20.0.22'),
(775, 'report.discrete', 0, '/discrete.php?fc=4&tf=1&ef=1&afx=0&mfx=0&raw=on', '2014-04-11 12:22:41', '172.20.0.22'),
(776, 'report.discrete', 0, '/discrete.php?fc=5&tf=1&ef=1&afx=0&mfx=0&raw=on', '2014-04-11 12:22:41', '172.20.0.22'),
(777, 'report.discrete', 0, '/discrete.php?fc=6&tf=1&ef=1&afx=0&mfx=0&raw=on', '2014-04-11 12:22:41', '172.20.0.22'),
(778, 'report.discrete', 0, '/discrete.php?fc=1&tf=1&ef=1&afx=0&mfx=0&raw=on', '2014-04-11 12:22:55', '172.20.0.22'),
(779, 'report.discrete', 0, '/discrete.php?fc=2&tf=1&ef=0&afx=0&mfx=0&raw=on', '2014-04-11 12:22:55', '172.20.0.22'),
(780, 'report.discrete', 0, '/discrete.php?fc=3&tf=1&ef=1&afx=0&mfx=0&raw=on', '2014-04-11 12:22:55', '172.20.0.22'),
(781, 'report.discrete', 0, '/discrete.php?fc=4&tf=1&ef=1&afx=0&mfx=0&raw=on', '2014-04-11 12:22:55', '172.20.0.22'),
(782, 'report.discrete', 0, '/discrete.php?fc=5&tf=1&ef=1&afx=0&mfx=0&raw=on', '2014-04-11 12:22:55', '172.20.0.22'),
(783, 'report.discrete', 0, '/discrete.php?fc=6&tf=1&ef=1&afx=0&mfx=0&raw=on', '2014-04-11 12:22:56', '172.20.0.22'),
(784, 'report.discrete', 0, '/discrete.php?fc=1&tf=1&ef=1&afx=0&mfx=0&raw=on', '2014-04-11 12:23:57', '172.20.0.22'),
(785, 'report.discrete', 0, '/discrete.php?fc=2&tf=1&ef=0&afx=0&mfx=0&raw=on', '2014-04-11 12:23:57', '172.20.0.22'),
(786, 'report.discrete', 0, '/discrete.php?fc=3&tf=1&ef=1&afx=0&mfx=0&raw=on', '2014-04-11 12:23:57', '172.20.0.22'),
(787, 'report.discrete', 0, '/discrete.php?fc=4&tf=1&ef=1&afx=0&mfx=0&raw=on', '2014-04-11 12:23:57', '172.20.0.22'),
(788, 'report.discrete', 0, '/discrete.php?fc=5&tf=1&ef=1&afx=0&mfx=0&raw=on', '2014-04-11 12:23:57', '172.20.0.22'),
(789, 'report.discrete', 0, '/discrete.php?fc=6&tf=1&ef=1&afx=0&mfx=0&raw=on', '2014-04-11 12:23:57', '172.20.0.22'),
(790, 'login', 0, '/login.php', '2014-04-14 10:04:49', '10.1.0.184'),
(791, 'login', 0, '/login.php', '2014-04-14 10:04:56', '10.1.0.184'),
(792, 'index', 1, '/index.php', '2014-04-14 10:04:56', '10.1.0.184'),
(793, 'control', 1, '/control.php', '2014-04-14 10:48:14', '10.1.0.184'),
(794, 'index', 1, '/cron_config.php', '2014-04-14 10:48:15', '10.1.0.184'),
(795, 'index', 1, '/cron_config.php?act=add&date=2014-04-14&time=10&fields=budget', '2014-04-14 10:48:28', '10.1.0.184'),
(796, 'index', 1, '/cron_config.php?act=add&date=2014-04-14&time=11&fields=budget', '2014-04-14 10:48:40', '10.1.0.184'),
(797, 'report.discrete', 0, '/discrete.php?fc=1&tf=1&ef=1&afx=0&mfx=0&raw=on', '2014-04-14 10:48:42', '172.20.0.22'),
(798, 'report.discrete', 0, '/discrete.php?fc=2&tf=1&ef=0&afx=0&mfx=0&raw=on', '2014-04-14 10:48:42', '172.20.0.22'),
(799, 'report.discrete', 0, '/discrete.php?fc=3&tf=1&ef=1&afx=0&mfx=0&raw=on', '2014-04-14 10:48:43', '172.20.0.22'),
(800, 'report.discrete', 0, '/discrete.php?fc=4&tf=1&ef=1&afx=0&mfx=0&raw=on', '2014-04-14 10:48:43', '172.20.0.22'),
(801, 'report.discrete', 0, '/discrete.php?fc=5&tf=1&ef=1&afx=0&mfx=0&raw=on', '2014-04-14 10:48:43', '172.20.0.22'),
(802, 'report.discrete', 0, '/discrete.php?fc=6&tf=1&ef=1&afx=0&mfx=0&raw=on', '2014-04-14 10:48:43', '172.20.0.22'),
(803, 'report.discrete', 0, '/discrete.php?fc=1&tf=1&ef=1&afx=0&mfx=0&raw=on', '2014-04-14 10:53:48', '172.20.0.22'),
(804, 'report.discrete', 0, '/discrete.php?fc=2&tf=1&ef=0&afx=0&mfx=0&raw=on', '2014-04-14 10:53:48', '172.20.0.22'),
(805, 'report.discrete', 0, '/discrete.php?fc=3&tf=1&ef=1&afx=0&mfx=0&raw=on', '2014-04-14 10:53:48', '172.20.0.22'),
(806, 'report.discrete', 0, '/discrete.php?fc=4&tf=1&ef=1&afx=0&mfx=0&raw=on', '2014-04-14 10:53:48', '172.20.0.22'),
(807, 'report.discrete', 0, '/discrete.php?fc=5&tf=1&ef=1&afx=0&mfx=0&raw=on', '2014-04-14 10:53:48', '172.20.0.22'),
(808, 'report.discrete', 0, '/discrete.php?fc=6&tf=1&ef=1&afx=0&mfx=0&raw=on', '2014-04-14 10:53:48', '172.20.0.22'),
(809, 'report.discrete', 0, '/discrete.php?fc=1&tf=1&ef=1&afx=0&mfx=0&raw=on', '2014-04-14 11:00:54', '172.20.0.22'),
(810, 'report.discrete', 0, '/discrete.php?fc=2&tf=1&ef=0&afx=0&mfx=0&raw=on', '2014-04-14 11:00:54', '172.20.0.22'),
(811, 'report.discrete', 0, '/discrete.php?fc=3&tf=1&ef=1&afx=0&mfx=0&raw=on', '2014-04-14 11:00:54', '172.20.0.22'),
(812, 'report.discrete', 0, '/discrete.php?fc=4&tf=1&ef=1&afx=0&mfx=0&raw=on', '2014-04-14 11:00:54', '172.20.0.22'),
(813, 'report.discrete', 0, '/discrete.php?fc=5&tf=1&ef=1&afx=0&mfx=0&raw=on', '2014-04-14 11:00:54', '172.20.0.22'),
(814, 'report.discrete', 0, '/discrete.php?fc=6&tf=1&ef=1&afx=0&mfx=0&raw=on', '2014-04-14 11:00:54', '172.20.0.22'),
(815, 'report.discrete', 0, '/discrete.php?fc=1&tf=1&ef=1&afx=0&mfx=0&raw=on', '2014-04-14 11:01:01', '172.20.0.22'),
(816, 'report.discrete', 0, '/discrete.php?fc=2&tf=1&ef=0&afx=0&mfx=0&raw=on', '2014-04-14 11:01:01', '172.20.0.22'),
(817, 'report.discrete', 0, '/discrete.php?fc=3&tf=1&ef=1&afx=0&mfx=0&raw=on', '2014-04-14 11:01:01', '172.20.0.22'),
(818, 'report.discrete', 0, '/discrete.php?fc=4&tf=1&ef=1&afx=0&mfx=0&raw=on', '2014-04-14 11:01:01', '172.20.0.22'),
(819, 'report.discrete', 0, '/discrete.php?fc=5&tf=1&ef=1&afx=0&mfx=0&raw=on', '2014-04-14 11:01:01', '172.20.0.22'),
(820, 'report.discrete', 0, '/discrete.php?fc=6&tf=1&ef=1&afx=0&mfx=0&raw=on', '2014-04-14 11:01:01', '172.20.0.22'),
(821, 'report.discrete', 0, '/discrete.php?fc=1&tf=1&ef=1&afx=0&mfx=0&raw=on', '2014-04-14 11:01:45', '172.20.0.22'),
(822, 'report.discrete', 0, '/discrete.php?fc=2&tf=1&ef=0&afx=0&mfx=0&raw=on', '2014-04-14 11:01:45', '172.20.0.22'),
(823, 'report.discrete', 0, '/discrete.php?fc=3&tf=1&ef=1&afx=0&mfx=0&raw=on', '2014-04-14 11:01:45', '172.20.0.22'),
(824, 'report.discrete', 0, '/discrete.php?fc=4&tf=1&ef=1&afx=0&mfx=0&raw=on', '2014-04-14 11:01:45', '172.20.0.22'),
(825, 'report.discrete', 0, '/discrete.php?fc=5&tf=1&ef=1&afx=0&mfx=0&raw=on', '2014-04-14 11:01:45', '172.20.0.22'),
(826, 'report.discrete', 0, '/discrete.php?fc=6&tf=1&ef=1&afx=0&mfx=0&raw=on', '2014-04-14 11:01:45', '172.20.0.22'),
(827, 'report.discrete', 0, '/discrete.php?fc=1&tf=1&ef=1&afx=0&mfx=0&raw=on', '2014-04-14 11:02:02', '172.20.0.22'),
(828, 'report.discrete', 0, '/discrete.php?fc=2&tf=1&ef=0&afx=0&mfx=0&raw=on', '2014-04-14 11:02:02', '172.20.0.22'),
(829, 'report.discrete', 0, '/discrete.php?fc=3&tf=1&ef=1&afx=0&mfx=0&raw=on', '2014-04-14 11:02:02', '172.20.0.22'),
(830, 'report.discrete', 0, '/discrete.php?fc=4&tf=1&ef=1&afx=0&mfx=0&raw=on', '2014-04-14 11:02:02', '172.20.0.22'),
(831, 'report.discrete', 0, '/discrete.php?fc=5&tf=1&ef=1&afx=0&mfx=0&raw=on', '2014-04-14 11:02:02', '172.20.0.22'),
(832, 'report.discrete', 0, '/discrete.php?fc=6&tf=1&ef=1&afx=0&mfx=0&raw=on', '2014-04-14 11:02:02', '172.20.0.22'),
(833, 'report.discrete', 0, '/discrete.php?fc=1&tf=1&ef=1&afx=0&mfx=0&raw=on', '2014-04-14 11:03:16', '172.20.0.22'),
(834, 'report.discrete', 0, '/discrete.php?fc=2&tf=1&ef=0&afx=0&mfx=0&raw=on', '2014-04-14 11:03:16', '172.20.0.22'),
(835, 'report.discrete', 0, '/discrete.php?fc=3&tf=1&ef=1&afx=0&mfx=0&raw=on', '2014-04-14 11:03:16', '172.20.0.22'),
(836, 'report.discrete', 0, '/discrete.php?fc=4&tf=1&ef=1&afx=0&mfx=0&raw=on', '2014-04-14 11:03:16', '172.20.0.22'),
(837, 'report.discrete', 0, '/discrete.php?fc=5&tf=1&ef=1&afx=0&mfx=0&raw=on', '2014-04-14 11:03:16', '172.20.0.22'),
(838, 'report.discrete', 0, '/discrete.php?fc=6&tf=1&ef=1&afx=0&mfx=0&raw=on', '2014-04-14 11:03:16', '172.20.0.22'),
(839, 'report.discrete', 0, '/discrete.php?fc=1&tf=1&ef=1&afx=0&mfx=0&raw=on', '2014-04-14 11:03:44', '172.20.0.22'),
(840, 'report.discrete', 0, '/discrete.php?fc=2&tf=1&ef=0&afx=0&mfx=0&raw=on', '2014-04-14 11:03:44', '172.20.0.22'),
(841, 'report.discrete', 0, '/discrete.php?fc=3&tf=1&ef=1&afx=0&mfx=0&raw=on', '2014-04-14 11:03:44', '172.20.0.22'),
(842, 'report.discrete', 0, '/discrete.php?fc=4&tf=1&ef=1&afx=0&mfx=0&raw=on', '2014-04-14 11:03:44', '172.20.0.22'),
(843, 'report.discrete', 0, '/discrete.php?fc=5&tf=1&ef=1&afx=0&mfx=0&raw=on', '2014-04-14 11:03:44', '172.20.0.22'),
(844, 'report.discrete', 0, '/discrete.php?fc=6&tf=1&ef=1&afx=0&mfx=0&raw=on', '2014-04-14 11:03:44', '172.20.0.22'),
(845, 'report.discrete', 0, '/discrete.php?fc=1&tf=1&ef=1&afx=0&mfx=0&raw=on', '2014-04-14 11:03:52', '172.20.0.22'),
(846, 'report.discrete', 0, '/discrete.php?fc=2&tf=1&ef=0&afx=0&mfx=0&raw=on', '2014-04-14 11:03:52', '172.20.0.22'),
(847, 'report.discrete', 0, '/discrete.php?fc=3&tf=1&ef=1&afx=0&mfx=0&raw=on', '2014-04-14 11:03:52', '172.20.0.22'),
(848, 'report.discrete', 0, '/discrete.php?fc=4&tf=1&ef=1&afx=0&mfx=0&raw=on', '2014-04-14 11:03:52', '172.20.0.22'),
(849, 'report.discrete', 0, '/discrete.php?fc=5&tf=1&ef=1&afx=0&mfx=0&raw=on', '2014-04-14 11:03:52', '172.20.0.22'),
(850, 'report.discrete', 0, '/discrete.php?fc=6&tf=1&ef=1&afx=0&mfx=0&raw=on', '2014-04-14 11:03:52', '172.20.0.22'),
(851, 'report.discrete', 0, '/discrete.php?fc=1&tf=1&ef=1&afx=0&mfx=0&raw=on', '2014-04-14 11:04:05', '172.20.0.22'),
(852, 'report.discrete', 0, '/discrete.php?fc=2&tf=1&ef=0&afx=0&mfx=0&raw=on', '2014-04-14 11:04:05', '172.20.0.22'),
(853, 'report.discrete', 0, '/discrete.php?fc=3&tf=1&ef=1&afx=0&mfx=0&raw=on', '2014-04-14 11:04:05', '172.20.0.22'),
(854, 'report.discrete', 0, '/discrete.php?fc=4&tf=1&ef=1&afx=0&mfx=0&raw=on', '2014-04-14 11:04:05', '172.20.0.22'),
(855, 'report.discrete', 0, '/discrete.php?fc=5&tf=1&ef=1&afx=0&mfx=0&raw=on', '2014-04-14 11:04:05', '172.20.0.22'),
(856, 'report.discrete', 0, '/discrete.php?fc=6&tf=1&ef=1&afx=0&mfx=0&raw=on', '2014-04-14 11:04:05', '172.20.0.22'),
(857, 'report.discrete', 0, '/discrete.php?fc=1&tf=1&ef=1&afx=0&mfx=0&raw=on', '2014-04-14 11:04:40', '172.20.0.22'),
(858, 'report.discrete', 0, '/discrete.php?fc=2&tf=1&ef=0&afx=0&mfx=0&raw=on', '2014-04-14 11:04:40', '172.20.0.22'),
(859, 'report.discrete', 0, '/discrete.php?fc=3&tf=1&ef=1&afx=0&mfx=0&raw=on', '2014-04-14 11:04:40', '172.20.0.22'),
(860, 'report.discrete', 0, '/discrete.php?fc=4&tf=1&ef=1&afx=0&mfx=0&raw=on', '2014-04-14 11:04:40', '172.20.0.22'),
(861, 'report.discrete', 0, '/discrete.php?fc=5&tf=1&ef=1&afx=0&mfx=0&raw=on', '2014-04-14 11:04:40', '172.20.0.22'),
(862, 'report.discrete', 0, '/discrete.php?fc=6&tf=1&ef=1&afx=0&mfx=0&raw=on', '2014-04-14 11:04:40', '172.20.0.22'),
(863, 'report.discrete', 0, '/discrete.php?fc=1&tf=1&ef=1&afx=0&mfx=0&raw=on', '2014-04-14 11:05:53', '172.20.0.22'),
(864, 'report.discrete', 0, '/discrete.php?fc=2&tf=1&ef=0&afx=0&mfx=0&raw=on', '2014-04-14 11:05:53', '172.20.0.22'),
(865, 'report.discrete', 0, '/discrete.php?fc=3&tf=1&ef=1&afx=0&mfx=0&raw=on', '2014-04-14 11:05:53', '172.20.0.22'),
(866, 'report.discrete', 0, '/discrete.php?fc=4&tf=1&ef=1&afx=0&mfx=0&raw=on', '2014-04-14 11:05:53', '172.20.0.22'),
(867, 'report.discrete', 0, '/discrete.php?fc=5&tf=1&ef=1&afx=0&mfx=0&raw=on', '2014-04-14 11:05:53', '172.20.0.22'),
(868, 'report.discrete', 0, '/discrete.php?fc=6&tf=1&ef=1&afx=0&mfx=0&raw=on', '2014-04-14 11:05:53', '172.20.0.22'),
(869, 'report.discrete', 0, '/discrete.php?fc=1&tf=1&ef=1&afx=0&mfx=0&raw=on', '2014-04-14 11:06:43', '172.20.0.22'),
(870, 'report.discrete', 0, '/discrete.php?fc=2&tf=1&ef=0&afx=0&mfx=0&raw=on', '2014-04-14 11:06:43', '172.20.0.22'),
(871, 'report.discrete', 0, '/discrete.php?fc=3&tf=1&ef=1&afx=0&mfx=0&raw=on', '2014-04-14 11:06:43', '172.20.0.22'),
(872, 'report.discrete', 0, '/discrete.php?fc=4&tf=1&ef=1&afx=0&mfx=0&raw=on', '2014-04-14 11:06:43', '172.20.0.22'),
(873, 'report.discrete', 0, '/discrete.php?fc=5&tf=1&ef=1&afx=0&mfx=0&raw=on', '2014-04-14 11:06:43', '172.20.0.22'),
(874, 'report.discrete', 0, '/discrete.php?fc=6&tf=1&ef=1&afx=0&mfx=0&raw=on', '2014-04-14 11:06:43', '172.20.0.22'),
(875, 'report.discrete', 0, '/discrete.php?fc=1&tf=1&ef=1&afx=0&mfx=0&raw=on', '2014-04-14 11:07:01', '172.20.0.22'),
(876, 'report.discrete', 0, '/discrete.php?fc=2&tf=1&ef=0&afx=0&mfx=0&raw=on', '2014-04-14 11:07:01', '172.20.0.22'),
(877, 'report.discrete', 0, '/discrete.php?fc=3&tf=1&ef=1&afx=0&mfx=0&raw=on', '2014-04-14 11:07:01', '172.20.0.22'),
(878, 'report.discrete', 0, '/discrete.php?fc=4&tf=1&ef=1&afx=0&mfx=0&raw=on', '2014-04-14 11:07:01', '172.20.0.22'),
(879, 'report.discrete', 0, '/discrete.php?fc=5&tf=1&ef=1&afx=0&mfx=0&raw=on', '2014-04-14 11:07:01', '172.20.0.22'),
(880, 'report.discrete', 0, '/discrete.php?fc=6&tf=1&ef=1&afx=0&mfx=0&raw=on', '2014-04-14 11:07:01', '172.20.0.22'),
(881, 'report.discrete', 0, '/discrete.php?fc=1&tf=1&ef=1&afx=0&mfx=0&raw=on', '2014-04-14 11:34:10', '172.20.0.22'),
(882, 'report.discrete', 0, '/discrete.php?fc=2&tf=1&ef=0&afx=0&mfx=0&raw=on', '2014-04-14 11:34:10', '172.20.0.22'),
(883, 'report.discrete', 0, '/discrete.php?fc=3&tf=1&ef=1&afx=0&mfx=0&raw=on', '2014-04-14 11:34:10', '172.20.0.22'),
(884, 'report.discrete', 0, '/discrete.php?fc=4&tf=1&ef=1&afx=0&mfx=0&raw=on', '2014-04-14 11:34:10', '172.20.0.22'),
(885, 'report.discrete', 0, '/discrete.php?fc=5&tf=1&ef=1&afx=0&mfx=0&raw=on', '2014-04-14 11:34:10', '172.20.0.22'),
(886, 'report.discrete', 0, '/discrete.php?fc=6&tf=1&ef=1&afx=0&mfx=0&raw=on', '2014-04-14 11:34:10', '172.20.0.22'),
(887, 'report.discrete', 0, '/discrete.php?fc=1&tf=1&ef=1&afx=0&mfx=0&raw=on', '2014-04-14 11:34:32', '172.20.0.22'),
(888, 'report.discrete', 0, '/discrete.php?fc=2&tf=1&ef=0&afx=0&mfx=0&raw=on', '2014-04-14 11:34:32', '172.20.0.22'),
(889, 'report.discrete', 0, '/discrete.php?fc=3&tf=1&ef=1&afx=0&mfx=0&raw=on', '2014-04-14 11:34:32', '172.20.0.22'),
(890, 'report.discrete', 0, '/discrete.php?fc=4&tf=1&ef=1&afx=0&mfx=0&raw=on', '2014-04-14 11:34:32', '172.20.0.22'),
(891, 'report.discrete', 0, '/discrete.php?fc=5&tf=1&ef=1&afx=0&mfx=0&raw=on', '2014-04-14 11:34:32', '172.20.0.22'),
(892, 'report.discrete', 0, '/discrete.php?fc=6&tf=1&ef=1&afx=0&mfx=0&raw=on', '2014-04-14 11:34:32', '172.20.0.22'),
(893, 'report.discrete', 0, '/discrete.php?fc=1&tf=1&ef=1&afx=0&mfx=0&raw=on', '2014-04-14 11:34:59', '172.20.0.22'),
(894, 'report.discrete', 0, '/discrete.php?fc=2&tf=1&ef=0&afx=0&mfx=0&raw=on', '2014-04-14 11:34:59', '172.20.0.22'),
(895, 'report.discrete', 0, '/discrete.php?fc=3&tf=1&ef=1&afx=0&mfx=0&raw=on', '2014-04-14 11:34:59', '172.20.0.22'),
(896, 'report.discrete', 0, '/discrete.php?fc=4&tf=1&ef=1&afx=0&mfx=0&raw=on', '2014-04-14 11:34:59', '172.20.0.22'),
(897, 'report.discrete', 0, '/discrete.php?fc=5&tf=1&ef=1&afx=0&mfx=0&raw=on', '2014-04-14 11:34:59', '172.20.0.22'),
(898, 'report.discrete', 0, '/discrete.php?fc=6&tf=1&ef=1&afx=0&mfx=0&raw=on', '2014-04-14 11:34:59', '172.20.0.22'),
(899, 'report.discrete', 0, '/discrete.php?fc=1&tf=1&ef=1&afx=0&mfx=0&raw=on', '2014-04-14 11:36:26', '172.20.0.22'),
(900, 'report.discrete', 0, '/discrete.php?fc=2&tf=1&ef=0&afx=0&mfx=0&raw=on', '2014-04-14 11:36:26', '172.20.0.22'),
(901, 'report.discrete', 0, '/discrete.php?fc=3&tf=1&ef=1&afx=0&mfx=0&raw=on', '2014-04-14 11:36:26', '172.20.0.22'),
(902, 'report.discrete', 0, '/discrete.php?fc=4&tf=1&ef=1&afx=0&mfx=0&raw=on', '2014-04-14 11:36:26', '172.20.0.22'),
(903, 'report.discrete', 0, '/discrete.php?fc=5&tf=1&ef=1&afx=0&mfx=0&raw=on', '2014-04-14 11:36:26', '172.20.0.22'),
(904, 'report.discrete', 0, '/discrete.php?fc=6&tf=1&ef=1&afx=0&mfx=0&raw=on', '2014-04-14 11:36:26', '172.20.0.22'),
(905, 'report.discrete', 0, '/discrete.php?fc=1&tf=1&ef=1&afx=0&mfx=0&raw=on', '2014-04-14 11:36:38', '172.20.0.22'),
(906, 'report.discrete', 0, '/discrete.php?fc=2&tf=1&ef=0&afx=0&mfx=0&raw=on', '2014-04-14 11:36:38', '172.20.0.22'),
(907, 'report.discrete', 0, '/discrete.php?fc=3&tf=1&ef=1&afx=0&mfx=0&raw=on', '2014-04-14 11:36:38', '172.20.0.22'),
(908, 'report.discrete', 0, '/discrete.php?fc=4&tf=1&ef=1&afx=0&mfx=0&raw=on', '2014-04-14 11:36:38', '172.20.0.22'),
(909, 'report.discrete', 0, '/discrete.php?fc=5&tf=1&ef=1&afx=0&mfx=0&raw=on', '2014-04-14 11:36:38', '172.20.0.22'),
(910, 'report.discrete', 0, '/discrete.php?fc=6&tf=1&ef=1&afx=0&mfx=0&raw=on', '2014-04-14 11:36:38', '172.20.0.22'),
(911, 'report.discrete', 0, '/discrete.php?fc=1&tf=1&ef=1&afx=0&mfx=0&raw=on', '2014-04-14 11:41:19', '172.20.0.22'),
(912, 'report.discrete', 0, '/discrete.php?fc=2&tf=1&ef=0&afx=0&mfx=0&raw=on', '2014-04-14 11:41:19', '172.20.0.22'),
(913, 'report.discrete', 0, '/discrete.php?fc=3&tf=1&ef=1&afx=0&mfx=0&raw=on', '2014-04-14 11:41:19', '172.20.0.22'),
(914, 'report.discrete', 0, '/discrete.php?fc=4&tf=1&ef=1&afx=0&mfx=0&raw=on', '2014-04-14 11:41:19', '172.20.0.22'),
(915, 'report.discrete', 0, '/discrete.php?fc=5&tf=1&ef=1&afx=0&mfx=0&raw=on', '2014-04-14 11:41:19', '172.20.0.22'),
(916, 'report.discrete', 0, '/discrete.php?fc=6&tf=1&ef=1&afx=0&mfx=0&raw=on', '2014-04-14 11:41:19', '172.20.0.22'),
(917, 'report.discrete', 0, '/discrete.php?fc=1&tf=1&ef=1&afx=0&mfx=0&raw=on', '2014-04-14 11:41:49', '172.20.0.22'),
(918, 'report.discrete', 0, '/discrete.php?fc=2&tf=1&ef=0&afx=0&mfx=0&raw=on', '2014-04-14 11:41:49', '172.20.0.22'),
(919, 'report.discrete', 0, '/discrete.php?fc=3&tf=1&ef=1&afx=0&mfx=0&raw=on', '2014-04-14 11:41:49', '172.20.0.22'),
(920, 'report.discrete', 0, '/discrete.php?fc=4&tf=1&ef=1&afx=0&mfx=0&raw=on', '2014-04-14 11:41:49', '172.20.0.22'),
(921, 'report.discrete', 0, '/discrete.php?fc=5&tf=1&ef=1&afx=0&mfx=0&raw=on', '2014-04-14 11:41:49', '172.20.0.22'),
(922, 'report.discrete', 0, '/discrete.php?fc=6&tf=1&ef=1&afx=0&mfx=0&raw=on', '2014-04-14 11:41:49', '172.20.0.22'),
(923, 'report.discrete', 0, '/discrete.php?fc=1&tf=1&ef=1&afx=0&mfx=0&raw=on', '2014-04-14 11:53:09', '172.20.0.22'),
(924, 'report.discrete', 0, '/discrete.php?fc=2&tf=1&ef=0&afx=0&mfx=0&raw=on', '2014-04-14 11:53:09', '172.20.0.22'),
(925, 'report.discrete', 0, '/discrete.php?fc=3&tf=1&ef=1&afx=0&mfx=0&raw=on', '2014-04-14 11:53:09', '172.20.0.22'),
(926, 'report.discrete', 0, '/discrete.php?fc=4&tf=1&ef=1&afx=0&mfx=0&raw=on', '2014-04-14 11:53:09', '172.20.0.22'),
(927, 'report.discrete', 0, '/discrete.php?fc=5&tf=1&ef=1&afx=0&mfx=0&raw=on', '2014-04-14 11:53:09', '172.20.0.22'),
(928, 'report.discrete', 0, '/discrete.php?fc=6&tf=1&ef=1&afx=0&mfx=0&raw=on', '2014-04-14 11:53:09', '172.20.0.22'),
(929, 'report.discrete', 0, '/discrete.php?fc=1&tf=1&ef=1&afx=0&mfx=0&raw=on', '2014-04-14 11:53:27', '172.20.0.22'),
(930, 'report.discrete', 0, '/discrete.php?fc=2&tf=1&ef=0&afx=0&mfx=0&raw=on', '2014-04-14 11:53:27', '172.20.0.22'),
(931, 'report.discrete', 0, '/discrete.php?fc=3&tf=1&ef=1&afx=0&mfx=0&raw=on', '2014-04-14 11:53:27', '172.20.0.22'),
(932, 'report.discrete', 0, '/discrete.php?fc=4&tf=1&ef=1&afx=0&mfx=0&raw=on', '2014-04-14 11:53:27', '172.20.0.22'),
(933, 'report.discrete', 0, '/discrete.php?fc=5&tf=1&ef=1&afx=0&mfx=0&raw=on', '2014-04-14 11:53:27', '172.20.0.22'),
(934, 'report.discrete', 0, '/discrete.php?fc=6&tf=1&ef=1&afx=0&mfx=0&raw=on', '2014-04-14 11:53:27', '172.20.0.22'),
(935, 'report.discrete', 0, '/discrete.php?fc=1&tf=1&ef=1&afx=0&mfx=0&raw=on', '2014-04-14 11:55:41', '172.20.0.22'),
(936, 'report.discrete', 0, '/discrete.php?fc=2&tf=1&ef=0&afx=0&mfx=0&raw=on', '2014-04-14 11:55:41', '172.20.0.22'),
(937, 'report.discrete', 0, '/discrete.php?fc=3&tf=1&ef=1&afx=0&mfx=0&raw=on', '2014-04-14 11:55:41', '172.20.0.22'),
(938, 'report.discrete', 0, '/discrete.php?fc=4&tf=1&ef=1&afx=0&mfx=0&raw=on', '2014-04-14 11:55:41', '172.20.0.22'),
(939, 'report.discrete', 0, '/discrete.php?fc=5&tf=1&ef=1&afx=0&mfx=0&raw=on', '2014-04-14 11:55:41', '172.20.0.22'),
(940, 'report.discrete', 0, '/discrete.php?fc=6&tf=1&ef=1&afx=0&mfx=0&raw=on', '2014-04-14 11:55:41', '172.20.0.22'),
(941, 'report.discrete', 0, '/discrete.php?fc=1&tf=1&ef=1&afx=0&mfx=0&raw=on', '2014-04-14 11:56:04', '172.20.0.22'),
(942, 'report.discrete', 0, '/discrete.php?fc=2&tf=1&ef=0&afx=0&mfx=0&raw=on', '2014-04-14 11:56:04', '172.20.0.22'),
(943, 'report.discrete', 0, '/discrete.php?fc=3&tf=1&ef=1&afx=0&mfx=0&raw=on', '2014-04-14 11:56:04', '172.20.0.22'),
(944, 'report.discrete', 0, '/discrete.php?fc=4&tf=1&ef=1&afx=0&mfx=0&raw=on', '2014-04-14 11:56:04', '172.20.0.22'),
(945, 'report.discrete', 0, '/discrete.php?fc=5&tf=1&ef=1&afx=0&mfx=0&raw=on', '2014-04-14 11:56:04', '172.20.0.22'),
(946, 'report.discrete', 0, '/discrete.php?fc=6&tf=1&ef=1&afx=0&mfx=0&raw=on', '2014-04-14 11:56:04', '172.20.0.22'),
(947, 'report.discrete', 0, '/discrete.php?fc=1&tf=1&ef=1&afx=0&mfx=0&raw=on', '2014-04-14 11:56:28', '172.20.0.22'),
(948, 'report.discrete', 0, '/discrete.php?fc=2&tf=1&ef=0&afx=0&mfx=0&raw=on', '2014-04-14 11:56:28', '172.20.0.22'),
(949, 'report.discrete', 0, '/discrete.php?fc=3&tf=1&ef=1&afx=0&mfx=0&raw=on', '2014-04-14 11:56:28', '172.20.0.22'),
(950, 'report.discrete', 0, '/discrete.php?fc=4&tf=1&ef=1&afx=0&mfx=0&raw=on', '2014-04-14 11:56:28', '172.20.0.22'),
(951, 'report.discrete', 0, '/discrete.php?fc=5&tf=1&ef=1&afx=0&mfx=0&raw=on', '2014-04-14 11:56:28', '172.20.0.22'),
(952, 'report.discrete', 0, '/discrete.php?fc=6&tf=1&ef=1&afx=0&mfx=0&raw=on', '2014-04-14 11:56:28', '172.20.0.22'),
(953, 'report.discrete', 0, '/discrete.php?fc=1&tf=1&ef=1&afx=0&mfx=0&raw=on', '2014-04-14 11:56:52', '172.20.0.22'),
(954, 'report.discrete', 0, '/discrete.php?fc=2&tf=1&ef=0&afx=0&mfx=0&raw=on', '2014-04-14 11:56:52', '172.20.0.22'),
(955, 'report.discrete', 0, '/discrete.php?fc=3&tf=1&ef=1&afx=0&mfx=0&raw=on', '2014-04-14 11:56:52', '172.20.0.22'),
(956, 'report.discrete', 0, '/discrete.php?fc=4&tf=1&ef=1&afx=0&mfx=0&raw=on', '2014-04-14 11:56:52', '172.20.0.22'),
(957, 'report.discrete', 0, '/discrete.php?fc=5&tf=1&ef=1&afx=0&mfx=0&raw=on', '2014-04-14 11:56:52', '172.20.0.22'),
(958, 'report.discrete', 0, '/discrete.php?fc=6&tf=1&ef=1&afx=0&mfx=0&raw=on', '2014-04-14 11:56:52', '172.20.0.22'),
(959, 'report.discrete', 0, '/discrete.php?fc=1&tf=1&ef=1&afx=0&mfx=0&raw=on', '2014-04-14 11:57:30', '172.20.0.22'),
(960, 'report.discrete', 0, '/discrete.php?fc=2&tf=1&ef=0&afx=0&mfx=0&raw=on', '2014-04-14 11:57:30', '172.20.0.22'),
(961, 'report.discrete', 0, '/discrete.php?fc=3&tf=1&ef=1&afx=0&mfx=0&raw=on', '2014-04-14 11:57:30', '172.20.0.22'),
(962, 'report.discrete', 0, '/discrete.php?fc=4&tf=1&ef=1&afx=0&mfx=0&raw=on', '2014-04-14 11:57:30', '172.20.0.22'),
(963, 'report.discrete', 0, '/discrete.php?fc=5&tf=1&ef=1&afx=0&mfx=0&raw=on', '2014-04-14 11:57:30', '172.20.0.22'),
(964, 'report.discrete', 0, '/discrete.php?fc=6&tf=1&ef=1&afx=0&mfx=0&raw=on', '2014-04-14 11:57:30', '172.20.0.22'),
(965, 'report.discrete', 0, '/discrete.php?fc=1&tf=1&ef=1&afx=0&mfx=0&raw=on', '2014-04-14 11:57:55', '172.20.0.22'),
(966, 'report.discrete', 0, '/discrete.php?fc=2&tf=1&ef=0&afx=0&mfx=0&raw=on', '2014-04-14 11:57:55', '172.20.0.22'),
(967, 'report.discrete', 0, '/discrete.php?fc=3&tf=1&ef=1&afx=0&mfx=0&raw=on', '2014-04-14 11:57:55', '172.20.0.22'),
(968, 'report.discrete', 0, '/discrete.php?fc=4&tf=1&ef=1&afx=0&mfx=0&raw=on', '2014-04-14 11:57:55', '172.20.0.22'),
(969, 'report.discrete', 0, '/discrete.php?fc=5&tf=1&ef=1&afx=0&mfx=0&raw=on', '2014-04-14 11:57:55', '172.20.0.22'),
(970, 'report.discrete', 0, '/discrete.php?fc=6&tf=1&ef=1&afx=0&mfx=0&raw=on', '2014-04-14 11:57:55', '172.20.0.22'),
(971, 'index', 1, '/cron_config.php?act=add&date=2014-04-14&time=12&fields=budget', '2014-04-14 12:02:00', '10.1.0.184'),
(972, 'report.discrete', 0, '/discrete.php?fc=1&tf=1&ef=1&afx=0&mfx=0&raw=on', '2014-04-14 12:02:53', '172.20.0.22'),
(973, 'report.discrete', 0, '/discrete.php?fc=2&tf=1&ef=0&afx=0&mfx=0&raw=on', '2014-04-14 12:02:53', '172.20.0.22'),
(974, 'report.discrete', 0, '/discrete.php?fc=3&tf=1&ef=1&afx=0&mfx=0&raw=on', '2014-04-14 12:02:53', '172.20.0.22'),
(975, 'report.discrete', 0, '/discrete.php?fc=4&tf=1&ef=1&afx=0&mfx=0&raw=on', '2014-04-14 12:02:53', '172.20.0.22'),
(976, 'report.discrete', 0, '/discrete.php?fc=5&tf=1&ef=1&afx=0&mfx=0&raw=on', '2014-04-14 12:02:53', '172.20.0.22'),
(977, 'report.discrete', 0, '/discrete.php?fc=6&tf=1&ef=1&afx=0&mfx=0&raw=on', '2014-04-14 12:02:53', '172.20.0.22'),
(978, 'report.discrete', 0, '/discrete.php?fc=1&tf=1&ef=1&afx=0&mfx=0&raw=on', '2014-04-14 12:04:18', '172.20.0.22'),
(979, 'report.discrete', 0, '/discrete.php?fc=2&tf=1&ef=0&afx=0&mfx=0&raw=on', '2014-04-14 12:04:18', '172.20.0.22'),
(980, 'report.discrete', 0, '/discrete.php?fc=3&tf=1&ef=1&afx=0&mfx=0&raw=on', '2014-04-14 12:04:18', '172.20.0.22'),
(981, 'report.discrete', 0, '/discrete.php?fc=4&tf=1&ef=1&afx=0&mfx=0&raw=on', '2014-04-14 12:04:18', '172.20.0.22'),
(982, 'report.discrete', 0, '/discrete.php?fc=5&tf=1&ef=1&afx=0&mfx=0&raw=on', '2014-04-14 12:04:18', '172.20.0.22'),
(983, 'report.discrete', 0, '/discrete.php?fc=6&tf=1&ef=1&afx=0&mfx=0&raw=on', '2014-04-14 12:04:18', '172.20.0.22'),
(984, 'report.discrete', 0, '/discrete.php?fc=1&tf=1&ef=1&afx=0&mfx=0&raw=on', '2014-04-14 12:05:05', '172.20.0.22'),
(985, 'report.discrete', 0, '/discrete.php?fc=2&tf=1&ef=0&afx=0&mfx=0&raw=on', '2014-04-14 12:05:05', '172.20.0.22'),
(986, 'report.discrete', 0, '/discrete.php?fc=3&tf=1&ef=1&afx=0&mfx=0&raw=on', '2014-04-14 12:05:05', '172.20.0.22'),
(987, 'report.discrete', 0, '/discrete.php?fc=4&tf=1&ef=1&afx=0&mfx=0&raw=on', '2014-04-14 12:05:05', '172.20.0.22'),
(988, 'report.discrete', 0, '/discrete.php?fc=5&tf=1&ef=1&afx=0&mfx=0&raw=on', '2014-04-14 12:05:05', '172.20.0.22'),
(989, 'report.discrete', 0, '/discrete.php?fc=6&tf=1&ef=1&afx=0&mfx=0&raw=on', '2014-04-14 12:05:05', '172.20.0.22'),
(990, 'report.discrete', 0, '/discrete.php?fc=1&tf=1&ef=1&afx=0&mfx=0&raw=on', '2014-04-14 12:05:23', '172.20.0.22'),
(991, 'report.discrete', 0, '/discrete.php?fc=2&tf=1&ef=0&afx=0&mfx=0&raw=on', '2014-04-14 12:05:23', '172.20.0.22'),
(992, 'report.discrete', 0, '/discrete.php?fc=3&tf=1&ef=1&afx=0&mfx=0&raw=on', '2014-04-14 12:05:23', '172.20.0.22'),
(993, 'report.discrete', 0, '/discrete.php?fc=4&tf=1&ef=1&afx=0&mfx=0&raw=on', '2014-04-14 12:05:23', '172.20.0.22'),
(994, 'report.discrete', 0, '/discrete.php?fc=5&tf=1&ef=1&afx=0&mfx=0&raw=on', '2014-04-14 12:05:23', '172.20.0.22'),
(995, 'report.discrete', 0, '/discrete.php?fc=6&tf=1&ef=1&afx=0&mfx=0&raw=on', '2014-04-14 12:05:23', '172.20.0.22'),
(996, 'report.discrete', 0, '/discrete.php?fc=1&tf=1&ef=1&afx=0&mfx=0&raw=on', '2014-04-14 12:09:18', '172.20.0.22'),
(997, 'report.discrete', 0, '/discrete.php?fc=2&tf=1&ef=0&afx=0&mfx=0&raw=on', '2014-04-14 12:09:18', '172.20.0.22'),
(998, 'report.discrete', 0, '/discrete.php?fc=3&tf=1&ef=1&afx=0&mfx=0&raw=on', '2014-04-14 12:09:18', '172.20.0.22'),
(999, 'report.discrete', 0, '/discrete.php?fc=4&tf=1&ef=1&afx=0&mfx=0&raw=on', '2014-04-14 12:09:18', '172.20.0.22'),
(1000, 'report.discrete', 0, '/discrete.php?fc=5&tf=1&ef=1&afx=0&mfx=0&raw=on', '2014-04-14 12:09:18', '172.20.0.22'),
(1001, 'report.discrete', 0, '/discrete.php?fc=6&tf=1&ef=1&afx=0&mfx=0&raw=on', '2014-04-14 12:09:18', '172.20.0.22'),
(1002, 'report.discrete', 0, '/discrete.php?fc=1&tf=1&ef=1&afx=0&mfx=0&raw=on', '2014-04-14 12:09:45', '172.20.0.22'),
(1003, 'report.discrete', 0, '/discrete.php?fc=2&tf=1&ef=0&afx=0&mfx=0&raw=on', '2014-04-14 12:09:45', '172.20.0.22'),
(1004, 'report.discrete', 0, '/discrete.php?fc=3&tf=1&ef=1&afx=0&mfx=0&raw=on', '2014-04-14 12:09:45', '172.20.0.22'),
(1005, 'report.discrete', 0, '/discrete.php?fc=4&tf=1&ef=1&afx=0&mfx=0&raw=on', '2014-04-14 12:09:45', '172.20.0.22'),
(1006, 'report.discrete', 0, '/discrete.php?fc=5&tf=1&ef=1&afx=0&mfx=0&raw=on', '2014-04-14 12:09:45', '172.20.0.22'),
(1007, 'report.discrete', 0, '/discrete.php?fc=6&tf=1&ef=1&afx=0&mfx=0&raw=on', '2014-04-14 12:09:45', '172.20.0.22'),
(1008, 'index', 1, '/', '2014-04-14 13:48:24', '10.1.0.184'),
(1009, 'control', 1, '/control.php', '2014-04-14 13:48:28', '10.1.0.184'),
(1010, 'index', 1, '/cron_config.php', '2014-04-14 13:48:30', '10.1.0.184'),
(1011, 'index', 1, '/cron_config.php?act=add&date=2014-04-14&time=13&fields=budget', '2014-04-14 13:48:42', '10.1.0.184'),
(1012, 'report.discrete', 0, '/discrete.php?fc=1&tf=1&ef=1&afx=0&mfx=0&raw=on', '2014-04-14 13:48:51', '172.20.0.22'),
(1013, 'report.discrete', 0, '/discrete.php?fc=2&tf=1&ef=0&afx=0&mfx=0&raw=on', '2014-04-14 13:48:51', '172.20.0.22'),
(1014, 'report.discrete', 0, '/discrete.php?fc=3&tf=1&ef=1&afx=0&mfx=0&raw=on', '2014-04-14 13:48:51', '172.20.0.22'),
(1015, 'report.discrete', 0, '/discrete.php?fc=4&tf=1&ef=1&afx=0&mfx=0&raw=on', '2014-04-14 13:48:51', '172.20.0.22'),
(1016, 'report.discrete', 0, '/discrete.php?fc=5&tf=1&ef=1&afx=0&mfx=0&raw=on', '2014-04-14 13:48:51', '172.20.0.22'),
(1017, 'report.discrete', 0, '/discrete.php?fc=6&tf=1&ef=1&afx=0&mfx=0&raw=on', '2014-04-14 13:48:51', '172.20.0.22'),
(1018, 'index', 1, '/cron_config.php?act=add&date=2014-04-14&time=14&fields=budget', '2014-04-14 13:57:28', '10.1.0.184'),
(1019, 'report.discrete', 0, '/discrete.php?fc=1&tf=1&ef=1&afx=0&mfx=0&raw=on', '2014-04-14 14:01:06', '172.20.0.22'),
(1020, 'report.discrete', 0, '/discrete.php?fc=2&tf=1&ef=0&afx=0&mfx=0&raw=on', '2014-04-14 14:01:06', '172.20.0.22'),
(1021, 'report.discrete', 0, '/discrete.php?fc=3&tf=1&ef=1&afx=0&mfx=0&raw=on', '2014-04-14 14:01:06', '172.20.0.22'),
(1022, 'report.discrete', 0, '/discrete.php?fc=4&tf=1&ef=1&afx=0&mfx=0&raw=on', '2014-04-14 14:01:06', '172.20.0.22'),
(1023, 'report.discrete', 0, '/discrete.php?fc=5&tf=1&ef=1&afx=0&mfx=0&raw=on', '2014-04-14 14:01:06', '172.20.0.22'),
(1024, 'report.discrete', 0, '/discrete.php?fc=6&tf=1&ef=1&afx=0&mfx=0&raw=on', '2014-04-14 14:01:06', '172.20.0.22'),
(1025, 'index', 1, '/cron_config.php?act=add&date=2014-04-14&time=14&fields=budget', '2014-04-14 14:11:17', '10.1.0.184'),
(1026, 'report.discrete', 0, '/discrete.php?fc=1&tf=1&ef=1&afx=0&mfx=0&raw=on', '2014-04-14 14:13:45', '172.20.0.22'),
(1027, 'report.discrete', 0, '/discrete.php?fc=2&tf=1&ef=0&afx=0&mfx=0&raw=on', '2014-04-14 14:13:45', '172.20.0.22'),
(1028, 'report.discrete', 0, '/discrete.php?fc=3&tf=1&ef=1&afx=0&mfx=0&raw=on', '2014-04-14 14:13:45', '172.20.0.22'),
(1029, 'report.discrete', 0, '/discrete.php?fc=4&tf=1&ef=1&afx=0&mfx=0&raw=on', '2014-04-14 14:13:45', '172.20.0.22'),
(1030, 'report.discrete', 0, '/discrete.php?fc=5&tf=1&ef=1&afx=0&mfx=0&raw=on', '2014-04-14 14:13:45', '172.20.0.22'),
(1031, 'report.discrete', 0, '/discrete.php?fc=6&tf=1&ef=1&afx=0&mfx=0&raw=on', '2014-04-14 14:13:45', '172.20.0.22'),
(1032, 'report.discrete', 0, '/discrete.php?fc=1&tf=1&ef=1&afx=0&mfx=0&raw=on', '2014-04-14 14:14:09', '172.20.0.22'),
(1033, 'report.discrete', 0, '/discrete.php?fc=2&tf=1&ef=0&afx=0&mfx=0&raw=on', '2014-04-14 14:14:09', '172.20.0.22'),
(1034, 'report.discrete', 0, '/discrete.php?fc=3&tf=1&ef=1&afx=0&mfx=0&raw=on', '2014-04-14 14:14:09', '172.20.0.22'),
(1035, 'report.discrete', 0, '/discrete.php?fc=4&tf=1&ef=1&afx=0&mfx=0&raw=on', '2014-04-14 14:14:09', '172.20.0.22'),
(1036, 'report.discrete', 0, '/discrete.php?fc=5&tf=1&ef=1&afx=0&mfx=0&raw=on', '2014-04-14 14:14:09', '172.20.0.22'),
(1037, 'report.discrete', 0, '/discrete.php?fc=6&tf=1&ef=1&afx=0&mfx=0&raw=on', '2014-04-14 14:14:09', '172.20.0.22'),
(1038, 'report.discrete', 0, '/discrete.php?fc=1&tf=1&ef=1&afx=0&mfx=0&raw=on', '2014-04-14 14:15:36', '172.20.0.22'),
(1039, 'report.discrete', 0, '/discrete.php?fc=2&tf=1&ef=0&afx=0&mfx=0&raw=on', '2014-04-14 14:15:36', '172.20.0.22'),
(1040, 'report.discrete', 0, '/discrete.php?fc=3&tf=1&ef=1&afx=0&mfx=0&raw=on', '2014-04-14 14:15:36', '172.20.0.22'),
(1041, 'report.discrete', 0, '/discrete.php?fc=4&tf=1&ef=1&afx=0&mfx=0&raw=on', '2014-04-14 14:15:36', '172.20.0.22'),
(1042, 'report.discrete', 0, '/discrete.php?fc=5&tf=1&ef=1&afx=0&mfx=0&raw=on', '2014-04-14 14:15:36', '172.20.0.22'),
(1043, 'report.discrete', 0, '/discrete.php?fc=6&tf=1&ef=1&afx=0&mfx=0&raw=on', '2014-04-14 14:15:36', '172.20.0.22'),
(1044, 'index', 1, '/', '2014-04-14 15:16:47', '10.1.0.184'),
(1045, 'report.discrete', 1, '/discrete.php', '2014-04-14 15:16:50', '10.1.0.184'),
(1046, 'report.discrete', 1, '/discrete_paid.php', '2014-04-14 15:16:55', '10.1.0.184'),
(1047, 'report.discrete', 1, '/discrete_paid.php?fc=0&tf=0&afx=5&mfx=0', '2014-04-14 15:17:01', '10.1.0.184'),
(1048, 'report.discrete', 1, '/discrete_paid.php?fc=0&tf=0&afx=5&mfx=1', '2014-04-14 15:17:04', '10.1.0.184'),
(1049, 'report.discrete', 1, '/discrete_paid.php', '2014-04-14 15:17:06', '10.1.0.184'),
(1050, 'report.discrete', 1, '/discrete.php', '2014-04-14 15:17:07', '10.1.0.184'),
(1051, 'person.rakeup', 1, '/rakeup.php', '2014-04-14 15:25:17', '10.1.0.184'),
(1052, 'person.search', 1, '/search.php', '2014-04-14 15:25:18', '10.1.0.184'),
(1053, 'person.search', 1, '/search.php', '2014-04-14 15:25:40', '10.1.0.184'),
(1054, 'person.search', 1, '/search.php', '2014-04-14 15:25:42', '10.1.0.184'),
(1055, 'person.search', 1, '/search.php', '2014-04-14 15:25:53', '10.1.0.184'),
(1056, 'person.groupmake', 1, '/groupmake.php', '2014-04-14 15:26:03', '10.1.0.184'),
(1057, 'person.search', 1, '/search.php', '2014-04-14 15:26:17', '10.1.0.184'),
(1058, 'person.search', 1, '/search.php', '2014-04-14 15:26:37', '10.1.0.184'),
(1059, 'person.groupmake', 1, '/groupmake.php', '2014-04-14 15:26:46', '10.1.0.184'),
(1060, 'person.groupmake', 1, '/groupmake.php', '2014-04-14 15:26:49', '10.1.0.184'),
(1061, 'index', 1, '/index.php', '2014-04-14 15:26:49', '10.1.0.184'),
(1062, 'person.search', 1, '/search.php', '2014-04-14 15:26:54', '10.1.0.184'),
(1063, 'person.search', 1, '/search.php', '2014-04-14 15:27:05', '10.1.0.184'),
(1064, 'person.rakeup', 1, '/rakeup.php', '2014-04-14 15:27:09', '10.1.0.184'),
(1065, 'person.search', 1, '/search.php', '2014-04-14 15:27:11', '10.1.0.184'),
(1066, 'report.ball', 1, '/freebig.php', '2014-04-14 15:27:21', '10.1.0.184'),
(1067, 'person.search', 1, '/search.php', '2014-04-14 15:28:16', '10.1.0.184'),
(1068, 'person.search', 1, '/search.php', '2014-04-14 15:29:31', '10.1.0.184'),
(1069, 'report.ball', 1, '/paidball.php', '2014-04-14 15:29:42', '10.1.0.184'),
(1070, 'person.rakeup', 1, '/rakeup.php', '2014-04-14 15:33:01', '10.1.0.184'),
(1071, 'person.view', 1, '/view.php?id=3', '2014-04-14 15:33:04', '10.1.0.184'),
(1072, 'person.close', 1, '/close.php?id=3', '2014-04-14 15:33:27', '10.1.0.184'),
(1073, 'person.close', 1, '/close.php?id=3', '2014-04-14 15:33:34', '10.1.0.184'),
(1074, 'debug', 1, '/debug.php', '2014-04-14 15:33:48', '10.1.0.184'),
(1075, 'debug', 1, '/debug.php', '2014-04-14 15:33:49', '10.1.0.184'),
(1076, 'control', 1, '/control.php', '2014-04-14 15:33:49', '10.1.0.184'),
(1077, 'report.discrete', 1, '/manualfixation.php', '2014-04-14 15:33:54', '10.1.0.184'),
(1078, 'control', 1, '/control.php', '2014-04-14 15:33:59', '10.1.0.184'),
(1079, 'report.ball', 1, '/paidball.php', '2014-04-14 15:34:02', '10.1.0.184'),
(1080, 'control', 1, '/control.php', '2014-04-14 15:35:05', '10.1.0.184'),
(1081, 'index', 1, '/cron_config.php', '2014-04-14 15:35:08', '10.1.0.184'),
(1082, 'control', 1, '/control.php', '2014-04-14 15:35:17', '10.1.0.184'),
(1083, 'report.analog', 1, '/analog_raw.php', '2014-04-14 15:35:19', '10.1.0.184'),
(1084, 'person.search', 1, '/search.php', '2014-04-14 15:37:20', '10.1.0.184'),
(1085, 'person.search', 1, '/search.php', '2014-04-14 15:37:37', '10.1.0.184'),
(1086, 'person.search', 1, '/search.php', '2014-04-14 15:37:39', '10.1.0.184'),
(1087, 'person.search', 1, '/search.php', '2014-04-14 15:37:57', '10.1.0.184'),
(1088, 'person.export', 1, '/fields.new.php', '2014-04-14 15:38:15', '10.1.0.184'),
(1089, 'person.export', 1, '/fields.new.php', '2014-04-14 15:38:46', '10.1.0.184'),
(1090, 'person.export', 1, '/export.php?fields=faculty|edu_form|target|total|state_id|delo_name|target_type|target_cell|surname|name|midname', '2014-04-14 15:38:46', '10.1.0.184'),
(1091, 'person.export', 1, '/fields.new.php', '2014-04-14 15:39:31', '10.1.0.184'),
(1092, 'person.export', 1, '/export.php?fields=faculty|edu_form|target|total|state_id|delo_name|target_type|target_cell|surname|name|midname', '2014-04-14 15:39:31', '10.1.0.184'),
(1093, 'person.view', 1, '/view.php?id=3', '2014-04-14 15:39:59', '10.1.0.184'),
(1094, 'person.change', 1, '/change.php?id=3', '2014-04-14 15:40:01', '10.1.0.184'),
(1095, 'person.close', 1, '/close.php?id=3', '2014-04-14 15:40:22', '10.1.0.184'),
(1096, 'person.close', 1, '/close.php?id=3', '2014-04-14 15:40:26', '10.1.0.184'),
(1097, 'person.move', 1, '/move.php?id=3', '2014-04-14 15:40:26', '10.1.0.184'),
(1098, 'person.move', 1, '/move.php?id=3', '2014-04-14 15:40:32', '10.1.0.184'),
(1099, 'person.view', 1, '/view.php?id=7', '2014-04-14 15:40:32', '10.1.0.184'),
(1100, 'person.close', 1, '/close.php?id=7', '2014-04-14 15:41:03', '10.1.0.184'),
(1101, 'debug', 1, '/debug.php', '2014-04-14 15:53:10', '10.1.0.184'),
(1102, 'plug-abby', 1, '/plug-abby.php', '2014-04-14 15:53:14', '10.1.0.184'),
(1103, 'debug', 1, '/debug.php', '2014-04-14 15:53:31', '10.1.0.184'),
(1104, 'plug-abby', 1, '/plug-abby.php', '2014-04-14 15:53:33', '10.1.0.184'),
(1105, 'index', 1, '/', '2014-04-14 15:59:53', '10.1.0.184'),
(1106, 'control', 1, '/control.php', '2014-04-14 15:59:55', '10.1.0.184'),
(1107, 'control.settings', 1, '/settings.php', '2014-04-14 16:00:10', '10.1.0.184'),
(1108, 'debug', 1, '/debug.php', '2014-04-14 16:00:57', '10.1.0.184'),
(1109, 'plug-abby', 1, '/plug-abby.php', '2014-04-14 16:00:59', '10.1.0.184'),
(1110, 'plug-abby', 1, '/plug-abby.php?fc=1&tf=0&afx=0&mfx=0', '2014-04-14 16:20:09', '10.1.0.184'),
(1111, 'control', 1, '/control.php', '2014-04-15 10:23:25', '10.1.0.184'),
(1112, 'index', 1, '/cron_config.php', '2014-04-15 10:23:29', '10.1.0.184'),
(1113, 'index', 1, '/cron_config.php?act=add&date=2014-04-15&time=10&fields=budget', '2014-04-15 10:23:45', '10.1.0.184'),
(1114, 'index', 1, '/cron_config.php', '2014-04-15 10:23:51', '10.1.0.184'),
(1115, 'control', 1, '/control.php', '2014-04-15 10:23:52', '10.1.0.184'),
(1116, 'report.discrete', 0, '/discrete.php?fc=1&tf=1&ef=1&afx=0&mfx=0&raw=on', '2014-04-15 10:25:37', '172.20.0.22'),
(1117, 'report.discrete', 0, '/discrete.php?fc=2&tf=1&ef=0&afx=0&mfx=0&raw=on', '2014-04-15 10:25:37', '172.20.0.22'),
(1118, 'report.discrete', 0, '/discrete.php?fc=3&tf=1&ef=1&afx=0&mfx=0&raw=on', '2014-04-15 10:25:37', '172.20.0.22'),
(1119, 'report.discrete', 0, '/discrete.php?fc=4&tf=1&ef=1&afx=0&mfx=0&raw=on', '2014-04-15 10:25:37', '172.20.0.22'),
(1120, 'report.discrete', 0, '/discrete.php?fc=5&tf=1&ef=1&afx=0&mfx=0&raw=on', '2014-04-15 10:25:37', '172.20.0.22'),
(1121, 'report.discrete', 0, '/discrete.php?fc=6&tf=1&ef=1&afx=0&mfx=0&raw=on', '2014-04-15 10:25:37', '172.20.0.22'),
(1122, 'report.discrete', 0, '/discrete_paid.php?fc=0&tf=0&afx=0&mfx=0&raw=on', '2014-04-15 10:25:37', '172.20.0.22'),
(1123, 'report.discrete', 0, '/discrete.php?fc=1&tf=1&ef=1&afx=0&mfx=0&raw=on', '2014-04-15 10:29:55', '172.20.0.22'),
(1124, 'report.discrete', 0, '/discrete.php?fc=2&tf=1&ef=0&afx=0&mfx=0&raw=on', '2014-04-15 10:29:55', '172.20.0.22'),
(1125, 'report.discrete', 0, '/discrete.php?fc=3&tf=1&ef=1&afx=0&mfx=0&raw=on', '2014-04-15 10:29:55', '172.20.0.22'),
(1126, 'report.discrete', 0, '/discrete.php?fc=4&tf=1&ef=1&afx=0&mfx=0&raw=on', '2014-04-15 10:29:55', '172.20.0.22'),
(1127, 'report.discrete', 0, '/discrete.php?fc=5&tf=1&ef=1&afx=0&mfx=0&raw=on', '2014-04-15 10:29:55', '172.20.0.22'),
(1128, 'report.discrete', 0, '/discrete.php?fc=6&tf=1&ef=1&afx=0&mfx=0&raw=on', '2014-04-15 10:29:55', '172.20.0.22'),
(1129, 'report.discrete', 0, '/discrete_paid.php?fc=0&tf=0&afx=0&mfx=0&raw=on', '2014-04-15 10:29:55', '172.20.0.22'),
(1130, 'report.discrete', 0, '/discrete.php?fc=1&tf=1&ef=1&afx=0&mfx=0&raw=on', '2014-04-15 10:31:43', '172.20.0.22'),
(1131, 'report.discrete', 0, '/discrete.php?fc=2&tf=1&ef=0&afx=0&mfx=0&raw=on', '2014-04-15 10:31:43', '172.20.0.22'),
(1132, 'report.discrete', 0, '/discrete.php?fc=3&tf=1&ef=1&afx=0&mfx=0&raw=on', '2014-04-15 10:31:43', '172.20.0.22'),
(1133, 'report.discrete', 0, '/discrete.php?fc=4&tf=1&ef=1&afx=0&mfx=0&raw=on', '2014-04-15 10:31:43', '172.20.0.22'),
(1134, 'report.discrete', 0, '/discrete.php?fc=5&tf=1&ef=1&afx=0&mfx=0&raw=on', '2014-04-15 10:31:43', '172.20.0.22'),
(1135, 'report.discrete', 0, '/discrete.php?fc=6&tf=1&ef=1&afx=0&mfx=0&raw=on', '2014-04-15 10:31:43', '172.20.0.22'),
(1136, 'report.discrete', 0, '/discrete_paid.php?fc=0&tf=0&afx=0&mfx=0&raw=on', '2014-04-15 10:31:43', '172.20.0.22'),
(1137, 'report.discrete', 0, '/discrete.php?fc=1&tf=1&ef=1&afx=0&mfx=0&raw=on', '2014-04-15 10:32:36', '172.20.0.22'),
(1138, 'report.discrete', 0, '/discrete.php?fc=2&tf=1&ef=0&afx=0&mfx=0&raw=on', '2014-04-15 10:32:36', '172.20.0.22'),
(1139, 'report.discrete', 0, '/discrete.php?fc=3&tf=1&ef=1&afx=0&mfx=0&raw=on', '2014-04-15 10:32:36', '172.20.0.22'),
(1140, 'report.discrete', 0, '/discrete.php?fc=4&tf=1&ef=1&afx=0&mfx=0&raw=on', '2014-04-15 10:32:36', '172.20.0.22'),
(1141, 'report.discrete', 0, '/discrete.php?fc=5&tf=1&ef=1&afx=0&mfx=0&raw=on', '2014-04-15 10:32:36', '172.20.0.22'),
(1142, 'report.discrete', 0, '/discrete.php?fc=6&tf=1&ef=1&afx=0&mfx=0&raw=on', '2014-04-15 10:32:37', '172.20.0.22'),
(1143, 'report.discrete', 0, '/discrete_paid.php?fc=0&tf=0&afx=0&mfx=0&raw=on', '2014-04-15 10:32:37', '172.20.0.22'),
(1144, 'report.discrete', 0, '/discrete.php?fc=1&tf=1&ef=1&afx=0&mfx=0&raw=on', '2014-04-15 10:33:55', '172.20.0.22'),
(1145, 'report.discrete', 0, '/discrete.php?fc=2&tf=1&ef=0&afx=0&mfx=0&raw=on', '2014-04-15 10:33:56', '172.20.0.22'),
(1146, 'report.discrete', 0, '/discrete.php?fc=3&tf=1&ef=1&afx=0&mfx=0&raw=on', '2014-04-15 10:33:56', '172.20.0.22'),
(1147, 'report.discrete', 0, '/discrete.php?fc=4&tf=1&ef=1&afx=0&mfx=0&raw=on', '2014-04-15 10:33:56', '172.20.0.22'),
(1148, 'report.discrete', 0, '/discrete.php?fc=5&tf=1&ef=1&afx=0&mfx=0&raw=on', '2014-04-15 10:33:56', '172.20.0.22'),
(1149, 'report.discrete', 0, '/discrete.php?fc=6&tf=1&ef=1&afx=0&mfx=0&raw=on', '2014-04-15 10:33:56', '172.20.0.22'),
(1150, 'report.discrete', 0, '/discrete_paid.php?fc=0&tf=0&afx=0&mfx=0&raw=on', '2014-04-15 10:33:56', '172.20.0.22'),
(1151, 'report.discrete', 0, '/discrete.php?fc=1&tf=1&ef=1&afx=0&mfx=0&raw=on', '2014-04-15 10:34:46', '172.20.0.22'),
(1152, 'report.discrete', 0, '/discrete.php?fc=2&tf=1&ef=0&afx=0&mfx=0&raw=on', '2014-04-15 10:34:46', '172.20.0.22'),
(1153, 'report.discrete', 0, '/discrete.php?fc=3&tf=1&ef=1&afx=0&mfx=0&raw=on', '2014-04-15 10:34:46', '172.20.0.22'),
(1154, 'report.discrete', 0, '/discrete.php?fc=4&tf=1&ef=1&afx=0&mfx=0&raw=on', '2014-04-15 10:34:46', '172.20.0.22'),
(1155, 'report.discrete', 0, '/discrete.php?fc=5&tf=1&ef=1&afx=0&mfx=0&raw=on', '2014-04-15 10:34:46', '172.20.0.22'),
(1156, 'report.discrete', 0, '/discrete.php?fc=6&tf=1&ef=1&afx=0&mfx=0&raw=on', '2014-04-15 10:34:46', '172.20.0.22'),
(1157, 'report.discrete', 0, '/discrete_paid.php?fc=0&tf=0&afx=0&mfx=0&raw=on', '2014-04-15 10:34:46', '172.20.0.22'),
(1158, 'report.discrete', 0, '/discrete.php?fc=1&tf=1&ef=1&afx=0&mfx=0&raw=on', '2014-04-15 10:35:46', '172.20.0.22'),
(1159, 'report.discrete', 0, '/discrete.php?fc=2&tf=1&ef=0&afx=0&mfx=0&raw=on', '2014-04-15 10:35:46', '172.20.0.22'),
(1160, 'report.discrete', 0, '/discrete.php?fc=3&tf=1&ef=1&afx=0&mfx=0&raw=on', '2014-04-15 10:35:46', '172.20.0.22'),
(1161, 'report.discrete', 0, '/discrete.php?fc=4&tf=1&ef=1&afx=0&mfx=0&raw=on', '2014-04-15 10:35:46', '172.20.0.22'),
(1162, 'report.discrete', 0, '/discrete.php?fc=5&tf=1&ef=1&afx=0&mfx=0&raw=on', '2014-04-15 10:35:46', '172.20.0.22'),
(1163, 'report.discrete', 0, '/discrete.php?fc=6&tf=1&ef=1&afx=0&mfx=0&raw=on', '2014-04-15 10:35:46', '172.20.0.22'),
(1164, 'report.discrete', 0, '/discrete_paid.php?fc=0&tf=0&afx=0&mfx=0&raw=on', '2014-04-15 10:35:46', '172.20.0.22'),
(1165, 'report.discrete', 0, '/discrete.php?fc=1&tf=1&ef=1&afx=0&mfx=0&raw=on', '2014-04-15 10:36:26', '172.20.0.22'),
(1166, 'report.discrete', 0, '/discrete.php?fc=2&tf=1&ef=0&afx=0&mfx=0&raw=on', '2014-04-15 10:36:26', '172.20.0.22'),
(1167, 'report.discrete', 0, '/discrete.php?fc=3&tf=1&ef=1&afx=0&mfx=0&raw=on', '2014-04-15 10:36:26', '172.20.0.22'),
(1168, 'report.discrete', 0, '/discrete.php?fc=4&tf=1&ef=1&afx=0&mfx=0&raw=on', '2014-04-15 10:36:26', '172.20.0.22'),
(1169, 'report.discrete', 0, '/discrete.php?fc=5&tf=1&ef=1&afx=0&mfx=0&raw=on', '2014-04-15 10:36:26', '172.20.0.22'),
(1170, 'report.discrete', 0, '/discrete.php?fc=6&tf=1&ef=1&afx=0&mfx=0&raw=on', '2014-04-15 10:36:26', '172.20.0.22'),
(1171, 'report.discrete', 0, '/discrete_paid.php?fc=0&tf=0&afx=0&mfx=0&raw=on', '2014-04-15 10:36:26', '172.20.0.22'),
(1172, 'report.discrete', 0, '/discrete.php?fc=1&tf=1&ef=1&afx=0&mfx=0&raw=on', '2014-04-15 10:45:57', '172.20.0.22'),
(1173, 'report.discrete', 0, '/discrete.php?fc=2&tf=1&ef=0&afx=0&mfx=0&raw=on', '2014-04-15 10:45:57', '172.20.0.22'),
(1174, 'report.discrete', 0, '/discrete.php?fc=3&tf=1&ef=1&afx=0&mfx=0&raw=on', '2014-04-15 10:45:57', '172.20.0.22'),
(1175, 'report.discrete', 0, '/discrete.php?fc=4&tf=1&ef=1&afx=0&mfx=0&raw=on', '2014-04-15 10:45:57', '172.20.0.22'),
(1176, 'report.discrete', 0, '/discrete.php?fc=5&tf=1&ef=1&afx=0&mfx=0&raw=on', '2014-04-15 10:45:57', '172.20.0.22'),
(1177, 'report.discrete', 0, '/discrete.php?fc=6&tf=1&ef=1&afx=0&mfx=0&raw=on', '2014-04-15 10:45:57', '172.20.0.22'),
(1178, 'report.discrete', 0, '/discrete_paid.php?fc=0&tf=0&afx=0&mfx=0&raw=on', '2014-04-15 10:45:57', '172.20.0.22'),
(1179, 'report.discrete', 0, '/discrete.php?fc=1&tf=1&ef=1&afx=0&mfx=0&raw=on', '2014-04-15 10:47:00', '172.20.0.22'),
(1180, 'report.discrete', 0, '/discrete.php?fc=2&tf=1&ef=0&afx=0&mfx=0&raw=on', '2014-04-15 10:47:00', '172.20.0.22'),
(1181, 'report.discrete', 0, '/discrete.php?fc=3&tf=1&ef=1&afx=0&mfx=0&raw=on', '2014-04-15 10:47:00', '172.20.0.22'),
(1182, 'report.discrete', 0, '/discrete.php?fc=4&tf=1&ef=1&afx=0&mfx=0&raw=on', '2014-04-15 10:47:00', '172.20.0.22'),
(1183, 'report.discrete', 0, '/discrete.php?fc=5&tf=1&ef=1&afx=0&mfx=0&raw=on', '2014-04-15 10:47:00', '172.20.0.22'),
(1184, 'report.discrete', 0, '/discrete.php?fc=6&tf=1&ef=1&afx=0&mfx=0&raw=on', '2014-04-15 10:47:00', '172.20.0.22'),
(1185, 'report.discrete', 0, '/discrete_paid.php?fc=0&tf=0&afx=0&mfx=0&raw=on', '2014-04-15 10:47:00', '172.20.0.22'),
(1186, 'report.discrete', 0, '/discrete.php?fc=1&tf=1&ef=1&afx=0&mfx=0&raw=on', '2014-04-15 10:48:58', '172.20.0.22'),
(1187, 'report.discrete', 0, '/discrete.php?fc=2&tf=1&ef=0&afx=0&mfx=0&raw=on', '2014-04-15 10:48:58', '172.20.0.22'),
(1188, 'report.discrete', 0, '/discrete.php?fc=3&tf=1&ef=1&afx=0&mfx=0&raw=on', '2014-04-15 10:48:58', '172.20.0.22'),
(1189, 'report.discrete', 0, '/discrete.php?fc=4&tf=1&ef=1&afx=0&mfx=0&raw=on', '2014-04-15 10:48:58', '172.20.0.22'),
(1190, 'report.discrete', 0, '/discrete.php?fc=5&tf=1&ef=1&afx=0&mfx=0&raw=on', '2014-04-15 10:48:58', '172.20.0.22'),
(1191, 'report.discrete', 0, '/discrete.php?fc=6&tf=1&ef=1&afx=0&mfx=0&raw=on', '2014-04-15 10:48:58', '172.20.0.22'),
(1192, 'report.discrete', 0, '/discrete_paid.php?fc=0&tf=0&afx=0&mfx=0&raw=on', '2014-04-15 10:48:58', '172.20.0.22'),
(1193, 'report.discrete', 0, '/discrete.php?fc=1&tf=1&ef=1&afx=0&mfx=0&raw=on', '2014-04-15 10:49:28', '172.20.0.22'),
(1194, 'report.discrete', 0, '/discrete.php?fc=2&tf=1&ef=0&afx=0&mfx=0&raw=on', '2014-04-15 10:49:29', '172.20.0.22'),
(1195, 'report.discrete', 0, '/discrete.php?fc=3&tf=1&ef=1&afx=0&mfx=0&raw=on', '2014-04-15 10:49:29', '172.20.0.22'),
(1196, 'report.discrete', 0, '/discrete.php?fc=4&tf=1&ef=1&afx=0&mfx=0&raw=on', '2014-04-15 10:49:29', '172.20.0.22'),
(1197, 'report.discrete', 0, '/discrete.php?fc=5&tf=1&ef=1&afx=0&mfx=0&raw=on', '2014-04-15 10:49:29', '172.20.0.22'),
(1198, 'report.discrete', 0, '/discrete.php?fc=6&tf=1&ef=1&afx=0&mfx=0&raw=on', '2014-04-15 10:49:29', '172.20.0.22'),
(1199, 'report.discrete', 0, '/discrete_paid.php?fc=0&tf=0&afx=0&mfx=0&raw=on', '2014-04-15 10:49:29', '172.20.0.22'),
(1200, 'report.discrete', 0, '/discrete.php?fc=1&tf=1&ef=1&afx=0&mfx=0&raw=on', '2014-04-15 10:50:20', '172.20.0.22'),
(1201, 'report.discrete', 0, '/discrete.php?fc=2&tf=1&ef=0&afx=0&mfx=0&raw=on', '2014-04-15 10:50:20', '172.20.0.22'),
(1202, 'report.discrete', 0, '/discrete.php?fc=3&tf=1&ef=1&afx=0&mfx=0&raw=on', '2014-04-15 10:50:20', '172.20.0.22'),
(1203, 'report.discrete', 0, '/discrete.php?fc=4&tf=1&ef=1&afx=0&mfx=0&raw=on', '2014-04-15 10:50:20', '172.20.0.22'),
(1204, 'report.discrete', 0, '/discrete.php?fc=5&tf=1&ef=1&afx=0&mfx=0&raw=on', '2014-04-15 10:50:20', '172.20.0.22'),
(1205, 'report.discrete', 0, '/discrete.php?fc=6&tf=1&ef=1&afx=0&mfx=0&raw=on', '2014-04-15 10:50:20', '172.20.0.22'),
(1206, 'report.discrete', 0, '/discrete_paid.php?fc=0&tf=0&afx=0&mfx=0&raw=on', '2014-04-15 10:50:20', '172.20.0.22'),
(1207, 'report.discrete', 0, '/discrete.php?fc=1&tf=1&ef=1&afx=0&mfx=0&raw=on', '2014-04-15 10:50:42', '172.20.0.22'),
(1208, 'report.discrete', 0, '/discrete.php?fc=2&tf=1&ef=0&afx=0&mfx=0&raw=on', '2014-04-15 10:50:42', '172.20.0.22'),
(1209, 'report.discrete', 0, '/discrete.php?fc=3&tf=1&ef=1&afx=0&mfx=0&raw=on', '2014-04-15 10:50:42', '172.20.0.22'),
(1210, 'report.discrete', 0, '/discrete.php?fc=4&tf=1&ef=1&afx=0&mfx=0&raw=on', '2014-04-15 10:50:42', '172.20.0.22'),
(1211, 'report.discrete', 0, '/discrete.php?fc=5&tf=1&ef=1&afx=0&mfx=0&raw=on', '2014-04-15 10:50:42', '172.20.0.22'),
(1212, 'report.discrete', 0, '/discrete.php?fc=6&tf=1&ef=1&afx=0&mfx=0&raw=on', '2014-04-15 10:50:42', '172.20.0.22'),
(1213, 'report.discrete', 0, '/discrete_paid.php?fc=0&tf=0&afx=0&mfx=0&raw=on', '2014-04-15 10:50:42', '172.20.0.22'),
(1214, 'report.discrete', 0, '/discrete.php?fc=1&tf=1&ef=1&afx=0&mfx=0&raw=on', '2014-04-15 10:58:05', '172.20.0.22'),
(1215, 'report.discrete', 0, '/discrete.php?fc=2&tf=1&ef=0&afx=0&mfx=0&raw=on', '2014-04-15 10:58:05', '172.20.0.22'),
(1216, 'report.discrete', 0, '/discrete.php?fc=3&tf=1&ef=1&afx=0&mfx=0&raw=on', '2014-04-15 10:58:05', '172.20.0.22'),
(1217, 'report.discrete', 0, '/discrete.php?fc=4&tf=1&ef=1&afx=0&mfx=0&raw=on', '2014-04-15 10:58:05', '172.20.0.22'),
(1218, 'report.discrete', 0, '/discrete.php?fc=5&tf=1&ef=1&afx=0&mfx=0&raw=on', '2014-04-15 10:58:05', '172.20.0.22'),
(1219, 'report.discrete', 0, '/discrete.php?fc=6&tf=1&ef=1&afx=0&mfx=0&raw=on', '2014-04-15 10:58:05', '172.20.0.22'),
(1220, 'report.discrete', 0, '/discrete_paid.php?fc=0&tf=0&afx=0&mfx=0&raw=on', '2014-04-15 10:58:05', '172.20.0.22'),
(1221, 'report.discrete', 0, '/discrete.php?fc=1&tf=1&ef=1&afx=0&mfx=0&raw=on', '2014-04-15 10:59:34', '172.20.0.22'),
(1222, 'report.discrete', 0, '/discrete.php?fc=2&tf=1&ef=0&afx=0&mfx=0&raw=on', '2014-04-15 10:59:34', '172.20.0.22'),
(1223, 'report.discrete', 0, '/discrete.php?fc=3&tf=1&ef=1&afx=0&mfx=0&raw=on', '2014-04-15 10:59:34', '172.20.0.22'),
(1224, 'report.discrete', 0, '/discrete.php?fc=4&tf=1&ef=1&afx=0&mfx=0&raw=on', '2014-04-15 10:59:34', '172.20.0.22'),
(1225, 'report.discrete', 0, '/discrete.php?fc=5&tf=1&ef=1&afx=0&mfx=0&raw=on', '2014-04-15 10:59:34', '172.20.0.22'),
(1226, 'report.discrete', 0, '/discrete.php?fc=6&tf=1&ef=1&afx=0&mfx=0&raw=on', '2014-04-15 10:59:34', '172.20.0.22'),
(1227, 'report.discrete', 0, '/discrete_paid.php?fc=0&tf=0&afx=0&mfx=0&raw=on', '2014-04-15 10:59:34', '172.20.0.22'),
(1228, 'report.discrete', 0, '/discrete.php?fc=1&tf=1&ef=1&afx=0&mfx=0&raw=on', '2014-04-15 10:59:57', '172.20.0.22'),
(1229, 'report.discrete', 0, '/discrete.php?fc=2&tf=1&ef=0&afx=0&mfx=0&raw=on', '2014-04-15 10:59:57', '172.20.0.22'),
(1230, 'report.discrete', 0, '/discrete.php?fc=3&tf=1&ef=1&afx=0&mfx=0&raw=on', '2014-04-15 10:59:57', '172.20.0.22'),
(1231, 'report.discrete', 0, '/discrete.php?fc=4&tf=1&ef=1&afx=0&mfx=0&raw=on', '2014-04-15 10:59:57', '172.20.0.22'),
(1232, 'report.discrete', 0, '/discrete.php?fc=5&tf=1&ef=1&afx=0&mfx=0&raw=on', '2014-04-15 10:59:57', '172.20.0.22'),
(1233, 'report.discrete', 0, '/discrete.php?fc=6&tf=1&ef=1&afx=0&mfx=0&raw=on', '2014-04-15 10:59:57', '172.20.0.22'),
(1234, 'report.discrete', 0, '/discrete_paid.php?fc=0&tf=0&afx=0&mfx=0&raw=on', '2014-04-15 10:59:57', '172.20.0.22'),
(1235, 'control.xclasss', 1, '/xclasss.php', '2014-04-15 11:01:22', '10.1.0.184'),
(1236, 'control', 1, '/control.php', '2014-04-15 11:01:23', '10.1.0.184'),
(1237, 'index', 1, '/cron_config.php', '2014-04-15 11:01:25', '10.1.0.184'),
(1238, 'index', 1, '/cron_config.php?act=add&date=2014-04-15&time=11&fields=budget', '2014-04-15 11:01:36', '10.1.0.184'),
(1239, 'report.discrete', 0, '/discrete.php?fc=1&tf=1&ef=1&afx=0&mfx=0&raw=on', '2014-04-15 11:01:54', '172.20.0.22'),
(1240, 'report.discrete', 0, '/discrete.php?fc=2&tf=1&ef=0&afx=0&mfx=0&raw=on', '2014-04-15 11:01:54', '172.20.0.22'),
(1241, 'report.discrete', 0, '/discrete.php?fc=3&tf=1&ef=1&afx=0&mfx=0&raw=on', '2014-04-15 11:01:54', '172.20.0.22'),
(1242, 'report.discrete', 0, '/discrete.php?fc=4&tf=1&ef=1&afx=0&mfx=0&raw=on', '2014-04-15 11:01:55', '172.20.0.22'),
(1243, 'report.discrete', 0, '/discrete.php?fc=5&tf=1&ef=1&afx=0&mfx=0&raw=on', '2014-04-15 11:01:55', '172.20.0.22'),
(1244, 'report.discrete', 0, '/discrete.php?fc=6&tf=1&ef=1&afx=0&mfx=0&raw=on', '2014-04-15 11:01:55', '172.20.0.22'),
(1245, 'report.discrete', 0, '/discrete_paid.php?fc=0&tf=0&afx=0&mfx=0&raw=on', '2014-04-15 11:01:55', '172.20.0.22'),
(1246, 'report.discrete', 0, '/discrete.php?fc=1&tf=1&ef=1&afx=0&mfx=0&raw=on', '2014-04-15 11:02:36', '172.20.0.22'),
(1247, 'report.discrete', 0, '/discrete.php?fc=2&tf=1&ef=0&afx=0&mfx=0&raw=on', '2014-04-15 11:02:36', '172.20.0.22'),
(1248, 'report.discrete', 0, '/discrete.php?fc=3&tf=1&ef=1&afx=0&mfx=0&raw=on', '2014-04-15 11:02:36', '172.20.0.22'),
(1249, 'report.discrete', 0, '/discrete.php?fc=4&tf=1&ef=1&afx=0&mfx=0&raw=on', '2014-04-15 11:02:36', '172.20.0.22'),
(1250, 'report.discrete', 0, '/discrete.php?fc=5&tf=1&ef=1&afx=0&mfx=0&raw=on', '2014-04-15 11:02:36', '172.20.0.22'),
(1251, 'report.discrete', 0, '/discrete.php?fc=6&tf=1&ef=1&afx=0&mfx=0&raw=on', '2014-04-15 11:02:36', '172.20.0.22'),
(1252, 'report.discrete', 0, '/discrete_paid.php?fc=0&tf=0&afx=0&mfx=0&raw=on', '2014-04-15 11:02:36', '172.20.0.22'),
(1253, 'report.discrete', 0, '/discrete.php?fc=1&tf=1&ef=1&afx=0&mfx=0&raw=on', '2014-04-15 11:04:13', '172.20.0.22'),
(1254, 'report.discrete', 0, '/discrete.php?fc=2&tf=1&ef=0&afx=0&mfx=0&raw=on', '2014-04-15 11:04:13', '172.20.0.22'),
(1255, 'report.discrete', 0, '/discrete.php?fc=3&tf=1&ef=1&afx=0&mfx=0&raw=on', '2014-04-15 11:04:13', '172.20.0.22'),
(1256, 'report.discrete', 0, '/discrete.php?fc=4&tf=1&ef=1&afx=0&mfx=0&raw=on', '2014-04-15 11:04:13', '172.20.0.22'),
(1257, 'report.discrete', 0, '/discrete.php?fc=5&tf=1&ef=1&afx=0&mfx=0&raw=on', '2014-04-15 11:04:13', '172.20.0.22'),
(1258, 'report.discrete', 0, '/discrete.php?fc=6&tf=1&ef=1&afx=0&mfx=0&raw=on', '2014-04-15 11:04:13', '172.20.0.22'),
(1259, 'report.discrete', 0, '/discrete_paid.php?fc=0&tf=0&afx=0&mfx=0&raw=on', '2014-04-15 11:04:13', '172.20.0.22'),
(1260, 'report.discrete', 0, '/discrete.php?fc=1&tf=1&ef=1&afx=0&mfx=0&raw=on', '2014-04-15 11:05:01', '172.20.0.22'),
(1261, 'report.discrete', 0, '/discrete.php?fc=2&tf=1&ef=0&afx=0&mfx=0&raw=on', '2014-04-15 11:05:01', '172.20.0.22'),
(1262, 'report.discrete', 0, '/discrete.php?fc=3&tf=1&ef=1&afx=0&mfx=0&raw=on', '2014-04-15 11:05:01', '172.20.0.22'),
(1263, 'report.discrete', 0, '/discrete.php?fc=4&tf=1&ef=1&afx=0&mfx=0&raw=on', '2014-04-15 11:05:01', '172.20.0.22'),
(1264, 'report.discrete', 0, '/discrete.php?fc=5&tf=1&ef=1&afx=0&mfx=0&raw=on', '2014-04-15 11:05:01', '172.20.0.22'),
(1265, 'report.discrete', 0, '/discrete.php?fc=6&tf=1&ef=1&afx=0&mfx=0&raw=on', '2014-04-15 11:05:01', '172.20.0.22'),
(1266, 'report.discrete', 0, '/discrete_paid.php?fc=0&tf=0&afx=0&mfx=0&raw=on', '2014-04-15 11:05:01', '172.20.0.22'),
(1267, 'report.discrete', 0, '/discrete.php?fc=1&tf=1&ef=1&afx=0&mfx=0&raw=on', '2014-04-15 11:05:26', '172.20.0.22'),
(1268, 'report.discrete', 0, '/discrete.php?fc=2&tf=1&ef=0&afx=0&mfx=0&raw=on', '2014-04-15 11:05:26', '172.20.0.22'),
(1269, 'report.discrete', 0, '/discrete.php?fc=3&tf=1&ef=1&afx=0&mfx=0&raw=on', '2014-04-15 11:05:26', '172.20.0.22'),
(1270, 'report.discrete', 0, '/discrete.php?fc=4&tf=1&ef=1&afx=0&mfx=0&raw=on', '2014-04-15 11:05:26', '172.20.0.22'),
(1271, 'report.discrete', 0, '/discrete.php?fc=5&tf=1&ef=1&afx=0&mfx=0&raw=on', '2014-04-15 11:05:26', '172.20.0.22'),
(1272, 'report.discrete', 0, '/discrete.php?fc=6&tf=1&ef=1&afx=0&mfx=0&raw=on', '2014-04-15 11:05:27', '172.20.0.22'),
(1273, 'report.discrete', 0, '/discrete_paid.php?fc=0&tf=0&afx=0&mfx=0&raw=on', '2014-04-15 11:05:27', '172.20.0.22'),
(1274, 'index', 1, '/cron_config.php', '2014-04-15 11:06:25', '10.1.0.184'),
(1275, 'control', 1, '/control.php', '2014-04-15 11:06:27', '10.1.0.184');

DROP TABLE IF EXISTS `db_ball_temp`;
CREATE TABLE `db_ball_temp` (
  `id_ball_temp` int(11) NOT NULL AUTO_INCREMENT,
  `faculty` int(11) NOT NULL,
  `time_form_id` int(11) NOT NULL,
  `edu_form` int(11) NOT NULL,
  `target` int(11) NOT NULL,
  `target_type` int(11) NOT NULL,
  `target_cell` int(11) NOT NULL,
  `region_cell` int(11) NOT NULL,
  `total` int(11) NOT NULL,
  `delo_name` varchar(10) NOT NULL,
  `person_id` int(11) NOT NULL,
  PRIMARY KEY (`id_ball_temp`)
) ENGINE=InnoDB AUTO_INCREMENT=4 /*!40101 DEFAULT CHARSET=cp1251 */;

INSERT INTO `db_ball_temp` VALUES
(1, 1, 1, 1, 3, 1, 0, 0, 210, '-2', 4),
(2, 7, 1, 1, 3, 0, 0, 0, 144, '-1', 5),
(3, 2, 1, 1, 3, 1, 0, 0, 210, '-1', 6);

DROP TABLE IF EXISTS `db_balls`;
CREATE TABLE `db_balls` (
  `id_balls` int(11) NOT NULL AUTO_INCREMENT,
  `person_id` int(11) NOT NULL,
  `sum` int(11) NOT NULL,
  PRIMARY KEY (`id_balls`)
) ENGINE=InnoDB /*!40101 DEFAULT CHARSET=cp1251 */;

DROP TABLE IF EXISTS `db_benefit`;
CREATE TABLE `db_benefit` (
  `id_benefit` int(11) NOT NULL AUTO_INCREMENT,
  `name` varchar(60) NOT NULL,
  `sname` varchar(60) NOT NULL,
  `abbr` varchar(50) NOT NULL,
  PRIMARY KEY (`id_benefit`)
) ENGINE=InnoDB AUTO_INCREMENT=11 /*!40101 DEFAULT CHARSET=cp1251 */;

INSERT INTO `db_benefit` VALUES
(1, ' /   ', '', ''),
(2, '18', '', '18'),
(3, '13 / 21 - 23', '', '13'),
(4, '1-3', '', ''),
(5, '', '', ''),
(6, '-', '', ''),
(7, '2-3  ', '', '23'),
(8, '', '', ''),
(9, ' ', '', ''),
(10, '', '', '');

DROP TABLE IF EXISTS `db_call`;
CREATE TABLE `db_call` (
  `id_call` int(11) NOT NULL AUTO_INCREMENT,
  `name` varchar(60) NOT NULL,
  `sname` varchar(60) NOT NULL,
  `abbr` varchar(50) NOT NULL,
  `person_id` int(11) NOT NULL,
  `call_date` timestamp NOT NULL /*!40101 DEFAULT CURRENT_TIMESTAMP ON UPDATE CURRENT_TIMESTAMP */,
  `call_request` text NOT NULL,
  `call_response` text NOT NULL,
  `caller_id` int(11) NOT NULL,
  PRIMARY KEY (`id_call`)
) ENGINE=InnoDB /*!40101 DEFAULT CHARSET=cp1251 */;

DROP TABLE IF EXISTS `db_certificate`;
CREATE TABLE `db_certificate` (
  `id_certificate` int(11) NOT NULL AUTO_INCREMENT,
  `name` varchar(60) NOT NULL,
  `sname` varchar(60) NOT NULL,
  `abbr` varchar(50) NOT NULL,
  PRIMARY KEY (`id_certificate`)
) ENGINE=InnoDB AUTO_INCREMENT=3 /*!40101 DEFAULT CHARSET=cp1251 */;

INSERT INTO `db_certificate` VALUES
(1, '', '', ''),
(2, '', '', '');

DROP TABLE IF EXISTS `db_chain`;
CREATE TABLE `db_chain` (
  `id_chain` int(11) NOT NULL AUTO_INCREMENT,
  `name` text NOT NULL,
  `sname` varchar(60) NOT NULL,
  `abbr` varchar(50) NOT NULL,
  `owner_id` int(11) NOT NULL,
  `save_date` timestamp NOT NULL /*!40101 DEFAULT CURRENT_TIMESTAMP ON UPDATE CURRENT_TIMESTAMP */,
  PRIMARY KEY (`id_chain`)
) ENGINE=InnoDB /*!40101 DEFAULT CHARSET=cp1251 */;

DROP TABLE IF EXISTS `db_chid`;
CREATE TABLE `db_chid` (
  `id_chid` int(11) NOT NULL AUTO_INCREMENT,
  `name` varchar(60) NOT NULL,
  `sname` varchar(60) NOT NULL,
  `abbr` varchar(50) NOT NULL,
  `chain_id` int(11) NOT NULL,
  `person_id` int(11) NOT NULL,
  `owner_id` int(11) NOT NULL,
  PRIMARY KEY (`id_chid`)
) ENGINE=InnoDB /*!40101 DEFAULT CHARSET=cp1251 */;

DROP TABLE IF EXISTS `db_city_rang`;
CREATE TABLE `db_city_rang` (
  `id_city_rang` int(11) NOT NULL AUTO_INCREMENT,
  `name` varchar(60) NOT NULL,
  `sname` varchar(60) NOT NULL,
  `abbr` varchar(50) NOT NULL,
  PRIMARY KEY (`id_city_rang`)
) ENGINE=InnoDB AUTO_INCREMENT=3 /*!40101 DEFAULT CHARSET=cp1251 */;

INSERT INTO `db_city_rang` VALUES
(1, '', '', ''),
(2, '', '', '');

DROP TABLE IF EXISTS `db_community`;
CREATE TABLE `db_community` (
  `id_community` int(11) NOT NULL AUTO_INCREMENT,
  `name` varchar(60) NOT NULL,
  `sname` varchar(60) NOT NULL,
  `abbr` varchar(50) NOT NULL,
  PRIMARY KEY (`id_community`)
) ENGINE=InnoDB AUTO_INCREMENT=4 /*!40101 DEFAULT CHARSET=cp1251 */;

INSERT INTO `db_community` VALUES
(1, '', '', ''),
(2, ' ', '', ''),
(3, '', '', '');

DROP TABLE IF EXISTS `db_country`;
CREATE TABLE `db_country` (
  `id_country` int(11) NOT NULL AUTO_INCREMENT,
  `name` varchar(60) NOT NULL,
  `sname` varchar(60) NOT NULL,
  `abbr` varchar(60) NOT NULL,
  PRIMARY KEY (`id_country`)
) ENGINE=InnoDB AUTO_INCREMENT=10 /*!40101 DEFAULT CHARSET=cp1251 */;

INSERT INTO `db_country` VALUES
(1, ' ', '', ''),
(2, ' ', '', ''),
(3, ' ', '', ''),
(4, ' ', '', ''),
(5, ' ', '', ''),
(6, '', '', ''),
(7, ' ', '', ''),
(8, ' ', '', ''),
(9, ' ', '', '');

DROP TABLE IF EXISTS `db_course`;
CREATE TABLE `db_course` (
  `id_course` int(11) NOT NULL AUTO_INCREMENT,
  `name` varchar(60) NOT NULL,
  `sname` varchar(60) NOT NULL,
  `abbr` varchar(50) NOT NULL,
  PRIMARY KEY (`id_course`)
) ENGINE=InnoDB AUTO_INCREMENT=5 /*!40101 DEFAULT CHARSET=cp1251 */;

INSERT INTO `db_course` VALUES
(1, ' ', '', ''),
(2, ' ', '', ''),
(3, ' ', '', ''),
(4, ' ', '', '');

DROP TABLE IF EXISTS `db_cron_config`;
CREATE TABLE `db_cron_config` (
  `id` int(3) NOT NULL AUTO_INCREMENT,
  `date` date NOT NULL,
  `time` int(2) NOT NULL,
  `status` varchar(5) NOT NULL,
  `fields` varchar(100) NOT NULL,
  PRIMARY KEY (`id`)
) ENGINE=InnoDB AUTO_INCREMENT=65 /*!40101 DEFAULT CHARSET=cp1251 */;

INSERT INTO `db_cron_config` VALUES
(48, '2014-04-04', 12, 'OK', 'budget'),
(49, '2014-04-04', 15, 'OK', 'paid'),
(50, '2014-04-04', 16, 'OK', 'paid'),
(51, '2014-04-04', 12, 'OK', 'paid'),
(52, '2014-04-09', 9, 'OK', 'budget'),
(54, '2014-04-11', 10, 'OK', 'budget'),
(56, '2014-04-11', 11, 'OK', 'budget'),
(57, '2014-04-11', 12, 'OK', 'budget'),
(58, '2014-04-14', 10, 'OK', 'budget'),
(59, '2014-04-14', 11, 'OK', 'budget'),
(60, '2014-04-14', 12, 'OK', 'budget'),
(61, '2014-04-14', 13, 'OK', 'budget'),
(62, '2014-04-14', 14, 'OK', 'budget'),
(63, '2014-04-15', 10, 'OK', 'budget'),
(64, '2014-04-15', 11, 'OK', 'budget');

DROP TABLE IF EXISTS `db_ct`;
CREATE TABLE `db_ct` (
  `id_ct` int(11) NOT NULL AUTO_INCREMENT,
  `name` varchar(60) NOT NULL,
  `sname` varchar(60) NOT NULL,
  `abbr` varchar(50) NOT NULL,
  PRIMARY KEY (`id_ct`)
) ENGINE=InnoDB AUTO_INCREMENT=4 /*!40101 DEFAULT CHARSET=cp1251 */;

INSERT INTO `db_ct` VALUES
(1, '', '', ''),
(2, 'I  ', '', ''),
(3, '', '', '');

DROP TABLE IF EXISTS `db_ct_info`;
CREATE TABLE `db_ct_info` (
  `id_ct_info` int(11) NOT NULL AUTO_INCREMENT,
  `surname` varchar(60) NOT NULL,
  `name` varchar(60) NOT NULL,
  `midname` varchar(60) NOT NULL,
  `serial` varchar(10) NOT NULL,
  `number` varchar(10) NOT NULL,
  `lct_sum` int(11) NOT NULL,
  `lct_sn` varchar(50) NOT NULL,
  `lct_xn` varchar(50) NOT NULL,
  `cct_sum` int(11) NOT NULL,
  `cct_sn` varchar(50) NOT NULL,
  `cct_xn` varchar(50) NOT NULL,
  `bct_sum` int(11) NOT NULL,
  `bct_sn` varchar(50) NOT NULL,
  `bct_xn` varchar(50) NOT NULL,
  PRIMARY KEY (`id_ct_info`),
  UNIQUE KEY `serial` (`serial`,`number`)
) ENGINE=InnoDB /*!40101 DEFAULT CHARSET=cp1251 */;

DROP TABLE IF EXISTS `db_cut`;
CREATE TABLE `db_cut` (
  `id_cut` int(11) NOT NULL AUTO_INCREMENT,
  `name` varchar(60) NOT NULL,
  `sname` varchar(60) NOT NULL,
  `abbr` varchar(50) NOT NULL,
  `dt` datetime NOT NULL,
  `owner_id` int(11) NOT NULL,
  PRIMARY KEY (`id_cut`)
) ENGINE=InnoDB /*!40101 DEFAULT CHARSET=cp1251 */;

DROP TABLE IF EXISTS `db_dicttemp`;
CREATE TABLE `db_dicttemp` (
  `id_dicttemp` int(11) NOT NULL AUTO_INCREMENT,
  `value` int(11) NOT NULL,
  PRIMARY KEY (`id_dicttemp`)
) ENGINE=InnoDB AUTO_INCREMENT=3 /*!40101 DEFAULT CHARSET=cp1251 */;

INSERT INTO `db_dicttemp` VALUES
(1, 1),
(2, 2);

DROP TABLE IF EXISTS `db_dual_mode`;
CREATE TABLE `db_dual_mode` (
  `id_dual_mode` int(11) NOT NULL AUTO_INCREMENT,
  `name` varchar(60) NOT NULL,
  `sname` varchar(60) NOT NULL,
  `abbr` varchar(50) NOT NULL,
  PRIMARY KEY (`id_dual_mode`)
) ENGINE=InnoDB AUTO_INCREMENT=2 /*!40101 DEFAULT CHARSET=cp1251 */;

INSERT INTO `db_dual_mode` VALUES
(1, ' ', '', '+/');

DROP TABLE IF EXISTS `db_education`;
CREATE TABLE `db_education` (
  `id_education` int(11) NOT NULL AUTO_INCREMENT,
  `name` varchar(50) NOT NULL,
  `sname` varchar(50) NOT NULL,
  `abbr` varchar(50) NOT NULL,
  PRIMARY KEY (`id_education`)
) ENGINE=InnoDB AUTO_INCREMENT=3 /*!40101 DEFAULT CHARSET=cp1251 */;

INSERT INTO `db_education` VALUES
(1, ' ', ' ', '/'),
(2, '  ', ' ', '/');

DROP TABLE IF EXISTS `db_ef`;
CREATE TABLE `db_ef` (
  `id_ef` int(11) NOT NULL AUTO_INCREMENT,
  `name` varchar(60) NOT NULL,
  `sname` varchar(60) NOT NULL,
  `abbr` varchar(11) NOT NULL,
  `order_extract` varchar(100) NOT NULL,
  `notification` varchar(100) NOT NULL,
  PRIMARY KEY (`id_ef`)
) ENGINE=InnoDB AUTO_INCREMENT=3 /*!40101 DEFAULT CHARSET=cp1251 */;

INSERT INTO `db_ef` VALUES
(1, '', '', '', '    ', ''),
(2, '', '', '', '  ', '');

DROP TABLE IF EXISTS `db_experience`;
CREATE TABLE `db_experience` (
  `id_experience` int(11) NOT NULL AUTO_INCREMENT,
  `name` varchar(60) NOT NULL,
  `sname` varchar(60) NOT NULL,
  `abbr` varchar(50) NOT NULL,
  PRIMARY KEY (`id_experience`)
) ENGINE=InnoDB AUTO_INCREMENT=5 /*!40101 DEFAULT CHARSET=cp1251 */;

INSERT INTO `db_experience` VALUES
(1, ' ', '', ''),
(2, ' ', '', ''),
(3, '  ', '', ''),
(4, ' ', '', '');

DROP TABLE IF EXISTS `db_faculty`;
CREATE TABLE `db_faculty` (
  `id` int(11) NOT NULL AUTO_INCREMENT,
  `name` varchar(60) NOT NULL,
  `sname` varchar(60) NOT NULL,
  `abbr` varchar(60) NOT NULL,
  `idelo` int(11) NOT NULL,
  `spec` varchar(50) NOT NULL,
  `speccode` varchar(50) NOT NULL,
  `place` varchar(200) NOT NULL,
  `chief` varchar(200) NOT NULL,
  `chief_phone` varchar(200) NOT NULL,
  `order_extract` varchar(100) NOT NULL,
  PRIMARY KEY (`id`)
) ENGINE=InnoDB AUTO_INCREMENT=8 /*!40101 DEFAULT CHARSET=cp1251 */;

INSERT INTO `db_faculty` VALUES
(1, '', '', '', 0, ' ', '1-79 01 01', ' 5   ', '  ', '(+375 17) 272 61 02', ''),
(2, '-', '-', '', 0, '- ', '1-79 01 03', ' 4   ', '  ', '(+375 17) 272 67 56', '-'),
(3, '', '', '', 0, '', '1-79 01 02', ' 5   ', '  ', '(+375 17) 272 55 95', ''),
(4, '', '', '', 0, '', '1-79 01 07', ' 5   ', '  ', '(+ 375 17)  272 67 58', ''),
(5, '-', '-', '', 0, ' ', '1-79 01 01', '  1', '.   ', '(+ 375 17) 285 66 83', '-'),
(6, '', '', '', 0, '', '1-79 01 08', ' 10   ', '.   ', '(+ 375 17) 271 03 54', ''),
(7, '', '', '', 0, '', '', '', '', '', '');

DROP TABLE IF EXISTS `db_fax`;
CREATE TABLE `db_fax` (
  `id_fax` int(11) NOT NULL AUTO_INCREMENT,
  `name` varchar(60) NOT NULL,
  `sname` varchar(60) NOT NULL,
  `abbr` varchar(50) NOT NULL,
  `person_id` int(11) NOT NULL,
  `call_date` timestamp NOT NULL /*!40101 DEFAULT CURRENT_TIMESTAMP ON UPDATE CURRENT_TIMESTAMP */,
  `call_request` text NOT NULL,
  `call_response` text NOT NULL,
  `caller_id` int(11) NOT NULL,
  PRIMARY KEY (`id_fax`)
) ENGINE=InnoDB /*!40101 DEFAULT CHARSET=cp1251 */;

DROP TABLE IF EXISTS `db_field_macro`;
CREATE TABLE `db_field_macro` (
  `id_field_macro` int(11) NOT NULL AUTO_INCREMENT,
  `name` text NOT NULL,
  `sname` text NOT NULL,
  `abbr` varchar(50) NOT NULL,
  PRIMARY KEY (`id_field_macro`),
  UNIQUE KEY `abbr` (`abbr`)
) ENGINE=InnoDB /*!40101 DEFAULT CHARSET=cp1251 */;

DROP TABLE IF EXISTS `db_files`;
CREATE TABLE `db_files` (
  `id_files` int(11) NOT NULL AUTO_INCREMENT,
  `name` varchar(200) NOT NULL,
  `cuid` int(11) NOT NULL,
  `ctime` datetime NOT NULL,
  `size` int(11) NOT NULL,
  `block` longblob NOT NULL,
  PRIMARY KEY (`id_files`)
) ENGINE=InnoDB /*!40101 DEFAULT CHARSET=cp1251 */;

DROP TABLE IF EXISTS `db_fixation`;
CREATE TABLE `db_fixation` (
  `id_fixation` int(11) NOT NULL AUTO_INCREMENT,
  `name` varchar(200) NOT NULL,
  `ts` datetime NOT NULL,
  PRIMARY KEY (`id_fixation`)
) ENGINE=InnoDB /*!40101 DEFAULT CHARSET=utf8 */;

DROP TABLE IF EXISTS `db_fixed_target`;
CREATE TABLE `db_fixed_target` (
  `id_fixed_target` int(11) NOT NULL AUTO_INCREMENT,
  `fixation_id` int(11) NOT NULL,
  `faculty` int(11) NOT NULL,
  `time_form_id` int(11) NOT NULL,
  `edu_form` int(11) NOT NULL,
  `target` int(11) NOT NULL,
  `target_type` int(11) NOT NULL,
  `target_cell` int(11) NOT NULL,
  `region_cell` int(11) NOT NULL,
  `total` int(11) NOT NULL,
  `person_id` int(11) NOT NULL,
  `delo_name` varchar(10) NOT NULL,
  `state_id` int(11) NOT NULL,
  PRIMARY KEY (`id_fixed_target`)
) ENGINE=InnoDB /*!40101 DEFAULT CHARSET=utf8 */;

DROP TABLE IF EXISTS `db_grade`;
CREATE TABLE `db_grade` (
  `id_grade` int(11) NOT NULL AUTO_INCREMENT,
  `name` varchar(60) NOT NULL,
  `sname` varchar(60) NOT NULL,
  `abbr` varchar(50) NOT NULL,
  PRIMARY KEY (`id_grade`)
) ENGINE=InnoDB AUTO_INCREMENT=4 /*!40101 DEFAULT CHARSET=cp1251 */;

INSERT INTO `db_grade` VALUES
(1, '', '', ''),
(2, '', '', ''),
(3, ' ', '', '');

DROP TABLE IF EXISTS `db_groups`;
CREATE TABLE `db_groups` (
  `id_group` int(11) NOT NULL AUTO_INCREMENT,
  `groupkey` varchar(60) NOT NULL,
  `groupname` varchar(60) NOT NULL,
  PRIMARY KEY (`id_group`)
) ENGINE=InnoDB AUTO_INCREMENT=11 /*!40101 DEFAULT CHARSET=cp1251 */;

INSERT INTO `db_groups` VALUES
(1, '', 'Admins'),
(3, 'Editors', ''),
(4, 'ex', ' '),
(5, 'sec', ''),
(6, 'phone', ''),
(7, '', ''),
(8, 'kanc', ''),
(9, 'valid', ''),
(10, 'tso', '');

DROP TABLE IF EXISTS `db_help`;
CREATE TABLE `db_help` (
  `id_help` int(11) NOT NULL AUTO_INCREMENT,
  `name` varchar(60) NOT NULL,
  `sname` varchar(60) NOT NULL,
  `abbr` varchar(50) NOT NULL,
  `page` varchar(60) NOT NULL,
  `par` text NOT NULL,
  PRIMARY KEY (`id_help`)
) ENGINE=InnoDB AUTO_INCREMENT=6 /*!40101 DEFAULT CHARSET=cp1251 */;

INSERT INTO `db_help` VALUES
(1, '', '', '', 'login.php', '      .     -   .'),
(2, ' ', '', '', 'index.php', '     .'),
(3, '', '', '', 'precreate.php', '         .'),
(4, '', '', '', 'precreate.php', '    .  MC, KH  ..'),
(5, '', '', '', 'precreate.php', '     (     2 ,  1234567).');

DROP TABLE IF EXISTS `db_history`;
CREATE TABLE `db_history` (
  `id_history` int(11) NOT NULL AUTO_INCREMENT,
  `ts` timestamp NOT NULL /*!40101 DEFAULT CURRENT_TIMESTAMP ON UPDATE CURRENT_TIMESTAMP */,
  `person_id` int(11) NOT NULL,
  `user_id` int(11) NOT NULL,
  `field` varchar(50) NOT NULL,
  `value_old` varchar(100) NOT NULL,
  `value_new` varchar(100) NOT NULL,
  PRIMARY KEY (`id_history`)
) ENGINE=InnoDB AUTO_INCREMENT=12 /*!40101 DEFAULT CHARSET=cp1251 */;

INSERT INTO `db_history` VALUES
(1, '2014-04-09 08:43:03', 5, 1, 'auid', '0', '1'),
(2, '2014-04-09 09:12:28', 5, 1, 'total', '0', '144'),
(3, '2014-04-09 09:12:28', 5, 1, 'lct_sum', '0', '58'),
(4, '2014-04-09 09:12:28', 5, 1, 'lct_sn', '', '01-106-1'),
(5, '2014-04-09 09:12:28', 5, 1, 'lct_xn', '', '2400687'),
(6, '2014-04-09 09:12:28', 5, 1, 'cct_sum', '0', '39'),
(7, '2014-04-09 09:12:28', 5, 1, 'cct_sn', '', '05-106-1'),
(8, '2014-04-09 09:12:28', 5, 1, 'cct_xn', '', '2528837'),
(9, '2014-04-09 09:12:28', 5, 1, 'bct_sum', '0', '47'),
(10, '2014-04-09 09:12:28', 5, 1, 'bct_sn', '', '06-106-1'),
(11, '2014-04-09 09:12:28', 5, 1, 'bct_xn', '', '2620440');

DROP TABLE IF EXISTS `db_hostel`;
CREATE TABLE `db_hostel` (
  `id_hostel` int(11) NOT NULL AUTO_INCREMENT,
  `name` varchar(60) NOT NULL,
  `sname` varchar(60) NOT NULL,
  `abbr` varchar(50) NOT NULL,
  PRIMARY KEY (`id_hostel`)
) ENGINE=InnoDB AUTO_INCREMENT=3 /*!40101 DEFAULT CHARSET=cp1251 */;

INSERT INTO `db_hostel` VALUES
(1, '', '', ''),
(2, ' ', '', '');

DROP TABLE IF EXISTS `db_inst_rank`;
CREATE TABLE `db_inst_rank` (
  `id_inst_rank` int(11) NOT NULL AUTO_INCREMENT,
  `name` varchar(60) NOT NULL,
  `sname` varchar(60) NOT NULL,
  `abbr` varchar(50) NOT NULL,
  PRIMARY KEY (`id_inst_rank`)
) ENGINE=InnoDB AUTO_INCREMENT=5 /*!40101 DEFAULT CHARSET=cp1251 */;

INSERT INTO `db_inst_rank` VALUES
(1, ' ', '', ''),
(2, 'e ', '', ''),
(3, '-', '', ''),
(4, '', '', '');

DROP TABLE IF EXISTS `db_institution`;
CREATE TABLE `db_institution` (
  `id_institution` int(11) NOT NULL AUTO_INCREMENT,
  `name` varchar(60) NOT NULL,
  `sname` varchar(60) NOT NULL,
  `abbr` varchar(60) NOT NULL,
  `issued` varchar(50) NOT NULL,
  PRIMARY KEY (`id_institution`)
) ENGINE=InnoDB AUTO_INCREMENT=10 /*!40101 DEFAULT CHARSET=cp1251 */;

INSERT INTO `db_institution` VALUES
(1, ' ', '', '', ''),
(2, '', '', '', ''),
(3, '', '', '', ''),
(4, '', '', '', ''),
(5, '', '', '', ''),
(6, '', '', '', ''),
(7, '', '', '', ''),
(8, '', '', '', ''),
(9, ' ', '', '', '. -');

DROP TABLE IF EXISTS `db_invalid`;
CREATE TABLE `db_invalid` (
  `id_invalid` int(11) NOT NULL AUTO_INCREMENT,
  `name` varchar(60) NOT NULL,
  `sname` varchar(60) NOT NULL,
  `abbr` varchar(50) NOT NULL,
  PRIMARY KEY (`id_invalid`)
) ENGINE=InnoDB AUTO_INCREMENT=8 /*!40101 DEFAULT CHARSET=cp1251 */;

INSERT INTO `db_invalid` VALUES
(1, 'I .', '', ''),
(2, 'II .', '', ''),
(3, 'III .', '', ''),
(4, '4 ', '', ''),
(5, '3 ', '', ''),
(6, '2 ', '', ''),
(7, '1 ', '', '');

DROP TABLE IF EXISTS `db_inventory_doc`;
CREATE TABLE `db_inventory_doc` (
  `id_inventory_doc` int(11) NOT NULL AUTO_INCREMENT,
  `name` varchar(60) NOT NULL,
  `sname` varchar(60) NOT NULL,
  `abbr` varchar(50) NOT NULL,
  `code` text NOT NULL,
  PRIMARY KEY (`id_inventory_doc`)
) ENGINE=InnoDB AUTO_INCREMENT=85 /*!40101 DEFAULT CHARSET=cp1251 */;

INSERT INTO `db_inventory_doc` VALUES
(1, '', '', '', 'return \'\';'),
(2, '  ', '', '', 'return \'\';\\return \' \';'),
(3, '/', '', '', 'return $edu_doc;'),
(4, ' /', '', '', 'return \' \'.lowercase($edu_doc).\'\';'),
(5, '  /', '', '', 'return \' \'.lowercase($edu_doc).\'\';'),
(6, '  /', '', '', 'return \'  \'.lowercase($edu_doc).\'\';'),
(7, '  III . . ', '', '', 'return \' \';\\return \'III . . \';'),
(8, '    ', '', '', 'return \' \';\\return \'  \';'),
(9, '   - ', '', '', 'return \' \';\\return \' -\';\\return \'\';'),
(10, '   ', '', '', 'return \' \';\\ return \' \';'),
(11, ' ', '', '', 'return \' \';'),
(12, '   ', '', '', 'return \' \';\\ return \' \';'),
(13, '    ', '', '', 'return \' \';\\return \' \';\\return \' \';'),
(14, '    ', '', '', 'return \' \';\\ return \'  \';'),
(15, '   ', '', '', 'return \' \';\\return \' \';'),
(16, '   ', '', '', 'return \'  \';\\return \'\';'),
(17, '   ', '', '', 'return \'  \';\\return \'\';'),
(18, '  ', '', '', 'return \'  \';'),
(19, '  ', '', '', 'return \'\';\\return \' \';'),
(20, '  ', '', '', 'return \'\';\\return \' \';'),
(21, ' ', '', '', 'return \' \';'),
(22, ' ', '', '', 'return \' \';'),
(23, ' ', '', '', 'return \' \';'),
(24, '  ', '', '', 'return \'\';\\return \' \';'),
(25, '  ', '', '', 'return \'\';\\return \' \';'),
(26, ' ', '', '', 'return \' \';'),
(27, '   ', '', '', 'return \'   \';'),
(28, '   ', '', '', 'return \'   \';'),
(29, '    ', '', '', 'return \' \';\\return \'  \';'),
(30, '    ', '', '', 'return \' \';\\return \'  \';'),
(31, ' ', '', '', 'return \' \';'),
(32, '   ', '', '', 'return \' \';\\return \' \';'),
(33, '  ', '', '', 'return \'  \';'),
(34, '    ', '', '', 'return \' \';\\return \'  \';'),
(35, '  ', '', '', 'return \' \';\\return \'\';'),
(36, '  ', '', '', 'return \'\';\\return \' \';'),
(37, ' ', '', '', 'return \' \';'),
(38, ' ', '', '', 'return \' :\';\\return \' \'.$p->lct_sn.\' \'.$p->lct_xn;\\return \'. \'.$p->bct_sn.\' \'.$p->bct_xn;\\return \'. \'.$p->cct_sn.\' \'.$p->cct_xn;'),
(39, '      ', '', '', 'return \'  \';\\return \'   \';'),
(40, '  ', '', '', 'return \'  \';'),
(41, '', '', '', 'return \'\';'),
(42, '  ', '', '', 'return \'  \';'),
(43, '     ', '', '', 'return \'  \';\\return \'  \';'),
(44, '   ', '', '', 'return \'  \';\\return \'\';'),
(45, '', '', '', 'return \'\';'),
(46, '   ', '', '', 'return \' \';\\return \'\';\\return  \'\';'),
(47, '    ', '', '', 'return \' \';\\return \'  \';'),
(48, '  ', '', '', 'return \'  \';'),
(49, '  ', '', '', 'return \'  \';'),
(50, '  ', '', '', 'return \'  \';'),
(51, '  ', '', '', 'return \'  \';'),
(52, ' /', '', '', 'return \' \'.lowercase($edu_doc).\'\';'),
(53, '   ', '', '', 'return \' \';\\return \' \';'),
(54, '', '', '', 'return \'\';'),
(55, ' ', '', '', 'return \' \';'),
(56, '', '', '', 'return \'\';'),
(57, '   ', '', '', 'return \' \';\\return \' \';'),
(58, ' ', '', '', 'return \' \';'),
(59, '   /', '', '', 'return \'  \';\\return \' \'.lowercase($edu_doc).\'\';'),
(60, '    ', '', '', 'return \'  \';\\return \' \'.lowercase($edu_doc).\'\';'),
(61, '   ', '', '', 'return \'  \';\\return \'\';'),
(62, '     ', '', '', 'return \'  \';\\return \'  \';\\return \'  \';'),
(63, '    ', '', '', 'return \'  \';\\return \' \';'),
(64, '  ( )', '', '', 'return \' \';'),
(65, '    ( )', '', '', 'return \'  \';\\return \' \';'),
(66, '    ( )', '', '', 'return \'  \';\\return \' \';'),
(67, '    ', '', '', 'return \'    \';\\return lowercase($edu_doc).\'\';'),
(68, '     /', '', '', 'return \'   \';\\return \'  \'.lowercase($edu_doc).\'\';'),
(69, '     ', '', '', 'return \' \';\\ return \'   \';\\ return \' \';'),
(70, '   ', '', '', 'return \' \';\\return \' \';'),
(71, ' ', '', '', 'return \'   \';\\return \'  \';\\return \'  \';'),
(72, '     ', '', '', 'return \' \';\\return \'   \';'),
(73, '  ', '', '', 'return \'  \';'),
(74, '    ', '', '', 'return \' \';\\return \'  \';'),
(75, '   ', '', '', 'return \'  \';\\return \'\';'),
(76, '  ', '', '', 'return \' \';\\return \'\';'),
(77, ' ', '', '', 'return \' \';'),
(78, '  ', '', '', 'return \' \';\\return \'\';'),
(79, '    ', '', '', 'return \' \' ;\\return \'\';\\return \'\' ;\\return \'\';'),
(80, '    ', '', '', 'return \' \';\\ return \'  \';'),
(81, '   ', '', '', 'return \'   \';\\return \'\';'),
(82, '      ', '', '', 'return \'   \';\\return \'  \';'),
(83, '   ', '', '', 'return \' \';\\return \' \';'),
(84, '     ', '', '', 'return \' \';\\ return \'   \';');

DROP TABLE IF EXISTS `db_ir_relation`;
CREATE TABLE `db_ir_relation` (
  `id_ir_relation` int(11) NOT NULL AUTO_INCREMENT,
  `inst_rank_id` int(11) NOT NULL,
  `institution_id` int(11) NOT NULL,
  PRIMARY KEY (`id_ir_relation`)
) ENGINE=InnoDB AUTO_INCREMENT=14 /*!40101 DEFAULT CHARSET=cp1251 */;

INSERT INTO `db_ir_relation` VALUES
(1, 1, 1),
(2, 1, 2),
(3, 1, 3),
(4, 1, 4),
(5, 2, 2),
(6, 2, 3),
(7, 2, 7),
(8, 1, 9),
(9, 3, 5),
(10, 3, 7),
(11, 3, 3),
(12, 4, 6),
(13, 2, 8);

DROP TABLE IF EXISTS `db_keys`;
CREATE TABLE `db_keys` (
  `id_keys` int(11) NOT NULL AUTO_INCREMENT,
  `keystring` varchar(60) NOT NULL,
  `keyname` varchar(60) NOT NULL,
  PRIMARY KEY (`id_keys`)
) ENGINE=InnoDB AUTO_INCREMENT=109 /*!40101 DEFAULT CHARSET=cp1251 */;

INSERT INTO `db_keys` VALUES
(1, '*', 'Wildcard'),
(2, 'control.acls', ' '),
(3, 'person.pop_chain', ''),
(4, 'person.advsearch', ' '),
(5, 'report.analog', ''),
(6, 'analog.test', ''),
(7, 'api', ''),
(8, 'control.applog', ''),
(9, 'person.average', '     '),
(10, 'report.ball', ' '),
(11, 'control.benefits', ''),
(12, 'control.certificates', ''),
(13, 'person.change', ' '),
(14, 'person.changes', ' '),
(15, 'person.close', ' '),
(16, 'control.communitys', ' '),
(17, 'control', ''),
(18, 'control.countrys', ''),
(19, 'control.courses', ''),
(20, 'person.create', ' '),
(21, 'control.ct_info_load', '  '),
(22, 'control.cts', ''),
(23, 'debug', ''),
(24, 'person.defaults', '  '),
(25, 'debug.desql', 'SQL'),
(26, 'control.devnull', ''),
(27, 'control.devtest', ''),
(28, 'control.devzero', ''),
(29, 'report.discrete', ''),
(30, 'report.discrete_raw', '   '),
(31, 'control.dual_modes', '. '),
(32, 'person.edit', ' '),
(33, 'control.edu_forms', ' '),
(34, 'control.educations', ''),
(35, 'person.envelop', ''),
(36, 'control.experiences', ''),
(37, 'person.export', ''),
(38, 'control.facultys', ''),
(39, 'control.field_macros', ' '),
(40, 'files', ''),
(41, 'control.grades', ''),
(42, 'person.groupedit', ' '),
(43, 'control.groups', ' '),
(44, 'person.history', ' '),
(45, 'control.hostels', ''),
(46, 'index', ''),
(47, 'control.inst_ranks', ' '),
(48, 'control.institutions', ' '),
(49, 'control.inventory_doc', '   '),
(50, 'control.inventory_docs', ''),
(51, 'control.inventory_wizard', ''),
(52, 'control.keys', ' '),
(53, 'control.lang_levels', ' '),
(54, 'control.languages', ''),
(55, 'person.listcase', ' '),
(56, 'control.macro', ''),
(57, 'control.militarys', ''),
(58, 'control.months', ''),
(59, 'person.move', ''),
(60, 'control.nametowns', ''),
(61, 'report.note', ''),
(62, 'note.test', ''),
(63, 'person.notification', ''),
(64, 'control.others', ''),
(65, 'phones', ''),
(66, 'control.pipelines', ' '),
(67, 'control.plancells', ' '),
(68, 'control.planform', ' '),
(69, 'person.pool', ' '),
(70, 'person.precreate', ''),
(71, 'control.presidents', ''),
(72, 'person.print', ''),
(73, 'person.qs', ' '),
(74, 'person.query', ''),
(75, 'control.querys', ''),
(76, 'person.rakeup', ' '),
(77, 'real_chain.view', ''),
(78, 'control.reasoffs', '  '),
(79, 'control.reasons', '  '),
(80, 'person.receipt', ''),
(81, 'control.regions', ''),
(82, 'control.republics', ' '),
(83, 'control.savefields', '  '),
(84, 'person.search', ''),
(85, 'secretary', ''),
(86, 'control.settings', ''),
(87, 'control.sexs', ''),
(88, 'control.smalltowns', ' '),
(89, 'control.stalkers', ' '),
(90, 'control.states', ' '),
(91, 'control.students', ' '),
(92, 'control.subdivs', ' '),
(93, 'control.submissions', ' '),
(94, 'person.submitted', ' '),
(95, 'control.targetcells', ' '),
(96, 'control.targets', ''),
(97, 'control.targettypes', ' '),
(98, 'control.tasks', ''),
(99, 'temp_chain.view', ''),
(100, 'control.time_forms', ' '),
(101, 'person.transmit', ' '),
(102, 'control.trys', ''),
(103, 'control.users', ''),
(104, 'person.view', ''),
(105, 'control.voenmeds', ' '),
(106, 'person.walking', ''),
(107, 'control.wouldbes', ''),
(108, 'control.xclasss', '');

DROP TABLE IF EXISTS `db_klik`;
CREATE TABLE `db_klik` (
  `id_klik` int(11) NOT NULL AUTO_INCREMENT,
  `name` varchar(60) NOT NULL,
  `sname` varchar(60) NOT NULL,
  `abbr` varchar(50) NOT NULL,
  PRIMARY KEY (`id_klik`)
) ENGINE=InnoDB AUTO_INCREMENT=2 /*!40101 DEFAULT CHARSET=cp1251 */;

INSERT INTO `db_klik` VALUES
(1, '', 'check.php', '');

DROP TABLE IF EXISTS `db_lang_level`;
CREATE TABLE `db_lang_level` (
  `id_lang_level` int(11) NOT NULL AUTO_INCREMENT,
  `name` varchar(60) NOT NULL,
  `sname` varchar(60) NOT NULL,
  `abbr` varchar(50) NOT NULL,
  PRIMARY KEY (`id_lang_level`)
) ENGINE=InnoDB AUTO_INCREMENT=4 /*!40101 DEFAULT CHARSET=cp1251 */;

INSERT INTO `db_lang_level` VALUES
(1, '', '', ''),
(2, '', '', ''),
(3, '', '', '');

DROP TABLE IF EXISTS `db_language`;
CREATE TABLE `db_language` (
  `id_language` int(11) NOT NULL AUTO_INCREMENT,
  `name` varchar(60) NOT NULL,
  `sname` varchar(60) NOT NULL,
  `abbr` varchar(50) NOT NULL,
  PRIMARY KEY (`id_language`)
) ENGINE=InnoDB AUTO_INCREMENT=8 /*!40101 DEFAULT CHARSET=cp1251 */;

INSERT INTO `db_language` VALUES
(1, '', '', ''),
(2, '', '', ''),
(3, 'c', '', ''),
(4, '', '', ''),
(5, '', '', ''),
(6, '', '', ''),
(7, '', '', '');

DROP TABLE IF EXISTS `db_mail`;
CREATE TABLE `db_mail` (
  `id_mail` int(11) NOT NULL AUTO_INCREMENT,
  `name` varchar(60) NOT NULL,
  `sname` varchar(60) NOT NULL,
  `abbr` varchar(50) NOT NULL,
  `person_id` int(11) NOT NULL,
  `call_date` timestamp NOT NULL /*!40101 DEFAULT CURRENT_TIMESTAMP ON UPDATE CURRENT_TIMESTAMP */,
  `call_request` text NOT NULL,
  `call_response` text NOT NULL,
  `caller_id` int(11) NOT NULL,
  PRIMARY KEY (`id_mail`)
) ENGINE=InnoDB /*!40101 DEFAULT CHARSET=cp1251 */;

DROP TABLE IF EXISTS `db_military`;
CREATE TABLE `db_military` (
  `id_military` int(11) NOT NULL AUTO_INCREMENT,
  `name` varchar(60) NOT NULL,
  `sname` varchar(60) NOT NULL,
  `abbr` varchar(50) NOT NULL,
  PRIMARY KEY (`id_military`)
) ENGINE=InnoDB AUTO_INCREMENT=3 /*!40101 DEFAULT CHARSET=cp1251 */;

INSERT INTO `db_military` VALUES
(1, '', '', ''),
(2, '', '', '');

DROP TABLE IF EXISTS `db_month`;
CREATE TABLE `db_month` (
  `id_month` int(11) NOT NULL AUTO_INCREMENT,
  `name` varchar(60) NOT NULL,
  `sname` varchar(60) NOT NULL,
  `abbr` varchar(50) NOT NULL,
  `issued` varchar(60) NOT NULL,
  PRIMARY KEY (`id_month`)
) ENGINE=InnoDB AUTO_INCREMENT=13 /*!40101 DEFAULT CHARSET=cp1251 */;

INSERT INTO `db_month` VALUES
(1, '', '', '', ''),
(2, '', '', '', ''),
(3, '', '', '', ''),
(4, '', '', '', ''),
(5, '', '', '', ''),
(6, '', '', '', ''),
(7, '', '', '', ''),
(8, '', '', '', ''),
(9, '', '', '', ''),
(10, '', '', '', ''),
(11, '', '', '', ''),
(12, '', '', '', '');

DROP TABLE IF EXISTS `db_move_journal`;
CREATE TABLE `db_move_journal` (
  `id_move_journal` int(11) NOT NULL AUTO_INCREMENT,
  `prev_person_id` int(11) NOT NULL,
  `next_person_id` int(11) NOT NULL,
  `mover_id` int(11) NOT NULL,
  `ts` timestamp NOT NULL /*!40101 DEFAULT CURRENT_TIMESTAMP ON UPDATE CURRENT_TIMESTAMP */,
  PRIMARY KEY (`id_move_journal`)
) ENGINE=InnoDB AUTO_INCREMENT=6 /*!40101 DEFAULT CHARSET=cp1251 */;

INSERT INTO `db_move_journal` VALUES
(1, 1, 2, 1, '2014-04-08 12:27:49'),
(2, 2, 3, 1, '2014-04-08 12:29:02'),
(3, 1, 4, 1, '2014-04-08 12:30:41'),
(4, 2, 6, 1, '2014-04-09 11:12:07'),
(5, 3, 7, 1, '2014-04-14 15:40:32');

DROP TABLE IF EXISTS `db_n`;
CREATE TABLE `db_n` (
  `id` int(11) NOT NULL AUTO_INCREMENT,
  `person_id` int(11) NOT NULL,
  `faculty` int(11) NOT NULL,
  PRIMARY KEY (`id`)
) ENGINE=InnoDB /*!40101 DEFAULT CHARSET=cp1251 */;

DROP TABLE IF EXISTS `db_nametown`;
CREATE TABLE `db_nametown` (
  `id_nametown` int(11) NOT NULL AUTO_INCREMENT,
  `name` varchar(60) NOT NULL,
  `sname` varchar(60) NOT NULL,
  `abbr` varchar(50) NOT NULL,
  `town` varchar(200) NOT NULL,
  `region_by` int(11) NOT NULL,
  PRIMARY KEY (`id_nametown`)
) ENGINE=InnoDB AUTO_INCREMENT=206 /*!40101 DEFAULT CHARSET=cp1251 */;

INSERT INTO `db_nametown` VALUES
(1, '', '', '', '. ', 1),
(2, '', '', '', '. ', 1),
(3, '', '', '', '. ', 1),
(4, '', '', '', '. . ', 1),
(5, '', '', '', '. ', 1),
(6, '', '', '', '. ', 1),
(7, '', '', '', '.. ', 1),
(8, '', '', '', '. ', 1),
(9, '', '', '', '. ', 1),
(10, '', '', '', '.. ', 1),
(11, '', '', '', '. ', 1),
(12, '', '', '', '. ', 1),
(13, '', '', '', '. ', 1),
(14, '', '', '', '. ', 1),
(15, '', '', '', '.. ', 1),
(16, '', '', '', '. ', 1),
(17, '', '', '', '. ', 1),
(18, '', '', '', '. ', 1),
(19, '', '', '', '. ', 1),
(20, '', '', '', '. ', 1),
(21, '', '', '', '. ', 1),
(22, '', '', '', '. ', 1),
(23, '', '', '', '.. ', 1),
(24, '', '', '', '. ', 1),
(25, '', '', '', '.. ', 1),
(26, '', '', '', '.. ', 1),
(27, '', '', '', '. ', 1),
(28, '', '', '', '. -', 1),
(29, '', '', '', '.. ', 1),
(30, '', '', '', '. ', 2),
(31, '', '', '', '.. ', 2),
(32, '', '', '', '. ', 2),
(33, '', '', '', '.. ', 2),
(34, '', '', '', '. ', 2),
(35, '', '', '', '. ', 2),
(36, '', '', '', '.. ', 2),
(37, '', '', '', '. ', 2),
(38, '', '', '', '.. ', 2),
(39, '', '', '', '. ', 2),
(40, '', '', '', '.. ', 2),
(41, '', '', '', '. ', 2),
(42, '', '', '', '.. ', 2),
(43, '', '', '', '.. ', 2),
(44, '', '', '', '.. ', 2),
(45, '', '', '', '. ', 2),
(46, '', '', '', '.. ', 2),
(47, '', '', '', '. ', 2),
(48, '', '', '', '.. ', 2),
(49, '', '', '', '. ', 2),
(50, '', '', '', '.. ', 2),
(51, '', '', '', '. ', 2),
(52, '', '', '', '. ', 2),
(53, '', '', '', '.. ', 2),
(54, '', '', '', '. ', 2),
(55, '', '', '', '. ', 2),
(56, '', '', '', '.. ', 2),
(57, '', '', '', '.. ', 2),
(58, '', '', '', '.. ', 2),
(59, '', '', '', '. ', 2),
(60, '', '', '', '.. ', 2),
(61, '', '', '', '.. ', 2),
(62, '', '', '', '.. ', 2),
(63, '', '', '', '. ', 2),
(64, '', '', '', '.. ', 2),
(65, '', '', '', '. ', 2),
(66, '', '', '', '.. ', 2),
(67, '', '', '', '.. ', 2),
(68, '', '', '', '. ', 2),
(69, '', '', '', '. ', 2),
(70, '', '', '', '.. ', 2),
(71, '', '', '', '.. ', 2),
(72, '', '', '', '.. ', 2),
(73, '', '', '', '. ', 3),
(74, '', '', '', '.. ', 3),
(75, '', '', '', '.. ', 3),
(76, '', '', '', '.. ', 3),
(77, '', '', '', '. -', 3),
(78, '', '', '', '.. ', 3),
(79, '', '', '', '. ', 3),
(80, '', '', '', '.. ', 3),
(81, '', '', '', '. ', 3),
(82, '', '', '', '.. ', 3),
(83, '', '', '', '. ', 3),
(84, '', '', '', '. ', 3),
(85, '', '', '', '. ', 3),
(86, '', '', '', '. ', 3),
(87, '', '', '', '.. ', 3),
(88, '', '', '', '. ', 3),
(89, '', '', '', '.. ', 3),
(90, '', '', '', '.. ', 3),
(91, '', '', '', '.. ', 3),
(92, '', '', '', '.. ', 3),
(93, '', '', '', '. ', 3),
(94, '', '', '', '. ', 3),
(95, '', '', '', '.. ', 3),
(96, '', '', '', '. ', 3),
(97, '', '', '', '.. ', 3),
(98, '', '', '', '. ', 3),
(99, '', '', '', '. ', 3),
(100, '', '', '', '.. ', 3),
(101, '', '', '', '. ', 3),
(103, '', '', '', '. ', 3),
(104, '', '', '', '.. ', 3),
(105, '', '', '', '..  ', 3),
(106, '', '', '', '. ', 3),
(107, '', '', '', '. ', 3),
(108, '', '', '', '. ', 4),
(109, '', '', '', '..  ', 4),
(110, '', '', '', '. ', 4),
(111, '', '', '', '.. ', 4),
(112, '', '', '', '.. ', 4),
(113, '', '', '', '.. ', 4),
(114, '', '', '', '.. ', 4),
(115, '', '', '', '. ', 4),
(116, '', '', '', '.. ', 4),
(117, '', '', '', '. ', 4),
(118, '', '', '', '.. ', 4),
(119, '', '', '', '.. ', 4),
(120, '', '', '', '.. ', 4),
(121, '', '', '', '.. ', 4),
(122, '', '', '', '.. ', 4),
(123, '', '', '', '.. ', 4),
(124, '', '', '', '.. ', 4),
(125, '', '', '', '. ', 4),
(126, '', '', '', '. ', 4),
(127, '', '', '', '. ', 4),
(128, '', '', '', '. ', 4),
(129, '', '', '', '.. ', 4),
(130, '', '', '', '.. ', 4),
(131, '', '', '', '. ', 4),
(132, '', '', '', '. ', 4),
(133, '', '', '', '.. ', 4),
(134, '', '', '', '. ', 4),
(135, '', '', '', '. ', 4),
(136, '', '', '', '. ', 4),
(137, '', '', '', '.. ', 4),
(138, '', '', '', '.. ', 4),
(139, '', '', '', '. ', 5),
(140, '', '', '', '. ', 5),
(141, '', '', '', '. ', 5),
(142, '', '', '', '. ', 5),
(143, '', '', '', '. ', 5),
(144, '', '', '', '. ', 5),
(145, '', '', '', '.. ', 5),
(146, '', '', '', '. ', 5),
(147, '', '', '', '. ', 5),
(148, '', '', '', '. ', 5),
(149, '', '', '', '. ', 5),
(150, '', '', '', '. ', 5),
(151, '', '', '', '.. ', 5),
(152, '', '', '', '.. ', 5),
(153, '', '', '', '. ', 5),
(154, '', '', '', '.. ', 5),
(155, '', '', '', '. ', 5),
(156, '', '', '', '.. ', 5),
(157, '', '', '', '. ', 5),
(158, '', '', '', '.. ', 5),
(159, '', '', '', '. ', 5),
(160, '', '', '', '.. ', 5),
(161, '', '', '', '. ', 5),
(162, '', '', '', '.. ', 5),
(163, '', '', '', '.. ', 5),
(164, '', '', '', '.. ', 5),
(165, '', '', '', '. ', 5),
(166, '', '', '', '.. ', 5),
(167, '', '', '', '.  ', 5),
(168, '', '', '', '.. ', 5),
(169, '', '', '', '.. ', 5),
(170, '', '', '', '.. ', 5),
(171, '', '', '', '. ', 5),
(172, '', '', '', '. ', 5),
(173, '', '', '', '..  ', 5),
(174, '', '', '', '. ', 5),
(175, '', '', '', '..  ', 5),
(176, '', '', '', '.. ', 5),
(177, '', '', '', '.  ', 5),
(178, '', '', '', '. ', 5),
(179, '', '', '', '. ', 5),
(180, '', '', '', '. ', 5),
(181, '', '', '', '.. ', 5),
(182, '', '', '', '. ', 6),
(183, '', '', '', '. ', 6),
(184, '', '', '', '.. ', 6),
(185, '', '', '', '.. ', 6),
(186, '', '', '', '. ', 6),
(187, '', '', '', '.. ', 6),
(188, '', '', '', '. ', 6),
(189, '', '', '', '.. ', 6),
(190, '', '', '', '. ', 6),
(191, '', '', '', '. ', 6),
(192, '', '', '', '. ', 6),
(193, '', '', '', '. ', 6),
(194, '', '', '', '.. ', 6),
(195, '', '', '', '. ', 6),
(196, '', '', '', '.. ', 6),
(197, '', '', '', '. ', 6),
(198, '', '', '', '. ', 6),
(199, '', '', '', '.. ', 6),
(200, '', '', '', '.. ', 6),
(201, '', '', '', '. ', 6),
(202, '', '', '', '.. ', 6),
(203, '', '', '', '. ', 6),
(204, '', '', '', '. ', 6),
(205, '', '', '', '. ', 6);

DROP TABLE IF EXISTS `db_natio`;
CREATE TABLE `db_natio` (
  `id_natio` int(11) NOT NULL AUTO_INCREMENT,
  `name` varchar(60) NOT NULL,
  `sname` varchar(60) NOT NULL,
  `abbr` varchar(50) NOT NULL,
  PRIMARY KEY (`id_natio`)
) ENGINE=InnoDB AUTO_INCREMENT=11 /*!40101 DEFAULT CHARSET=cp1251 */;

INSERT INTO `db_natio` VALUES
(1, ' ', '', ''),
(2, ' ', '', ''),
(3, ' ', '', ''),
(4, ' ', '', ''),
(5, ' ', '', ''),
(6, '', '', ''),
(7, ' ', '', ''),
(8, ' ', '', ''),
(9, ' ', '', ''),
(10, ' /    ', '', '');

DROP TABLE IF EXISTS `db_other`;
CREATE TABLE `db_other` (
  `id_other` int(11) NOT NULL AUTO_INCREMENT,
  `name` varchar(60) NOT NULL,
  `sname` varchar(60) NOT NULL,
  `abbr` varchar(50) NOT NULL,
  PRIMARY KEY (`id_other`)
) ENGINE=InnoDB AUTO_INCREMENT=4 /*!40101 DEFAULT CHARSET=cp1251 */;

INSERT INTO `db_other` VALUES
(1, ' ', ' ', ''),
(2, '   ', '   ', ''),
(3, '  ', '  ', '');

DROP TABLE IF EXISTS `db_person`;
CREATE TABLE `db_person` (
  `id` int(11) NOT NULL AUTO_INCREMENT,
  `inst_city_type` int(11) NOT NULL,
  `inst_city_name` varchar(60) NOT NULL,
  `surname` varchar(60) NOT NULL,
  `name` varchar(60) NOT NULL,
  `midname` varchar(60) NOT NULL,
  `auid` int(11) NOT NULL,
  `cuid` int(11) NOT NULL,
  `vuid` int(11) NOT NULL,
  `xuid` int(11) NOT NULL,
  `faculty` int(11) NOT NULL,
  `edu_form` int(11) NOT NULL,
  `target` int(11) NOT NULL,
  `target_type` int(11) NOT NULL,
  `target_cell` int(11) NOT NULL,
  `out_time_form_id` int(11) NOT NULL,
  `out_edu_form` int(11) NOT NULL,
  `out_target` int(11) NOT NULL,
  `out_target_type` int(11) NOT NULL,
  `out_target_cell` int(11) NOT NULL,
  `out_region_cell` int(11) NOT NULL,
  `sex` int(11) NOT NULL,
  `serial` varchar(60) NOT NULL,
  `private` varchar(60) NOT NULL,
  `natio` int(11) NOT NULL,
  `country` int(11) NOT NULL,
  `region_by` int(11) NOT NULL,
  `region_text` varchar(60) NOT NULL,
  `area` varchar(60) NOT NULL,
  `subdiv` int(11) NOT NULL,
  `city_name` varchar(60) NOT NULL,
  `zip` varchar(10) NOT NULL,
  `microarea` varchar(50) NOT NULL,
  `house` varchar(50) NOT NULL,
  `house_part` varchar(50) NOT NULL,
  `room` varchar(50) NOT NULL,
  `phone` varchar(50) NOT NULL,
  `mobile` varchar(50) NOT NULL,
  `email` varchar(50) NOT NULL,
  `real_addr` varchar(200) NOT NULL,
  `street` varchar(100) NOT NULL,
  `total` int(11) NOT NULL,
  `region_cell` int(11) NOT NULL,
  `state_id` int(11) NOT NULL,
  `atime` timestamp NOT NULL /*!40101 DEFAULT CURRENT_TIMESTAMP ON UPDATE CURRENT_TIMESTAMP */,
  `ctime` timestamp NOT NULL DEFAULT '0000-00-00 00:00:00',
  `vtime` timestamp NOT NULL DEFAULT '0000-00-00 00:00:00',
  `xtime` timestamp NOT NULL DEFAULT '0000-00-00 00:00:00',
  `time_form_id` int(11) NOT NULL,
  `institution_id` int(11) NOT NULL,
  `institution_name` varchar(200) NOT NULL,
  `certificate_id` int(11) NOT NULL,
  `certificate_name` varchar(50) NOT NULL,
  `certificate_sum` int(11) NOT NULL,
  `education_id` int(11) NOT NULL,
  `language_set` int(11) NOT NULL,
  `benefit_set` int(11) NOT NULL,
  `community_set` int(11) NOT NULL,
  `other_set` int(11) NOT NULL,
  `experience_id` int(11) NOT NULL,
  `try_id` int(11) NOT NULL,
  `military_id` int(11) NOT NULL,
  `hostel_id` int(11) NOT NULL,
  `live_num` varchar(60) NOT NULL,
  `live_date` date NOT NULL,
  `live_data` varchar(60) NOT NULL,
  `aes_num` varchar(60) NOT NULL,
  `aes_date` date NOT NULL,
  `aes_data` varchar(60) NOT NULL,
  `uzo_num` varchar(60) NOT NULL,
  `uzo_date` date NOT NULL,
  `uzo_data` varchar(60) NOT NULL,
  `inv_num` text NOT NULL,
  `inv_date` date NOT NULL,
  `inv_data` varchar(60) NOT NULL,
  `course_id` int(11) NOT NULL,
  `grade_id` int(11) NOT NULL,
  `birthday` date NOT NULL,
  `cert_date` date NOT NULL,
  `delo_name` varchar(10) NOT NULL,
  `delo_int` int(11) NOT NULL,
  `lct_id` int(11) NOT NULL,
  `lct_sum` int(11) NOT NULL,
  `lct_sn` varchar(50) NOT NULL,
  `lct_xn` varchar(50) NOT NULL,
  `cct_id` int(11) NOT NULL,
  `cct_sum` int(11) NOT NULL,
  `cct_sn` varchar(50) NOT NULL,
  `cct_xn` varchar(50) NOT NULL,
  `bct_id` int(11) NOT NULL,
  `bct_sum` int(11) NOT NULL,
  `bct_sn` varchar(50) NOT NULL,
  `bct_xn` varchar(50) NOT NULL,
  `uq` varchar(13) NOT NULL,
  `filltime` int(11) NOT NULL,
  `order_num` varchar(10) NOT NULL,
  `order_date` date NOT NULL,
  `arrive_date` date NOT NULL,
  `arrive_time` time NOT NULL,
  `arrive_room` varchar(10) NOT NULL,
  `dual_mode_set` int(11) NOT NULL,
  `student_id` int(11) NOT NULL,
  `xclass_id` int(11) NOT NULL,
  `authority` varchar(500) NOT NULL,
  `authority_date` date NOT NULL,
  `inst_rank_id` int(11) NOT NULL,
  `wouldbe_id` int(11) NOT NULL,
  `f_surname` varchar(50) NOT NULL,
  `f_name` varchar(50) NOT NULL,
  `f_midname` varchar(50) NOT NULL,
  `m_surname` varchar(50) NOT NULL,
  `m_name` varchar(50) NOT NULL,
  `m_midname` varchar(50) NOT NULL,
  `f_addr` varchar(200) NOT NULL,
  `m_addr` varchar(200) NOT NULL,
  `cur_lang_id` int(11) NOT NULL,
  `cur_lang_level` int(11) NOT NULL,
  `in_course` int(11) NOT NULL,
  `out_course` int(11) NOT NULL,
  `proto_num` varchar(50) NOT NULL,
  `proto_date` date NOT NULL,
  `aes_end_date` date DEFAULT NULL,
  `inv_end_date` date DEFAULT NULL,
  `invalid_id` int(11) DEFAULT NULL,
  `live_addr` varchar(200) NOT NULL,
  `target_use_id` int(11) NOT NULL,
  `subgrade_l_id` int(11) NOT NULL,
  `subgrade_c_id` int(11) NOT NULL,
  `subgrade_b_id` int(11) NOT NULL,
  `lang_grade` int(11) NOT NULL,
  `m_org` varchar(200) NOT NULL,
  `m_pos` varchar(200) NOT NULL,
  `m_phone` varchar(200) NOT NULL,
  `f_org` varchar(200) NOT NULL,
  `f_pos` varchar(200) NOT NULL,
  `f_phone` varchar(200) NOT NULL,
  `po_lang_set` int(11) NOT NULL,
  `po_base_id` int(11) NOT NULL,
  `institution_name_full` varchar(300) NOT NULL,
  PRIMARY KEY (`id`)
) ENGINE=InnoDB AUTO_INCREMENT=8 /*!40101 DEFAULT CHARSET=cp1251 */;

INSERT INTO `db_person` VALUES
(1, 1, '', '', '', '', 1, 1, 0, 1, 1, 1, 3, 1, 0, 0, 0, 0, 0, 0, 0, 1, 'MP2202222', '309480239480329480239', 2, 2, 0, '', '', 1, '', '200117', '', '6', '', '14', '+375 4012 31-60-04', '+37589216190018', 'exampl@mail.com', '200117,  , ,  , . , - , . ,  .6 . .14', '. ', 210, 0, 2, '2014-04-08 12:32:58', '2014-04-08 10:00:28', '0000-00-00 00:00:00', '2014-04-08 12:27:16', 1, 1, '38', 1, ' 1234567', 79, 0, 1, 0, 0, 0, 1, 1, 0, 1, '', '0000-00-00', '', '', '0000-00-00', '', '', '0000-00-00', '', '', '0000-00-00', '', 0, 0, '1995-09-18', '2013-06-11', '-1', 1, 1, 50, '01-202-1', '2354068', 1, 39, '05-202-1', '2528680', 1, 42, '06-202-1', '2539168', '53439e8c0effd', 1396940428, '', '0000-00-00', '0000-00-00', '00:00:00', '', 1, 1, 0, ' ', '2012-05-13', 1, 0, '', '', '', '', '', '', '200117,  , ,  , . , - , . ,  .6 . .14', '200117,  , ,  , . , - , . ,  .6 . .14', 1, 2, 0, 0, '', '0000-00-00', '0000-00-00', '0000-00-00', 0, '200117,  , ,  , . , - , . ,  .6 . .14', 0, 0, 0, 0, 8, ' \" \"', '', '+37589216190018', ' \"-\"', '', '+37589216190018', 0, 0, '38'),
(2, 1, '', '', '', '', 1, 1, 0, 0, 1, 1, 3, 1, 0, 0, 0, 0, 0, 0, 0, 1, 'MP2202222', '309480239480329480239', 2, 2, 0, '', '', 1, '', '200117', '', '6', '', '14', '+375 4012 31-60-04', '+37589216190018', 'exampl@mail.com', '200117,  , ,  , . , - , . ,  .6 . .14', '. ', 210, 0, 0, '2014-04-08 12:32:58', '2014-04-08 12:27:49', '0000-00-00 00:00:00', '0000-00-00 00:00:00', 1, 1, '38', 1, ' 1234567', 79, 0, 1, 0, 0, 0, 1, 1, 0, 1, '', '0000-00-00', '', '', '0000-00-00', '', '', '0000-00-00', '', '', '0000-00-00', '', 0, 0, '1995-09-18', '2013-06-11', '', 0, 1, 50, '01-202-1', '2354068', 1, 39, '05-202-1', '2528680', 1, 42, '06-202-1', '2539168', '53439e8c0effd', 1396940428, '', '0000-00-00', '0000-00-00', '00:00:00', '', 1, 1, 0, ' ', '2012-05-13', 1, 0, '', '', '', '', '', '', '200117,  , ,  , . , - , . ,  .6 . .14', '200117,  , ,  , . , - , . ,  .6 . .14', 1, 2, 0, 0, '', '0000-00-00', '0000-00-00', '0000-00-00', 0, '200117,  , ,  , . , - , . ,  .6 . .14', 0, 0, 0, 0, 8, ' \" \"', '', '+37589216190018', ' \"-\"', '', '+37589216190018', 0, 0, '38'),
(3, 1, '', '', '', '', 1, 1, 0, 1, 1, 1, 1, 1, 1, 0, 0, 0, 0, 0, 0, 1, 'MP2202222', '309480239480329480239', 2, 2, 0, '', '', 1, '', '200117', '', '6', '', '14', '+375 4012 31-60-04', '+37589216190018', 'exampl@mail.com', '200117,  , ,  , . , - , . ,  .6 . .14', '. ', 210, 5, 2, '2014-04-09 09:14:25', '2014-04-08 12:29:02', '0000-00-00 00:00:00', '2014-04-09 09:14:25', 1, 1, '38', 1, ' 1234567', 79, 0, 1, 0, 0, 0, 1, 1, 0, 1, '', '0000-00-00', '', '', '0000-00-00', '', '', '0000-00-00', '', '', '0000-00-00', '', 0, 0, '1995-09-18', '2013-06-11', '-2', 2, 1, 50, '01-202-1', '2354068', 1, 39, '05-202-1', '2528680', 1, 42, '06-202-1', '2539168', '53439e8c0effd', 1396940428, '', '0000-00-00', '0000-00-00', '00:00:00', '', 1, 1, 0, ' ', '2012-05-13', 1, 0, '', '', '', '', '', '', '200117,  , ,  , . , - , . ,  .6 . .14', '200117,  , ,  , . , - , . ,  .6 . .14', 1, 2, 0, 0, '', '0000-00-00', '0000-00-00', '0000-00-00', 0, '200117,  , ,  , . , - , . ,  .6 . .14', 0, 0, 0, 0, 8, ' \" \"', '', '+37589216190018', ' \"-\"', '', '+37589216190018', 0, 0, '38'),
(4, 1, '', '', '', '', 1, 1, 0, 0, 1, 1, 3, 1, 0, 0, 0, 0, 0, 0, 0, 1, 'MP2202222', '309480239480329480239', 2, 2, 0, '', '', 1, '', '200117', '', '6', '', '14', '+375 4012 31-60-04', '+37589216190018', 'exampl@mail.com', '200117,  , ,  , . , - , . ,  .6 . .14', '. ', 210, 0, 1, '2014-04-08 12:32:58', '2014-04-08 12:30:41', '0000-00-00 00:00:00', '0000-00-00 00:00:00', 1, 1, '38', 1, ' 1234567', 79, 0, 1, 0, 0, 0, 1, 1, 0, 1, '', '0000-00-00', '', '', '0000-00-00', '', '', '0000-00-00', '', '', '0000-00-00', '', 0, 0, '1995-09-18', '2013-06-11', '-2', 2, 1, 50, '01-202-1', '2354068', 1, 39, '05-202-1', '2528680', 1, 42, '06-202-1', '2539168', '53439e8c0effd', 1396940428, '', '0000-00-00', '0000-00-00', '00:00:00', '', 1, 1, 0, ' ', '2012-05-13', 1, 0, '', '', '', '', '', '', '200117,  , ,  , . , - , . ,  .6 . .14', '200117,  , ,  , . , - , . ,  .6 . .14', 1, 2, 0, 0, '', '0000-00-00', '0000-00-00', '0000-00-00', 0, '200117,  , ,  , . , - , . ,  .6 . .14', 0, 0, 0, 0, 8, ' \" \"', '', '+37589216190018', ' \"-\"', '', '+37589216190018', 0, 0, '38'),
(5, 0, '', '', '', '', 1, 1, 0, 0, 7, 1, 3, 0, 0, 0, 0, 0, 0, 0, 0, 2, 'MP2202222', '012394u10247012', 1, 1, 5, '', '', 12, '', '220117', '', '24', '', '', '+3752926796957', '+3752926796957', 'exampl@mail.com', '220117,  ,  ,  , -. , - , .  ,  .24', '.  ', 144, 0, 1, '2014-04-09 08:42:10', '2014-04-09 08:42:10', '0000-00-00 00:00:00', '0000-00-00 00:00:00', 1, 0, '', 0, '', 0, 0, 0, 0, 0, 0, 0, 0, 0, 0, '', '0000-00-00', '', '', '0000-00-00', '', '', '0000-00-00', '', '', '0000-00-00', '', 0, 0, '1997-04-12', '2013-06-11', '-1', 1, 1, 58, '01-106-1', '2400687', 1, 39, '05-106-1', '2528837', 1, 47, '06-106-1', '2620440', '5344ddb2445f7', 1397022130, '', '0000-00-00', '0000-00-00', '00:00:00', '', 0, 0, 0, ' ', '2013-03-05', 0, 0, '', '', '', '', '', '', '', '', 0, 0, 0, 0, '', '0000-00-00', '0000-00-00', '0000-00-00', 0, '220117,  ,  ,  , -. , - , .  ,  .24', 0, 0, 0, 0, 0, '', '', '', '', '', '', 0, 0, ''),
(6, 1, '', '', '', '', 1, 1, 0, 0, 2, 1, 3, 1, 0, 0, 0, 0, 0, 0, 0, 1, 'MP2202222', '309480239480329480239', 2, 2, 0, '', '', 1, '', '200117', '', '6', '', '14', '+375 4012 31-60-04', '+37589216190018', 'exampl@mail.com', '200117,  , ,  , . , - , . ,  .6 . .14', '. ', 210, 0, 1, '2014-04-09 11:12:07', '2014-04-09 11:12:07', '0000-00-00 00:00:00', '0000-00-00 00:00:00', 1, 1, '38', 1, ' 1234567', 79, 0, 1, 0, 0, 0, 1, 1, 0, 1, '', '0000-00-00', '', '', '0000-00-00', '', '', '0000-00-00', '', '', '0000-00-00', '', 0, 0, '1995-09-18', '2013-06-11', '-1', 1, 1, 50, '01-202-1', '2354068', 1, 39, '05-202-1', '2528680', 1, 42, '06-202-1', '2539168', '53439e8c0effd', 1396940428, '', '0000-00-00', '0000-00-00', '00:00:00', '', 1, 1, 0, ' ', '2012-05-13', 1, 0, '', '', '', '', '', '', '200117,  , ,  , . , - , . ,  .6 . .14', '200117,  , ,  , . , - , . ,  .6 . .14', 1, 2, 0, 0, '', '0000-00-00', '0000-00-00', '0000-00-00', 0, '200117,  , ,  , . , - , . ,  .6 . .14', 0, 0, 0, 0, 8, ' \" \"', '', '+37589216190018', ' \"-\"', '', '+37589216190018', 0, 0, '38'),
(7, 1, '', '', '', '', 1, 1, 0, 0, 2, 1, 1, 1, 1, 0, 0, 0, 0, 0, 0, 1, 'MP2202222', '309480239480329480239', 2, 2, 0, '', '', 1, '', '200117', '', '6', '', '14', '+375 4012 31-60-04', '+37589216190018', 'exampl@mail.com', '200117,  , ,  , . , - , . ,  .6 . .14', '. ', 210, 5, 1, '2014-04-14 15:40:32', '2014-04-14 15:40:32', '0000-00-00 00:00:00', '0000-00-00 00:00:00', 1, 1, '38', 1, ' 1234567', 79, 0, 1, 0, 0, 0, 1, 1, 0, 1, '', '0000-00-00', '', '', '0000-00-00', '', '', '0000-00-00', '', '', '0000-00-00', '', 0, 0, '1995-09-18', '2013-06-11', '-2', 2, 1, 50, '01-202-1', '2354068', 1, 39, '05-202-1', '2528680', 1, 42, '06-202-1', '2539168', '53439e8c0effd', 1396940428, '', '0000-00-00', '0000-00-00', '00:00:00', '', 1, 1, 0, ' ', '2012-05-13', 1, 0, '', '', '', '', '', '', '200117,  , ,  , . , - , . ,  .6 . .14', '200117,  , ,  , . , - , . ,  .6 . .14', 1, 2, 0, 0, '', '0000-00-00', '0000-00-00', '0000-00-00', 0, '200117,  , ,  , . , - , . ,  .6 . .14', 0, 0, 0, 0, 8, ' \" \"', '', '+37589216190018', ' \"-\"', '', '+37589216190018', 0, 0, '38');

DROP TABLE IF EXISTS `db_person_talks`;
CREATE TABLE `db_person_talks` (
  `id_person_talks` int(11) NOT NULL AUTO_INCREMENT,
  `name` varchar(60) NOT NULL,
  `sname` varchar(60) NOT NULL,
  `abbr` varchar(50) NOT NULL,
  PRIMARY KEY (`id_person_talks`)
) ENGINE=InnoDB /*!40101 DEFAULT CHARSET=cp1251 */;

DROP TABLE IF EXISTS `db_phone_codes`;
CREATE TABLE `db_phone_codes` (
  `id_phones_bsmu` int(11) NOT NULL AUTO_INCREMENT,
  `name` varchar(60) NOT NULL,
  `sname` varchar(60) NOT NULL,
  `abbr` varchar(50) NOT NULL,
  `realname` varchar(100) NOT NULL,
  `phones` varchar(100) NOT NULL,
  PRIMARY KEY (`id_phones_bsmu`)
) ENGINE=InnoDB AUTO_INCREMENT=124 /*!40101 DEFAULT CHARSET=cp1251 */;

INSERT INTO `db_phone_codes` VALUES
(1, '', '', '', '', '8-0163'),
(2, '', '', '', '', '8-02232'),
(3, '', '', '', '', '8-01643'),
(4, '', '', '', '', '8-01715'),
(5, '', '', '', '', '8-01511'),
(6, '', '', '', '', '8-02131'),
(7, '', '', '', '', '8-0225'),
(8, '', '', '', '', '8-0177'),
(9, '', '', '', '', '8-02344'),
(10, '', '', '', '', '8-02153'),
(11, '', '', '', '', '8-016(2)'),
(12, '', '', '', '-', '8-02336'),
(13, '', '', '', '', '8-02231'),
(14, '', '', '', '', '8-02151'),
(15, '', '', '', '', '8-02330'),
(16, '', '', '', '', '8-01771'),
(17, '', '', '', '', '8-021(2)'),
(18, '', '', '', '', '8-01512'),
(19, '', '', '', '', '8-01772'),
(20, '', '', '', '', '8-01594'),
(21, '', '', '', '', '8-01646'),
(22, '', '', '', '', '8-02156'),
(23, '', '', '', '', '8-02230'),
(24, '', '', '', '', '8-023(2)'),
(25, '', '', '', '', '8-02233'),
(26, '', '', '', '', '8-02139'),
(27, '', '', '', '', '8-015(2)'),
(28, '', '', '', '', '8-01716'),
(29, '', '', '', '', '8-02333'),
(30, '', '', '', '', '8-02157'),
(31, '', '', '', '', '8-02248'),
(32, '', '', '', '', '8-01644'),
(33, '', '', '', '', '8-02137'),
(34, '', '', '', '', '8-01563'),
(35, '', '', '', '', '8-02354'),
(36, '', '', '', '', '8-01641'),
(37, '', '', '', '', '8-02353'),
(38, '', '', '', '', '8-02334'),
(39, '', '', '', '', '8-01775'),
(40, '', '', '', '', '8-01564'),
(41, '', '', '', '', '8-01652'),
(42, '', '', '', '', '8-01645'),
(43, '', '', '', '', '8-01595'),
(44, '', '', '', '', '8-02345'),
(45, '', '', '', '', '8-01631'),
(46, '', '', '', '', '8-02237'),
(47, '', '', '', '', '8-01793'),
(48, '', '', '', '', '8-02244'),
(49, '', '', '', '', '8-02236'),
(50, '', '', '', '', '8-01642'),
(51, '', '', '', '', '8-01719'),
(52, '', '', '', '', '8-01596'),
(53, '', '', '', '', '8-02337'),
(54, '', '', '', '', '8-02245'),
(55, '', '', '', '', '8-02238'),
(56, '', '', '', '', '8-02241'),
(57, '', '', '', '', '8-02234'),
(58, '', '', '', '', '8-01796'),
(59, '', '', '', '', '8-02356'),
(60, '', '', '', '', '8-02132'),
(61, '', '', '', '', '8-01561'),
(62, '', '', '', '', '8-02138'),
(63, '', '', '', '', '8-01774'),
(64, '', '', '', '', '8-02347'),
(65, '', '', '', '', '8-01647'),
(66, '', '', '', '', '8-01794'),
(67, '', '', '', '', '8-01633'),
(68, '', '', '', '', '8-01651'),
(69, '', '', '', ' ', '8-01713'),
(70, '', '', '', '', '8-017'),
(71, '', '', '', ' ', '8-017'),
(72, '', '', '', '', '8-02152'),
(73, '', '', '', '', '8-022(2)'),
(74, '', '', '', '', '8-0236'),
(75, '', '', '', '', '8-01773'),
(76, '', '', '', '', '8-01515'),
(77, '', '', '', '', '8-02240'),
(78, '', '', '', '', '8-01797'),
(79, '', '', '', '', '8-02355'),
(80, '', '', '', '', '8-01770'),
(81, '', '', '', '', '8-01597'),
(82, '', '', '', '', '8-0214'),
(83, '', '', '', '', '8-02357'),
(84, '', '', '', '', '8-0216(1)'),
(85, '', '', '', '', '8-02235'),
(86, '', '', '', '', '8-01591'),
(87, '', '', '', '', '8-01593'),
(88, '', '', '', '', '8-02350'),
(89, '', '', '', '', '8-0165'),
(90, '', '', '', '', '8-01774'),
(91, '', '', '', '', '8-0214'),
(92, '', '', '', '', '8-02155'),
(93, '', '', '', '', '8-01632'),
(94, '', '', '', '', '8-01713'),
(95, '', '', '', '', '8-02340'),
(96, '', '', '', '', '8-02339'),
(97, '', '', '', '', '8-02159'),
(98, '', '', '', '', '8-02342'),
(99, '', '', '', '', '8-01513'),
(100, '', '', '', '', '8-02135'),
(101, '', '', '', '', '8-02246'),
(102, '', '', '', '', '8-01562'),
(103, '', '', '', '', '8-01795'),
(104, '', '', '', '', '8-01776'),
(105, '', '', '', '', '8-01592'),
(106, '', '', '', '', '8-01710'),
(107, '', '', '', ' ', '8-01792'),
(108, '', '', '', '', '8-01717'),
(109, '', '', '', '', '8-01655'),
(110, '', '', '', '', '8-02136'),
(111, '', '', '', '', '8-01718'),
(112, '', '', '', '', '8-02158'),
(113, '', '', '', '', '8-02346'),
(114, '', '', '', '', '8-02247'),
(115, '', '', '', '', '8-02242'),
(116, '', '', '', '', '8-02133'),
(117, '', '', '', '', '8-01714'),
(118, '', '', '', '', '8-02243'),
(119, '', '', '', '', '8-02332'),
(120, '', '', '', '', '8-02154'),
(121, '', '', '', '', '8-02239'),
(122, '', '', '', '', '8-02130'),
(123, '', '', '', '', '8-01514');

DROP TABLE IF EXISTS `db_phones_bsmu`;
CREATE TABLE `db_phones_bsmu` (
  `id_phones_bsmu` int(11) NOT NULL AUTO_INCREMENT,
  `name` varchar(60) NOT NULL,
  `sname` varchar(60) NOT NULL,
  `abbr` varchar(50) NOT NULL,
  `realname` varchar(100) NOT NULL,
  `phones` varchar(100) NOT NULL,
  PRIMARY KEY (`id_phones_bsmu`)
) ENGINE=InnoDB /*!40101 DEFAULT CHARSET=cp1251 */;

DROP TABLE IF EXISTS `db_phones_uzo`;
CREATE TABLE `db_phones_uzo` (
  `id_phones_uzo` int(11) NOT NULL AUTO_INCREMENT,
  `name` varchar(60) NOT NULL,
  `sname` varchar(60) NOT NULL,
  `abbr` varchar(50) NOT NULL,
  `realname` varchar(100) NOT NULL,
  `phones` varchar(100) NOT NULL,
  PRIMARY KEY (`id_phones_uzo`)
) ENGINE=InnoDB AUTO_INCREMENT=14 /*!40101 DEFAULT CHARSET=cp1251 */;

INSERT INTO `db_phones_uzo` VALUES
(1, '', '', '', '  ', '. . (8-0162) 40 96 74'),
(2, '', '', '', '  ', '.(8-0212) 37 31 44; . (8-0212) 48 50 10; (8-0212) 48 63 23'),
(3, '', '', '', '  ', '. . (8-0232) 40-06-72'),
(4, '', '', '', '  ', '. (8-0152) 74 43 92; . (8-0152) 72 22 68;'),
(5, '', '', '', '  ', '.(8-017) 222 77 80; . .(8-017) 222 84 03'),
(6, '', '', '', '  ', '. (8-0222) 22 57 35; . (8-0222) 25 10 56'),
(7, '', '', '', '', '. (8-017) 288 15 77; . (8-017) 288 25 26'),
(8, '', '', '', '  ', '. (8-0162) 28 23 25 . (8-0162) 28 23 26'),
(9, '', '', '', '  ', '. (8-0212,8-02122) 365591; . (8-0212,8-02122) 3655991'),
(10, '', '', '', '  ', '.(8-0232) 74 55 44; . (8-0232) 74 87 89, 74 42 12'),
(11, '', '', '', '  ', '.(8-0152,8-01522) 72 39 01; . (8-0152,8-01522) 72 27 33'),
(12, '', '', '', '  ', '. (8-017) 500 42 31; . 327 66 88'),
(13, '', '', '', '  ', '.(8-0222) 32 66 77; . (8-0222) 27 35 26');

DROP TABLE IF EXISTS `db_pipeline`;
CREATE TABLE `db_pipeline` (
  `id_pipeline` int(11) NOT NULL AUTO_INCREMENT,
  `name` varchar(60) NOT NULL,
  `sname` varchar(60) NOT NULL,
  `abbr` varchar(50) NOT NULL,
  `sender_id` int(11) NOT NULL,
  `acceptor_id` int(11) NOT NULL,
  `person_id` int(11) NOT NULL,
  `delo_name` varchar(60) NOT NULL,
  `ts` datetime NOT NULL,
  PRIMARY KEY (`id_pipeline`)
) ENGINE=InnoDB /*!40101 DEFAULT CHARSET=cp1251 */;

DROP TABLE IF EXISTS `db_plancell`;
CREATE TABLE `db_plancell` (
  `id_plancell` int(11) NOT NULL AUTO_INCREMENT,
  `faculty_id` int(11) NOT NULL,
  `targetcell_id` int(11) NOT NULL,
  `region_id` int(11) NOT NULL,
  `plan` int(11) NOT NULL,
  PRIMARY KEY (`id_plancell`),
  UNIQUE KEY `d` (`faculty_id`,`targetcell_id`,`region_id`)
) ENGINE=InnoDB AUTO_INCREMENT=241 /*!40101 DEFAULT CHARSET=cp1251 */;

INSERT INTO `db_plancell` VALUES
(1, 1, 1, 1, 15),
(2, 1, 1, 2, 5),
(3, 1, 1, 3, 0),
(4, 1, 1, 4, 5),
(5, 1, 1, 5, 30),
(6, 1, 1, 6, 20),
(7, 1, 2, 1, 0),
(8, 1, 2, 2, 0),
(9, 1, 2, 3, 0),
(10, 1, 2, 4, 0),
(11, 1, 2, 5, 0),
(12, 1, 2, 6, 0),
(13, 2, 1, 1, 4),
(14, 2, 1, 2, 4),
(15, 2, 1, 3, 3),
(16, 2, 1, 4, 2),
(17, 2, 1, 5, 4),
(18, 2, 1, 6, 4),
(19, 2, 2, 1, 0),
(20, 2, 2, 2, 0),
(21, 2, 2, 3, 0),
(22, 2, 2, 4, 0),
(23, 2, 2, 5, 0),
(24, 2, 2, 6, 0),
(25, 3, 1, 1, 7),
(26, 3, 1, 2, 5),
(27, 3, 1, 3, 7),
(28, 3, 1, 4, 0),
(29, 3, 1, 5, 10),
(30, 3, 1, 6, 7),
(31, 3, 2, 1, 0),
(32, 3, 2, 2, 0),
(33, 3, 2, 3, 0),
(34, 3, 2, 4, 0),
(35, 3, 2, 5, 0),
(36, 3, 2, 6, 0),
(37, 4, 1, 1, 3),
(38, 4, 1, 2, 2),
(39, 4, 1, 3, 3),
(40, 4, 1, 4, 3),
(41, 4, 1, 5, 2),
(42, 4, 1, 6, 2),
(43, 4, 2, 1, 0),
(44, 4, 2, 2, 0),
(45, 4, 2, 3, 0),
(46, 4, 2, 4, 0),
(47, 4, 2, 5, 0),
(48, 4, 2, 6, 0),
(49, 5, 1, 1, 0),
(50, 5, 1, 2, 0),
(51, 5, 1, 3, 0),
(52, 5, 1, 4, 0),
(53, 5, 1, 5, 0),
(54, 5, 1, 6, 0),
(55, 5, 2, 1, 0),
(56, 5, 2, 2, 0),
(57, 5, 2, 3, 0),
(58, 5, 2, 4, 0),
(59, 5, 2, 5, 0),
(60, 5, 2, 6, 0),
(61, 6, 1, 1, 4),
(62, 6, 1, 2, 0),
(63, 6, 1, 3, 2),
(64, 6, 1, 4, 0),
(65, 6, 1, 5, 2),
(66, 6, 1, 6, 0),
(67, 6, 2, 1, 0),
(68, 6, 2, 2, 0),
(69, 6, 2, 3, 2),
(70, 6, 2, 4, 2),
(71, 6, 2, 5, 2),
(72, 6, 2, 6, 2),
(145, 7, 1, 1, 0),
(146, 7, 1, 2, 0),
(147, 7, 1, 3, 0),
(148, 7, 1, 4, 0),
(149, 7, 1, 5, 0),
(150, 7, 1, 6, 0),
(151, 7, 2, 1, 0),
(152, 7, 2, 2, 0),
(153, 7, 2, 3, 0),
(154, 7, 2, 4, 0),
(155, 7, 2, 5, 0),
(156, 7, 2, 6, 0);

DROP TABLE IF EXISTS `db_planform`;
CREATE TABLE `db_planform` (
  `id_planform` int(11) NOT NULL AUTO_INCREMENT,
  `faculty_id` int(11) NOT NULL,
  `time_form_id` int(11) NOT NULL,
  `edu_form_id` int(11) NOT NULL,
  `total` int(11) NOT NULL,
  PRIMARY KEY (`id_planform`),
  UNIQUE KEY `faculty_id` (`faculty_id`,`time_form_id`,`edu_form_id`)
) ENGINE=InnoDB AUTO_INCREMENT=137 /*!40101 DEFAULT CHARSET=cp1251 */;

INSERT INTO `db_planform` VALUES
(1, 1, 1, 1, 250),
(2, 1, 1, 2, 80),
(3, 1, 2, 1, 0),
(4, 1, 2, 2, 0),
(5, 2, 1, 1, 70),
(6, 2, 1, 2, 20),
(7, 2, 2, 1, 0),
(8, 2, 2, 2, 0),
(9, 3, 1, 1, 120),
(10, 3, 1, 2, 20),
(11, 3, 2, 1, 0),
(12, 3, 2, 2, 0),
(13, 4, 1, 1, 50),
(14, 4, 1, 2, 50),
(15, 4, 2, 1, 0),
(16, 4, 2, 2, 0),
(17, 5, 1, 1, 30),
(18, 5, 1, 2, 0),
(19, 5, 2, 1, 0),
(20, 5, 2, 2, 0),
(21, 6, 1, 1, 55),
(22, 6, 1, 2, 30),
(23, 6, 2, 1, 0),
(24, 6, 2, 2, 30),
(29, 1, 3, 1, 0),
(30, 1, 3, 2, 0),
(31, 1, 4, 1, 0),
(32, 1, 4, 2, 0),
(37, 2, 3, 1, 0),
(38, 2, 3, 2, 0),
(39, 2, 4, 1, 0),
(40, 2, 4, 2, 0),
(45, 3, 3, 1, 0),
(46, 3, 3, 2, 0),
(47, 3, 4, 1, 0),
(48, 3, 4, 2, 0),
(53, 4, 3, 1, 0),
(54, 4, 3, 2, 0),
(55, 4, 4, 1, 0),
(56, 4, 4, 2, 0),
(61, 5, 3, 1, 0),
(62, 5, 3, 2, 0),
(63, 5, 4, 1, 0),
(64, 5, 4, 2, 0),
(69, 6, 3, 1, 0),
(70, 6, 3, 2, 0),
(71, 6, 4, 1, 0),
(72, 6, 4, 2, 0),
(73, 7, 1, 1, 0),
(74, 7, 1, 2, 0),
(75, 7, 2, 1, 0),
(76, 7, 2, 2, 0),
(77, 7, 3, 1, 0),
(78, 7, 3, 2, 0),
(79, 7, 4, 1, 0),
(80, 7, 4, 2, 0);

DROP TABLE IF EXISTS `db_po_base`;
CREATE TABLE `db_po_base` (
  `id_po_base` int(11) NOT NULL AUTO_INCREMENT,
  `name` varchar(60) NOT NULL,
  `sname` varchar(60) NOT NULL,
  `abbr` varchar(50) NOT NULL,
  PRIMARY KEY (`id_po_base`)
) ENGINE=InnoDB AUTO_INCREMENT=4 /*!40101 DEFAULT CHARSET=cp1251 */;

INSERT INTO `db_po_base` VALUES
(1, '', '', ''),
(2, '', '', ''),
(3, '', '', '');

DROP TABLE IF EXISTS `db_po_bsmu`;
CREATE TABLE `db_po_bsmu` (
  `id_po_bsmu` int(11) NOT NULL AUTO_INCREMENT,
  `name` varchar(60) NOT NULL,
  `surname` varchar(200) NOT NULL,
  `midname` varchar(200) NOT NULL,
  PRIMARY KEY (`id_po_bsmu`)
) ENGINE=InnoDB AUTO_INCREMENT=151 /*!40101 DEFAULT CHARSET=cp1251 */;

INSERT INTO `db_po_bsmu` VALUES
(1, '', '', ''),
(2, '', '', ''),
(3, '', '', ''),
(4, '', '', ''),
(5, '', '', ''),
(6, '', '', ''),
(7, '', '', ''),
(8, '', '', ''),
(9, '', '', ''),
(10, '', '', ''),
(11, '', '', ''),
(12, '', '', ''),
(13, '', '', ''),
(14, '', '', ''),
(15, '', '', ''),
(16, '', '', ''),
(17, '', '', ''),
(18, '', '', ''),
(19, '', '', ''),
(20, '', '', ''),
(21, '', '', ''),
(22, '', '', ''),
(23, '', '', ''),
(24, '', '', ''),
(25, '', '', ''),
(26, '', '', ''),
(27, '', '', ''),
(28, '', '', ''),
(29, '', '', ''),
(30, '', '', ''),
(31, '', '', ''),
(32, '', '', ''),
(33, '', '', ''),
(34, '', '', ''),
(35, '', '', ''),
(36, '', '', ''),
(37, '', '', ''),
(38, '', '', ''),
(39, '', '', ''),
(40, '', '', ''),
(41, '', '', ''),
(42, '', '-', ''),
(43, '', '', ''),
(44, '', '', ''),
(45, '', '', ''),
(46, '', '', ''),
(47, '', '', ''),
(48, '', '', ''),
(49, '', '', ''),
(50, '', '', ''),
(51, '', '', ''),
(52, '', '', ''),
(53, '', '', ''),
(54, '', '', ''),
(55, '', '', ''),
(56, '', '', ''),
(57, '', '', ''),
(58, '', '', ''),
(59, '', '', ''),
(60, '', '', ''),
(61, '', '', ''),
(62, '', '', ''),
(63, '', '', ''),
(64, '', '', ''),
(65, '', '', ''),
(66, '', '', ''),
(67, '', '', ''),
(68, '', '', ''),
(69, '', '', ''),
(70, '', '', ''),
(71, '', '', ''),
(72, '', '', ''),
(73, '', '', ''),
(74, '', '', ''),
(75, '', '', ''),
(76, '', '', ''),
(77, '', '', ''),
(78, '', '', ''),
(79, '', '', ''),
(80, '', '', ''),
(81, '', '', ''),
(82, '', '', ''),
(83, '', '', ''),
(84, '', '', ''),
(85, '', '', ''),
(86, '', '', ''),
(87, '', '', ''),
(88, '', '', ''),
(89, '', '', ''),
(90, '', '', ''),
(91, '', '', ''),
(92, '', '-', ''),
(93, '', '', ''),
(94, '', '', ''),
(95, '', '', ''),
(96, '', '', ''),
(97, '', '', ''),
(98, '', '', ''),
(99, '', '', ''),
(100, '', '', ''),
(101, '', '', ''),
(102, '', '', ''),
(103, '', '', ''),
(104, '', '', ''),
(105, '', '', ''),
(106, '', '', ''),
(107, '', '', ''),
(108, '', '', ''),
(109, '', '', ''),
(110, '', '', ''),
(111, '', '', ''),
(112, '', '', ''),
(113, '', '', ''),
(114, '', '', ''),
(115, '', '', ''),
(116, '', '', ''),
(117, '', '', ''),
(118, '', '', ''),
(119, '', '', ''),
(120, '', '', ''),
(121, '', '', ''),
(122, '', '', ''),
(123, '', '', ''),
(124, '', '', ''),
(125, '', '', ''),
(126, '', '', ''),
(127, '', '', ''),
(128, '', '', ''),
(129, '', '', ''),
(130, '', '', ''),
(131, '', '', ''),
(132, '', '', ''),
(133, '', '', ''),
(134, '', '', ''),
(135, '', '', ''),
(136, '', '', ''),
(137, '', '', ''),
(138, '', '', ''),
(139, '', '', ''),
(140, '', '', ''),
(141, '', '', ''),
(142, '', '-', ''),
(143, '', '', ''),
(144, '', '', ''),
(145, '', '', ''),
(146, '', '', ''),
(147, '', '', ''),
(148, '', '', ''),
(149, '', '', ''),
(150, '', '', '');

DROP TABLE IF EXISTS `db_po_lang`;
CREATE TABLE `db_po_lang` (
  `id_po_lang` int(11) NOT NULL AUTO_INCREMENT,
  `name` varchar(60) NOT NULL,
  `sname` varchar(60) NOT NULL,
  `abbr` varchar(50) NOT NULL,
  PRIMARY KEY (`id_po_lang`)
) ENGINE=InnoDB AUTO_INCREMENT=5 /*!40101 DEFAULT CHARSET=cp1251 */;

INSERT INTO `db_po_lang` VALUES
(1, ' ', '', ''),
(2, '', '', ''),
(3, '', '', ''),
(4, ' ', '', '');

DROP TABLE IF EXISTS `db_pool`;
CREATE TABLE `db_pool` (
  `id_pool` int(11) NOT NULL AUTO_INCREMENT,
  `faculty_id` int(11) NOT NULL,
  `time_form_id` int(11) NOT NULL,
  `delo_id` int(11) NOT NULL,
  PRIMARY KEY (`id_pool`)
) ENGINE=InnoDB AUTO_INCREMENT=4 /*!40101 DEFAULT CHARSET=cp1251 */;

INSERT INTO `db_pool` VALUES
(3, 1, 1, 0);

DROP TABLE IF EXISTS `db_president`;
CREATE TABLE `db_president` (
  `id_president` int(11) NOT NULL AUTO_INCREMENT,
  `name` varchar(60) NOT NULL,
  `sname` varchar(60) NOT NULL,
  `abbr` varchar(50) NOT NULL,
  `surname` varchar(200) NOT NULL,
  `midname` varchar(200) NOT NULL,
  PRIMARY KEY (`id_president`)
) ENGINE=InnoDB AUTO_INCREMENT=35 /*!40101 DEFAULT CHARSET=cp1251 */;

INSERT INTO `db_president` VALUES
(25, '', '', '', '', ''),
(26, '', '', '', '', ''),
(27, '', '', '', '', ''),
(28, '', '', '', '', ''),
(29, '', '', '', '', ''),
(30, '', '', '', '', ''),
(31, '', '', '', '', ''),
(32, '', '', '', '', ''),
(33, '', '', '', '', ''),
(34, '', '', '', '', '');

DROP TABLE IF EXISTS `db_query`;
CREATE TABLE `db_query` (
  `id_query` int(11) NOT NULL AUTO_INCREMENT,
  `name` text NOT NULL,
  `sname` varchar(60) NOT NULL,
  `abbr` varchar(50) NOT NULL,
  `query` text NOT NULL,
  `owner_id` int(11) NOT NULL,
  `save_date` timestamp NOT NULL /*!40101 DEFAULT CURRENT_TIMESTAMP ON UPDATE CURRENT_TIMESTAMP */,
  PRIMARY KEY (`id_query`)
) ENGINE=InnoDB /*!40101 DEFAULT CHARSET=cp1251 */;

DROP TABLE IF EXISTS `db_queue`;
CREATE TABLE `db_queue` (
  `id_queue` int(11) NOT NULL AUTO_INCREMENT,
  `name` varchar(60) NOT NULL,
  `sname` varchar(60) NOT NULL,
  `abbr` varchar(50) NOT NULL,
  PRIMARY KEY (`id_queue`)
) ENGINE=InnoDB AUTO_INCREMENT=8 /*!40101 DEFAULT CHARSET=cp1251 */;

INSERT INTO `db_queue` VALUES
(1, '', '', ''),
(2, '-', '', ''),
(3, '', '', ''),
(4, '', '', ''),
(5, '-', '', ''),
(6, ' ()', '', ''),
(7, ' ()', '', '');

DROP TABLE IF EXISTS `db_queue_list`;
CREATE TABLE `db_queue_list` (
  `id_queue_list` int(11) NOT NULL AUTO_INCREMENT,
  `user_id` int(11) NOT NULL,
  `queue_id` int(11) NOT NULL,
  `closed` int(11) NOT NULL,
  PRIMARY KEY (`id_queue_list`)
) ENGINE=InnoDB AUTO_INCREMENT=7 /*!40101 DEFAULT CHARSET=cp1251 */;

INSERT INTO `db_queue_list` VALUES
(1, 1, 1, 1),
(2, 1, 1, 1),
(3, 1, 1, 1),
(4, 48, 0, 1),
(5, 42, 0, 1),
(6, 47, 0, 1);

DROP TABLE IF EXISTS `db_reasoff`;
CREATE TABLE `db_reasoff` (
  `id_reasoff` int(11) NOT NULL AUTO_INCREMENT,
  `name` varchar(60) NOT NULL,
  `sname` varchar(60) NOT NULL,
  `abbr` varchar(50) NOT NULL,
  PRIMARY KEY (`id_reasoff`)
) ENGINE=InnoDB AUTO_INCREMENT=3 /*!40101 DEFAULT CHARSET=cp1251 */;

INSERT INTO `db_reasoff` VALUES
(1, '', '', ''),
(2, ' ', '', '');

DROP TABLE IF EXISTS `db_reason`;
CREATE TABLE `db_reason` (
  `id_reason` int(11) NOT NULL AUTO_INCREMENT,
  `name` varchar(60) NOT NULL,
  `sname` varchar(60) NOT NULL,
  `abbr` varchar(50) NOT NULL,
  PRIMARY KEY (`id_reason`)
) ENGINE=InnoDB AUTO_INCREMENT=4 /*!40101 DEFAULT CHARSET=cp1251 */;

INSERT INTO `db_reason` VALUES
(1, '', '', ''),
(2, ' ', '', ''),
(3, '', '', '');

DROP TABLE IF EXISTS `db_region`;
CREATE TABLE `db_region` (
  `id_region` int(11) NOT NULL AUTO_INCREMENT,
  `name` varchar(60) NOT NULL,
  `sname` varchar(60) NOT NULL,
  `abbr` varchar(60) NOT NULL,
  PRIMARY KEY (`id_region`)
) ENGINE=InnoDB AUTO_INCREMENT=7 /*!40101 DEFAULT CHARSET=cp1251 */;

INSERT INTO `db_region` VALUES
(1, ' ', '', ''),
(2, ' ', '', ''),
(3, ' ', '', ''),
(4, ' ', '', ''),
(5, ' ', '', ''),
(6, ' ', '', '');

DROP TABLE IF EXISTS `db_republic`;
CREATE TABLE `db_republic` (
  `id_republic` int(11) NOT NULL AUTO_INCREMENT,
  `name` varchar(60) NOT NULL,
  `sname` varchar(60) NOT NULL,
  `abbr` varchar(50) NOT NULL,
  `surname` varchar(200) NOT NULL,
  `midname` varchar(200) NOT NULL,
  `subject` varchar(100) NOT NULL,
  `rank` varchar(100) NOT NULL,
  PRIMARY KEY (`id_republic`)
) ENGINE=InnoDB AUTO_INCREMENT=201 /*!40101 DEFAULT CHARSET=cp1251 */;

INSERT INTO `db_republic` VALUES
(1, ' ', '', '', ' ', ' ', ' ', '1  '),
(2, ' ', '', '', ' ', ' ', ' ', '1  '),
(3, ' ', '', '', ' ', ' ', ' ', '1  '),
(4, ' ', '', '', ' ', ' ', ' ', '1  '),
(5, ' ', '', '', ' ', ' ', ' ', '2  '),
(6, ' ', '', '', ' ', ' ', ' ', '2  '),
(7, ' ', '', '', ' ', ' ', ' ', '2  '),
(8, ' ', '', '', ' ', ' ', ' ', '2  '),
(9, ' ', '', '', ' ', ' ', ' ', '2  '),
(10, ' ', '', '', ' ', ' ', ' ', '2  '),
(11, ' ', '', '', ' ', ' ', ' ', '3  '),
(12, ' ', '', '', ' ', ' ', ' ', '3  '),
(13, ' ', '', '', ' ', ' ', ' ', '3  '),
(14, ' ', '', '', ' ', ' ', ' ', '3  '),
(15, ' ', '', '', ' ', ' ', ' ', '3  '),
(16, ' ', '', '', ' ', ' ', ' ', '3  '),
(17, ' ', '', '', ' ', ' ', ' ', '3  '),
(18, ' ', '', '', ' ', ' ', ' ', '3  '),
(19, ' ', '', '', ' ', ' ', ' ', '3  '),
(20, ' ', '', '', ' ', ' ', ' ', '3  '),
(21, ' ', '', '', ' ', ' ', ' ', '3  '),
(22, 'i ', '', '', 'i ', 'i ', ' ', '1  '),
(23, 'i ', '', '', ' ', 'i ', ' ', '1  '),
(24, ' ', '', '', ' ', ' ', ' ', '1  '),
(25, ' ', '', '', ' ', ' ', ' ', '1  '),
(26, ' ', '', '', ' ', ' ', ' ', '1  '),
(27, ' ', '', '', ' ', ' ', ' ', '2  '),
(28, ' ', '', '', ' ', ' ', ' ', '2  '),
(29, ' ', '', '', ' ', ' ', ' ', '2  '),
(30, ' ', '', '', ' ', ' ', ' ', '2  '),
(31, ' ', '', '', ' ', ' ', ' ', '2  '),
(32, ' ', '', '', ' ', ' ', ' ', '2  '),
(33, ' ', '', '', ' ', ' ', ' ', '2  '),
(34, ' ', '', '', ' ', ' ', ' ', '3  '),
(35, ' ', '', '', ' ', ' ', ' ', '3  '),
(36, ' ', '', '', ' ', ' ', ' ', '3  '),
(37, ' ', '', '', ' ', ' ', ' ', '3  '),
(38, ' ', '', '', ' ', ' ', ' ', '3  '),
(39, ' ', '', '', ' ', ' ', ' ', '3  '),
(40, ' ', '', '', ' ', ' ', ' ', '3  '),
(41, ' ', '', '', ' ', ' ', ' ', '3  '),
(42, ' ', '', '', ' ', ' ', ' ', '3  '),
(43, ' ', '', '', ' ', ' ', ' ', '3  '),
(44, ' ', '', '', ' ', ' ', ' ', '3  '),
(45, ' ', '', '', ' ', ' ', ' ', '3  '),
(46, ' ', '', '', ' ', ' ', '', '1  '),
(47, ' ', '', '', ' ', ' ', '', '1  '),
(48, ' ', '', '', ' ', ' ', '', '1  '),
(49, ' ', '', '', ' ', ' ', '', '1  '),
(50, ' ', '', '', ' ', ' ', '', '1  '),
(51, ' ', '', '', ' ', ' ', '', '2  '),
(52, ' ', '', '', ' ', ' ', '', '2  '),
(53, ' ', '', '', ' ', ' ', '', '2  '),
(54, ' ', '', '', ' ', ' ', '', '2  '),
(55, ' ', '', '', ' ', ' ', '', '2  '),
(56, ' ', '', '', ' ', ' ', '', '2  '),
(57, ' ', '', '', ' ', ' ', '', '2  '),
(58, ' ', '', '', ' ', ' ', '', '2  '),
(59, ' ', '', '', ' ', ' ', '', '3  '),
(60, ' ', '', '', ' ', ' ', '', '3  '),
(61, ' ', '', '', ' ', ' ', '', '3  '),
(62, ' ', '', '', ' ', ' ', '', '3  '),
(63, ' ', '', '', ' ', ' ', '', '3  '),
(64, ' ', '', '', ' ', ' ', '', '3  '),
(65, ' ', '', '', ' ', ' ', '', '3  '),
(66, ' ', '', '', ' ', ' ', '', '3  '),
(67, ' ', '', '', ' ', ' ', '', '3  '),
(68, ' ', '', '', ' ', ' ', '', '3  '),
(69, ' ', '', '', ' ', ' ', '', '3  '),
(70, ' ', '', '', ' ', ' ', '', '3  '),
(71, ' ', '', '', ' ', ' ', '', '3  '),
(72, ' ', '', '', ' ', ' ', '', '3  '),
(73, ' ', '', '', ' ', ' ', '', '1  '),
(74, ' ', '', '', ' ', ' ', '', '1  '),
(75, ' ', '', '', ' ', ' ', '', '1  '),
(76, ' ', '', '', ' ', ' ', '', '1  '),
(77, ' ', '', '', ' ', ' ', '', '1  '),
(78, ' ', '', '', ' ', ' ', '', '1  '),
(79, ' ', '', '', ' ', ' ', '', '1  '),
(80, ' ', '', '', ' ', ' ', '', '2  '),
(81, ' ', '', '', ' ', ' ', '', '2  '),
(82, ' ', '', '', ' ', ' ', '', '2  '),
(83, ' ', '', '', ' ', ' ', '', '2  '),
(84, ' ', '', '', ' ', ' ', '', '2  '),
(85, ' ', '', '', ' ', ' ', '', '2  '),
(86, ' ', '', '', ' ', ' ', '', '2  '),
(87, ' ', '', '', ' ', ' ', '', '2  '),
(88, ' ', '', '', ' ', ' ', '', '2  '),
(89, '', '', '', '', '', '', '3  '),
(90, '', '', '', '', '', '', '3  '),
(91, '', '', '', '', '', '', '3  '),
(92, '', '', '', '', '', '', '3  '),
(93, '', '', '', '', '', '', '3  '),
(94, '', '', '', '', '', '', '3  '),
(95, '', '', '', '', '', '', '3  '),
(96, '', '', '', '', '', '', '3  '),
(97, '', '', '', '', '', '', '3  '),
(98, '', '', '', '', '', '', '3  '),
(99, '', '', '', '', '', '', '3  '),
(100, '', '', '', '', '', '', '3  '),
(101, '', '', '', '', '', '', '3  '),
(102, '', '', '', '', '', '', '3  '),
(103, '', '', '', '', '', ' ', '1  3 '),
(104, '', '', '', '', '', ' ', '1  3 '),
(105, '', '', '', '', '', ' ', '1  3 '),
(106, '', '', '', '', '', ' ', '1  3 '),
(107, '', '', '', '', '', ' ', '1  3 '),
(108, ' ', '', '', ' ', ' ', ' ', '1  3 '),
(109, '', '', '', '', '', '', '1  3 '),
(110, '', '', '', '', '', '', '1  3 '),
(111, '', '', '', '', '', '', '1  3 '),
(112, '', '', '', '', '', '', '1  3 '),
(113, '', '', '', '', '', '', '1  3 '),
(114, '', '', '', '', '', '', '1  3 '),
(115, '', '', '', '', '', '', '1  3 '),
(116, '', '', '', '', '', '', '1  3 '),
(117, '', '', '', '', '', '', '1  3 '),
(118, '', '', '', '', '', '', '1  3 '),
(119, '', '', '', '', '', ' ', '1  3 '),
(120, '', '', '', '', '', ' ', '1  3 '),
(121, '', '', '', '', '', '', '1  3 '),
(122, '', '', '', '', '', '', '1  3 '),
(123, '', '', '', '', '', '', '1  3 '),
(124, '', '', '', '', '', ' ', '1  3 '),
(125, '', '', '', '', '', ' ', '1  3 '),
(126, '', '', '', '', '', ' ', '1  3 '),
(127, '', '', '', '', '', ' ', '1  3 '),
(128, '', '', '', '', '', ' ', '1  3 '),
(129, '', '', '', '', '', ' ', '1  3 '),
(130, '', '', '', '', '', ' ', '1  3 '),
(131, '', '', '', '', '', '', '1  3 '),
(132, '', '', '', '', '', '', '1  3 '),
(133, '', '', '', '', '', '', '1  3 '),
(134, '', '', '', '', '', ' ', '1  3 '),
(135, '', '', '', '', '', ' ', '1  3 '),
(136, '', '', '', '', '', ' ', '1  3 '),
(137, '', '', '', '', '', '', '1  3 '),
(138, '', '', '', '', '', '', '1  3 '),
(139, '', '', '', '', '', ' ', '1  3 '),
(140, '', '', '', '', '', ' ', '1  3 '),
(141, '', '', '', '', '', ' ', '1  3 '),
(142, '', '', '', '', '', ' ', '1  3 '),
(143, '', '', '', '', '', '', '1  3 '),
(144, '', '', '', '', '', '', '1  3 '),
(145, '', '', '', '', '', '', '1  3 '),
(146, '', '', '', '', '', '', '1  3 '),
(147, '', '', '', '', '', '', '1  3 '),
(148, '', '', '', '', '', '', '1  3 '),
(149, '', '', '', '', '', ' ', '1  3 '),
(150, '', '', '', '', '', ' ', '1  3 '),
(151, '', '', '', '', '', ' ', '1  3 '),
(152, '', '', '', '', '', ' ', '1  3 '),
(153, '', '', '', '', '', ' ', '1  3 '),
(154, '', '', '', '', '', ' ', '1  3 '),
(155, '', '', '', '', '', '', '1  3 '),
(156, '', '', '', '', '', '', '1  3 '),
(157, '', '', '', '', '', '', '1  3 '),
(158, '', '', '', '', '', '', '1  3 '),
(159, '', '', '', '', '', '', '1  3 '),
(160, '', '', '', '', '', '', '1  3 '),
(161, '', '', '', '', '', '', '1  3 '),
(162, '', '', '', '', '', '', '1  3 '),
(163, '', '', '', '', '', '', '1  3 '),
(164, '', '', '', '', '', ' ', '1  3 '),
(165, '', '', '', '', '', ' ', '1  3 '),
(166, '', '', '', '', '', ' ', '1  3 '),
(167, '', '', '', '', '', ' ', '1  3 '),
(168, '', '', '', '', '', ' ', '1  3 '),
(169, '', '', '', '', '', '', '1  3 '),
(170, '', '', '', '', '', '', '1  3 '),
(171, '', '', '', '', '', '', '1  3 '),
(172, '', '', '', '', '', '', '1  3 '),
(173, '', '', '', '', '', ' ', '1  3 '),
(174, '', '', '', '', '', ' ', '1  3 '),
(175, '', '', '', '', '', ' ', '1  3 '),
(176, '', '', '', '', '', ' ', '1  3 '),
(177, '', '', '', '', '', ' ', '1  3 '),
(178, '', '', '', '', '', ' ', '1  3 '),
(179, '', '', '', '', '', ' ', '1  3 '),
(180, '', '', '', '', '', '', '1  3 '),
(181, '', '', '', '', '', '', '1  3 '),
(182, '', '', '', '', '', '', '1  3 '),
(183, '', '', '', '', '', '', '1  3 '),
(184, '', '', '', '', '', '', '1  3 '),
(185, '', '', '', '', '', '', '1  3 '),
(186, '', '', '', '', '', '', '1  3 '),
(187, '', '', '', '', '', '', '1  3 '),
(188, '', '', '', '', '', '', '1  3 '),
(189, '', '', '', '', '', '', '1  3 '),
(190, '', '', '', '', '', '', '1  3 '),
(191, '', '', '', '', '', '', '1  3 '),
(192, '', '', '', '', '', '', '1  3 '),
(193, '', '', '', '', '', ' ', '1  3 '),
(194, '', '', '', '', '', ' ', '1  3 '),
(195, '', '', '', '', '', ' ', '1  3 '),
(196, '', '', '', '', '', ' ', '1  3 '),
(197, '', '', '', '', '', ' ', '1  3 '),
(198, '', '', '', '', '', ' ', '1  3 '),
(199, '', '', '', '', '', ' ', '1  3 '),
(200, '', '', '', '', '', ' ', '1  3 ');

DROP TABLE IF EXISTS `db_savefield`;
CREATE TABLE `db_savefield` (
  `id_savefield` int(11) NOT NULL AUTO_INCREMENT,
  `user_id` int(11) NOT NULL,
  `name` varchar(60) NOT NULL,
  `fields` text NOT NULL,
  PRIMARY KEY (`id_savefield`)
) ENGINE=InnoDB /*!40101 DEFAULT CHARSET=cp1251 */;

DROP TABLE IF EXISTS `db_secviol`;
CREATE TABLE `db_secviol` (
  `id_secviol` int(11) NOT NULL AUTO_INCREMENT,
  `ts` timestamp NOT NULL /*!40101 DEFAULT CURRENT_TIMESTAMP ON UPDATE CURRENT_TIMESTAMP */,
  `ipaddr` varchar(16) NOT NULL,
  `rs` varchar(100) NOT NULL,
  PRIMARY KEY (`id_secviol`)
) ENGINE=InnoDB /*!40101 DEFAULT CHARSET=cp1251 */;

DROP TABLE IF EXISTS `db_selog`;
CREATE TABLE `db_selog` (
  `id_selog` int(11) NOT NULL AUTO_INCREMENT,
  `ip` varchar(16) NOT NULL,
  `uid` int(11) NOT NULL,
  `key` varchar(60) NOT NULL,
  `value` int(11) NOT NULL,
  `ts` timestamp NOT NULL /*!40101 DEFAULT CURRENT_TIMESTAMP ON UPDATE CURRENT_TIMESTAMP */,
  PRIMARY KEY (`id_selog`)
) ENGINE=InnoDB /*!40101 DEFAULT CHARSET=cp1251 */;

DROP TABLE IF EXISTS `db_settings`;
CREATE TABLE `db_settings` (
  `id_settings` int(11) NOT NULL AUTO_INCREMENT,
  `hashkey` varchar(200) NOT NULL,
  `value` varchar(200) NOT NULL,
  PRIMARY KEY (`id_settings`),
  UNIQUE KEY `haskey` (`hashkey`)
) ENGINE=InnoDB AUTO_INCREMENT=13 /*!40101 DEFAULT CHARSET=cp1251 */;

INSERT INTO `db_settings` VALUES
(1, 'rector', '.. '),
(2, 'executor', '.. '),
(3, 'save', ''),
(6, 'abby_login', 'bsmu'),
(7, 'abby_pass', 'uvo6478');

DROP TABLE IF EXISTS `db_sex`;
CREATE TABLE `db_sex` (
  `id_sex` int(11) NOT NULL AUTO_INCREMENT,
  `name` varchar(60) NOT NULL,
  `sname` varchar(60) NOT NULL,
  `abbr` varchar(60) NOT NULL,
  PRIMARY KEY (`id_sex`)
) ENGINE=InnoDB AUTO_INCREMENT=3 /*!40101 DEFAULT CHARSET=cp1251 */;

INSERT INTO `db_sex` VALUES
(1, '', '', ''),
(2, '', '', '');

DROP TABLE IF EXISTS `db_smalltown`;
CREATE TABLE `db_smalltown` (
  `id_smalltown` int(11) NOT NULL AUTO_INCREMENT,
  `name` varchar(60) NOT NULL,
  `sname` varchar(60) NOT NULL,
  `abbr` varchar(50) NOT NULL,
  `town` varchar(200) NOT NULL,
  `region_by` int(11) NOT NULL,
  PRIMARY KEY (`id_smalltown`)
) ENGINE=InnoDB AUTO_INCREMENT=168 /*!40101 DEFAULT CHARSET=cp1251 */;

INSERT INTO `db_smalltown` VALUES
(1, '', '', '', ' ..', 1),
(2, '', '', '', '', 1),
(3, '', '', '', '', 1),
(4, '', '', '', '', 1),
(5, '', '', '', ' ..', 1),
(6, '', '', '', '-', 1),
(7, '', '', '', ' ..', 1),
(8, '', '', '', '', 1),
(9, '', '', '', '', 1),
(10, '', '', '', '', 1),
(11, '', '', '', '', 1),
(12, '', '', '', '', 1),
(13, '', '', '', ' ..', 1),
(14, '', '', '', '', 1),
(15, '', '', '', '', 1),
(16, '', '', '', '', 1),
(17, '', '', '', '', 1),
(18, '', '', '', ' ..', 1),
(19, '', '', '', ' ..', 1),
(20, '', '', '', '', 1),
(21, '', '', '', ' ..', 1),
(22, '', '', '', ' ..', 1),
(23, '', '', '', '', 2),
(24, '', '', '', ' ..', 2),
(25, '', '', '', ' ..', 2),
(26, '', '', '', ' ..', 2),
(27, '', '', '', ' ..', 2),
(28, '', '', '', ' ..', 2),
(29, '', '', '', '', 2),
(30, '', '', '', '', 2),
(31, '', '', '', ' ..', 2),
(32, '', '', '', ' ..', 2),
(33, '', '', '', ' ..', 2),
(34, '', '', '', '', 2),
(35, '', '', '', '', 2),
(36, '', '', '', '', 2),
(37, '', '', '', '', 2),
(38, '', '', '', '', 2),
(39, '', '', '', ' ..', 2),
(40, '', '', '', ' ..', 2),
(41, '', '', '', ' ..', 2),
(42, '', '', '', '', 2),
(43, '', '', '', ' ..', 2),
(44, '', '', '', ' ..', 2),
(45, '', '', '', '', 2),
(46, '', '', '', '', 2),
(47, '', '', '', ' ..', 2),
(48, '', '', '', ' ..', 2),
(49, '', '', '', ' ..', 2),
(50, '', '', '', ' ..', 2),
(51, '', '', '', '', 2),
(52, '', '', '', ' ..', 2),
(53, '', '', '', ' ..', 2),
(54, '', '', '', '', 2),
(55, '', '', '', ' ..', 2),
(56, '', '', '', '', 2),
(57, '', '', '', ' ..', 2),
(58, '', '', '', '', 2),
(59, '', '', '', ' ..', 2),
(60, '', '', '', ' ..', 2),
(61, '', '', '', ' ..', 2),
(63, '', '', '', ' ..', 3),
(64, '', '', '', ' ..', 3),
(65, '', '', '', '-', 3),
(66, '', '', '', '', 3),
(67, '', '', '', '', 3),
(68, '', '', '', '', 3),
(69, '', '', '', '', 3),
(70, '', '', '', '', 3),
(71, '', '', '', ' ..', 3),
(72, '', '', '', ' ..', 3),
(73, '', '', '', ' ..', 3),
(74, '', '', '', ' ..', 3),
(75, '', '', '', ' ..', 3),
(76, '', '', '', ' ..', 3),
(77, '', '', '', ' ..', 3),
(78, '', '', '', '', 3),
(79, '', '', '', ' ..', 3),
(80, '', '', '', ' ..', 3),
(81, '', '', '', ' ..', 3),
(82, '', '', '', '', 3),
(83, '', '', '', '  ..', 3),
(84, '', '', '', ' ..', 3),
(85, '', '', '', ' ..', 3),
(86, '', '', '', '', 3),
(87, '', '', '', ' ..', 3),
(88, '', '', '', '', 3),
(89, '', '', '', '', 3),
(90, '', '', '', '', 4),
(91, '', '', '', '  ..', 4),
(92, '', '', '', ' ..', 4),
(93, '', '', '', '', 4),
(94, '', '', '', ' ..', 4),
(95, '', '', '', ' ..', 4),
(96, '', '', '', ' ..', 4),
(97, '', '', '', ' ..', 4),
(98, '', '', '', ' ..', 4),
(99, '', '', '', ' ..', 4),
(100, '', '', '', ' ..', 4),
(101, '', '', '', ' ..', 4),
(102, '', '', '', '', 4),
(103, '', '', '', ' ..', 4),
(104, '', '', '', ' ..', 4),
(105, '', '', '', ' ..', 4),
(106, '', '', '', '', 4),
(107, '', '', '', ' ..', 4),
(108, '', '', '', ' ..', 4),
(109, '', '', '', ' ..', 4),
(110, '', '', '', '', 4),
(111, '', '', '', '', 4),
(112, '', '', '', ' ..', 4),
(113, '', '', '', '', 4),
(114, '', '', '', ' ..', 4),
(115, '', '', '', '', 5),
(116, '', '', '', ' ..', 5),
(117, '', '', '', '', 5),
(118, '', '', '', ' ..', 5),
(119, '', '', '', '', 5),
(120, '', '', '', '  ..', 5),
(121, '', '', '', ' ..', 5),
(122, '', '', '', '', 5),
(123, '', '', '', '', 5),
(124, '', '', '', '  ..', 5),
(125, '', '', '', ' ..', 5),
(126, '', '', '', '', 5),
(127, '', '', '', '', 5),
(128, '', '', '', '', 5),
(129, '', '', '', ' .', 5),
(130, '', '', '', '', 5),
(131, '', '', '', ' ..', 5),
(132, '', '', '', '', 5),
(133, '', '', '', ' ..', 5),
(134, '', '', '', ' ..', 5),
(135, '', '', '', ' ..', 5),
(136, '', '', '', ' ..', 5),
(137, '', '', '', ' ..', 5),
(138, '', '', '', ' ..', 5),
(139, '', '', '', ' ..', 5),
(140, '', '', '', '', 5),
(141, '', '', '', ' ..', 5),
(142, '', '', '', ' ', 5),
(143, '', '', '', '', 5),
(144, '', '', '', '', 5),
(145, '', '', '', ' .', 5),
(146, '', '', '', '', 5),
(147, '', '', '', ' ..', 5),
(148, '', '', '', '', 5),
(149, '', '', '', ' ..', 6),
(150, '', '', '', '', 6),
(151, '', '', '', ' ..', 6),
(152, '', '', '', ' ..', 6),
(153, '', '', '', ' ..', 6),
(154, '', '', '', ' ..', 6),
(155, '', '', '', '', 6),
(156, '', '', '', '', 6),
(157, '', '', '', '', 6),
(158, '', '', '', '', 6),
(159, '', '', '', ' ..', 6),
(160, '', '', '', ' ..', 6),
(161, '', '', '', '', 6),
(162, '', '', '', '', 6),
(163, '', '', '', ' ..', 6),
(164, '', '', '', ' ..', 6),
(165, '', '', '', '', 6),
(166, '', '', '', '', 6),
(167, '', '', '', '', 6);

DROP TABLE IF EXISTS `db_stalker`;
CREATE TABLE `db_stalker` (
  `id_stalker` int(11) NOT NULL AUTO_INCREMENT,
  `name` varchar(60) NOT NULL,
  `sname` varchar(60) NOT NULL,
  `abbr` varchar(50) NOT NULL,
  `region_by` int(11) NOT NULL,
  `area` varchar(100) NOT NULL,
  `ssname` varchar(100) NOT NULL,
  `town` varchar(100) NOT NULL,
  `ds` int(11) NOT NULL,
  PRIMARY KEY (`id_stalker`)
) ENGINE=InnoDB AUTO_INCREMENT=2392 /*!40101 DEFAULT CHARSET=cp1251 */;

INSERT INTO `db_stalker` VALUES
(1, '', '', '', 1, '', '', '. ', 0),
(2, '', '', '', 1, '', '', '. ', 0),
(3, '', '', '', 1, '', '', '. ', 0),
(4, '', '', '', 1, '', '', '. ', 0),
(5, '', '', '', 1, '', '', '. ', 0),
(6, '', '', '', 1, '', '', '. ', 0),
(7, '', '', '', 1, '', '', '. ', 0),
(8, '', '', '', 1, '', '', '. ', 0),
(9, '', '', '', 1, '', '', '.  ', 0),
(10, '', '', '', 1, '', '', '. ', 0),
(11, '', '', '', 1, '', ' ', '. ', 0),
(12, '', '', '', 1, '', ' ', '. ', 0),
(13, '', '', '', 1, '', '', '. ', 0),
(14, '', '', '', 1, '', '', ' -2', 0),
(15, '', '', '', 1, '', '', '.  ', 0),
(16, '', '', '', 1, '', '', '.  ', 0),
(17, '', '', '', 1, '', '', '. ', 0),
(18, '', '', '', 1, '', '', '.  ', 0),
(19, '', '', '', 1, '', '', ' ', 0),
(20, '', '', '', 1, '', '', '. ', 0),
(21, '', '', '', 1, '', '', '. ', 0),
(22, '', '', '', 1, '', '', ' -', 0),
(23, '', '', '', 1, '', '', '. ', 0),
(24, '', '', '', 1, '', '', '. ', 0),
(25, '', '', '', 1, '', '', ' ', 0),
(26, '', '', '', 1, '', '', '. ', 0),
(27, '', '', '', 1, '', '', '. ', 0),
(28, '', '', '', 1, '', '', '. ', 0),
(29, '', '', '', 1, '', '', '. ', 0),
(30, '', '', '', 1, '', '', '. ', 0),
(31, '', '', '', 1, '', '', '. ', 0),
(32, '', '', '', 1, '', '', '. ', 0),
(33, '', '', '', 1, '', '', '. ', 0),
(34, '', '', '', 1, '', '', '. ', 0),
(35, '', '', '', 1, '', '', '. ', 0),
(36, '', '', '', 1, '', '', '. ', 0),
(37, '', '', '', 1, '', '', '. ', 0),
(38, '', '', '', 1, '', '', ' ', 0),
(39, '', '', '', 1, '', '', '. ', 0),
(40, '', '', '', 1, '', '', '. ', 0),
(41, '', '', '', 1, '', '', '. ', 0),
(42, '', '', '', 1, '', '', '. ', 0),
(43, '', '', '', 1, '', '', ' ', 0),
(44, '', '', '', 1, '', '', '. ', 0),
(45, '', '', '', 1, '', '', ' -1', 0),
(46, '', '', '', 1, '', '', '. ', 0),
(47, '', '', '', 1, '', '  ', '. ', 0),
(48, '', '', '', 1, '', '  ', '. ', 0),
(49, '', '', '', 1, '', '  ', '. ', 0),
(50, '', '', '', 1, '', '', '. ', 0),
(51, '', '', '', 1, '', '', ' ', 0),
(52, '', '', '', 1, '', '', '. ', 0),
(53, '', '', '', 1, '', '', '. ', 0),
(54, '', '', '', 1, '', '', '. ', 0),
(55, '', '', '', 1, '', '', '. ', 0),
(56, '', '', '', 1, '', '', '. ', 0),
(57, '', '', '', 1, '', '', '. ', 0),
(58, '', '', '', 1, '', '', ' ', 0),
(59, '', '', '', 1, '', '', '.  ', 0),
(60, '', '', '', 1, '', '', '. ', 0),
(61, '', '', '', 1, '', '', '. ', 0),
(62, '', '', '', 1, '', '', '. ', 0),
(63, '', '', '', 1, '', '', '. ', 0),
(64, '', '', '', 1, '', '', '. ', 0),
(65, '', '', '', 1, '', '', '.  ', 0),
(66, '', '', '', 1, '', '', '.  ', 0),
(67, '', '', '', 1, '', '', '. ', 0),
(68, '', '', '', 1, '', '', '. ', 0),
(69, '', '', '', 1, '', '', '. ', 0),
(70, '', '', '', 1, '', ' ', '.. ', 0),
(71, '', '', '', 1, '', ' ', '. ', 0),
(72, '', '', '', 1, '', '', '. ', 0),
(73, '', '', '', 1, '', '', '. ', 0),
(74, '', '', '', 1, '', '', '. -', 0),
(75, '', '', '', 1, '', '', '. ', 0),
(76, '', '', '', 1, '', '', '. ', 0),
(77, '', '', '', 1, '', '', '. -', 0),
(78, '', '', '', 1, '', '', '. ', 0),
(79, '', '', '', 1, '', '', '. ', 0),
(80, '', '', '', 1, '', '', '. ', 0),
(81, '', '', '', 1, '', '', '. ', 0),
(82, '', '', '', 1, '', '', '. ', 0),
(83, '', '', '', 1, '', '', '. ', 0),
(84, '', '', '', 1, '', '', '. ', 0),
(85, '', '', '', 1, '', '', '. ', 0),
(86, '', '', '', 1, '', '', '. ', 0),
(87, '', '', '', 1, '', '', '. ', 0),
(88, '', '', '', 1, '', '', '. ', 0),
(89, '', '', '', 1, '', '', '. ', 0),
(90, '', '', '', 1, '', '', '.  ', 0),
(91, '', '', '', 1, '', '', '. ', 0),
(92, '', '', '', 1, '', '', '.  ', 0),
(93, '', '', '', 1, '', '', '. ', 0),
(94, '', '', '', 1, '', '', '.  ', 0),
(95, '', '', '', 1, '', '', '. ', 0),
(96, '', '', '', 1, '', '', '. ', 0),
(97, '', '', '', 1, '', '', '. ', 0),
(98, '', '', '', 1, '', '', '.  ', 0),
(99, '', '', '', 1, '', '  ', '. ', 0),
(100, '', '', '', 1, '', '  ', '.  ', 0),
(101, '', '', '', 1, '', '  ', '. ', 0),
(102, '', '', '', 1, '', '  ', '. ', 0),
(103, '', '', '', 1, '', '  ', '. ', 0),
(104, '', '', '', 1, '', '  ', '.  ', 0),
(105, '', '', '', 1, '', '', '. ', 0),
(106, '', '', '', 1, '', '', '. ', 0),
(107, '', '', '', 1, '', '', '.  ', 0),
(108, '', '', '', 1, '', '', '.  ', 0),
(109, '', '', '', 1, '', '', '. ', 0),
(110, '', '', '', 1, '', '', '. ', 0),
(111, '', '', '', 1, '', '', '. ', 0),
(112, '', '', '', 1, '', '', '. ', 0),
(113, '', '', '', 1, '', '', '. ', 0),
(114, '', '', '', 1, '', '', '. ', 0),
(115, '', '', '', 2, '', '', '.  ', 0),
(116, '', '', '', 3, '', '', '.  ', 0),
(117, '', '', '', 3, '', '', '. ', 0),
(118, '', '', '', 3, '', '  ', '.  ', 0),
(119, '', '', '', 3, '', '', '. ', 0),
(120, '', '', '', 3, '', '', '.  ', 0),
(121, '', '', '', 3, '', '', '. ', 0),
(122, '', '', '', 3, '', '', '.  ', 0),
(123, '', '', '', 3, '', '', '. ', 0),
(124, '', '', '', 3, '', '', '. ', 0),
(125, '', '', '', 3, '', '', '. ', 0),
(126, '', '', '', 3, '', '', '.  ', 0),
(127, '', '', '', 3, '', '', '. ', 0),
(128, '', '', '', 3, '', '', ' ', 0),
(129, '', '', '', 3, '', '', '. ', 0),
(130, '', '', '', 3, '', '', '.  ', 0),
(131, '', '', '', 3, '', '', '.  ', 0),
(132, '', '', '', 3, '', '', '. ', 0),
(133, '', '', '', 3, '', '', '. ', 0),
(134, '', '', '', 3, '', '', '. ', 0),
(135, '', '', '', 3, '', '', '. ', 0),
(136, '', '', '', 3, '', '', '. ', 0),
(137, '', '', '', 3, '', '', '. ', 0),
(138, '', '', '', 3, '', '', '.  ', 0),
(139, '', '', '', 3, '', '', '.  ', 0),
(140, '', '', '', 3, '', '', '. ', 0),
(141, '', '', '', 3, '', '', '. ', 0),
(142, '', '', '', 3, '', '', '. ', 0),
(143, '', '', '', 3, '', '', '.  ', 0),
(144, '', '', '', 3, '', '', '.  ', 0),
(145, '', '', '', 3, '', '', '. ', 0),
(146, '', '', '', 3, '', '', '. ', 0),
(147, '', '', '', 3, '', '', '.  ', 0),
(148, '', '', '', 3, '', '', '.  ', 0),
(149, '', '', '', 3, '', '', '. ', 0),
(150, '', '', '', 3, '', '', '.  ', 0),
(151, '', '', '', 3, '', '', ' ', 0),
(152, '', '', '', 3, '-', ' ', '. -', 0),
(153, '', '', '', 3, '-', ' ', '.. ', 0),
(154, '', '', '', 3, '-', '', '. ', 0),
(155, '', '', '', 3, '-', '', '. ', 0),
(156, '', '', '', 3, '-', '', '. ', 0),
(157, '', '', '', 3, '-', '', '. ', 0),
(158, '', '', '', 3, '-', '', '. ', 0),
(159, '', '', '', 3, '-', '', '. ', 0),
(160, '', '', '', 3, '-', '', '. ', 0),
(161, '', '', '', 3, '-', '', '. ', 0),
(162, '', '', '', 3, '-', '', '. ', 0),
(163, '', '', '', 3, '-', '', '. ', 0),
(164, '', '', '', 3, '-', '', '. ', 0),
(165, '', '', '', 3, '-', '', '. ', 0),
(166, '', '', '', 3, '-', '', '.  ', 0),
(167, '', '', '', 3, '-', '', '. ', 0),
(168, '', '', '', 3, '-', '', '. ', 0),
(169, '', '', '', 3, '-', '', '. ', 0),
(170, '', '', '', 3, '-', '', '. ', 0),
(171, '', '', '', 3, '-', '', '. ', 0),
(172, '', '', '', 3, '-', '', '. ', 0),
(173, '', '', '', 3, '-', '', '.  ', 0),
(174, '', '', '', 3, '-', '', '. ', 0),
(175, '', '', '', 3, '-', '', '.  ', 0),
(176, '', '', '', 3, '-', '', ' ', 0),
(177, '', '', '', 3, '-', '', '. ', 0),
(178, '', '', '', 3, '-', '', '.  ', 0),
(179, '', '', '', 3, '-', '', '. ', 0),
(180, '', '', '', 3, '-', '', ' ', 0),
(181, '', '', '', 3, '-', '', '. ', 0),
(182, '', '', '', 3, '-', '', '. ', 0),
(183, '', '', '', 3, '-', '', '. ', 0),
(184, '', '', '', 3, '-', '', '. ', 0),
(185, '', '', '', 3, '-', '', '. ', 0),
(186, '', '', '', 3, '-', '', '. ', 0),
(187, '', '', '', 3, '-', '', '.  ', 0),
(188, '', '', '', 3, '-', '', '.  ', 0),
(189, '', '', '', 3, '-', '', '. ', 0),
(190, '', '', '', 3, '-', '', '. ', 0),
(191, '', '', '', 3, '-', '', '. ', 0),
(192, '', '', '', 3, '-', '', '. ', 0),
(193, '', '', '', 3, '-', '', '.  ', 0),
(194, '', '', '', 3, '-', '', '. ', 0),
(195, '', '', '', 3, '-', '', '. ', 0),
(196, '', '', '', 3, '-', '', '. ', 0),
(197, '', '', '', 3, '-', '', '.  ', 0),
(198, '', '', '', 3, '-', '', '. ', 0),
(199, '', '', '', 3, '-', '', '. ', 0),
(200, '', '', '', 3, '-', '', '. ', 0),
(201, '', '', '', 3, '-', '', '.  ', 0),
(202, '', '', '', 3, '-', '', '.  ', 0),
(203, '', '', '', 3, '-', '', ' ', 0),
(204, '', '', '', 3, '-', '', '. ', 0),
(205, '', '', '', 3, '-', '', '. ', 0),
(206, '', '', '', 3, '-', '', '. ', 0),
(207, '', '', '', 3, '-', '', '. ', 0),
(208, '', '', '', 3, '-', '', '. ', 0),
(209, '', '', '', 3, '-', '', '. ', 0),
(210, '', '', '', 3, '-', '', '. ', 0),
(211, '', '', '', 3, '-', '', '. ', 0),
(212, '', '', '', 3, '-', '', '. ', 0),
(213, '', '', '', 3, '-', '', '. ', 0),
(214, '', '', '', 3, '-', '', '.  ', 0),
(215, '', '', '', 3, '-', '', '. ', 0),
(216, '', '', '', 3, '-', '', '.  ', 0),
(217, '', '', '', 3, '-', '', '. ', 0),
(218, '', '', '', 3, '-', '', '. ', 0),
(219, '', '', '', 3, '-', '', '. ', 0),
(220, '', '', '', 3, '-', '', ' ', 0),
(221, '', '', '', 3, '-', '', '. ', 0),
(222, '', '', '', 3, '-', '', '. ', 0),
(223, '', '', '', 3, '-', '', '. ', 0),
(224, '', '', '', 3, '-', '', '.  ', 0),
(225, '', '', '', 3, '-', '', '. ', 0),
(226, '', '', '', 3, '-', '', '. ', 0),
(227, '', '', '', 3, '-', '', '. ', 0),
(228, '', '', '', 3, '-', '', '. ', 0),
(229, '', '', '', 3, '-', '', '. ', 0),
(230, '', '', '', 3, '-', '', '. ', 0),
(231, '', '', '', 3, '-', '', '. ', 0),
(232, '', '', '', 3, '-', '', '. ', 0),
(233, '', '', '', 3, '-', '', '. ', 0),
(234, '', '', '', 3, '-', '', '. ', 0),
(235, '', '', '', 3, '-', '', '. ', 0),
(236, '', '', '', 3, '-', '', '.  ', 0),
(237, '', '', '', 3, '-', '', ' ', 0),
(238, '', '', '', 3, '-', '', '. ', 0),
(239, '', '', '', 3, '-', '', '. ', 0),
(240, '', '', '', 3, '-', '', '. ', 0),
(241, '', '', '', 3, '-', '', '.  ', 0),
(242, '', '', '', 3, '-', '', '.  ', 0),
(243, '', '', '', 3, '-', '', '. ', 0),
(244, '', '', '', 3, '-', '', '. ', 0),
(245, '', '', '', 3, '-', '', '. ', 0),
(246, '', '', '', 3, '-', '', '.  ', 0),
(247, '', '', '', 3, '-', '', '. ', 0),
(248, '', '', '', 3, '-', '', '.  ', 0),
(249, '', '', '', 3, '-', '', '.  ', 0),
(250, '', '', '', 3, '-', '', '.  ', 0),
(251, '', '', '', 3, '-', '', '. ', 0),
(252, '', '', '', 3, '-', '', '. ', 0),
(253, '', '', '', 3, '-', '', '. ', 0),
(254, '', '', '', 3, '-', '', '. ', 0),
(255, '', '', '', 3, '-', '', '. ', 0),
(256, '', '', '', 3, '-', '', '. ', 0),
(257, '', '', '', 3, '-', '', '. ', 0),
(258, '', '', '', 3, '-', '', '. ', 0),
(259, '', '', '', 3, '-', '', '. ', 0),
(260, '', '', '', 3, '-', '', '. ', 0),
(261, '', '', '', 3, '-', '', '. ', 0),
(262, '', '', '', 3, '-', '', '. ', 0),
(263, '', '', '', 3, '-', '', '. ', 0),
(264, '', '', '', 3, '-', '', '. ', 0),
(265, '', '', '', 3, '-', '', '. ', 0),
(266, '', '', '', 3, '-', '', '. ', 0),
(267, '', '', '', 3, '-', '', ' ', 0),
(268, '', '', '', 3, '-', '', '. ', 0),
(269, '', '', '', 3, '-', '', '. ', 0),
(270, '', '', '', 3, '-', '', '. ', 0),
(271, '', '', '', 3, '-', '', '. ', 0),
(272, '', '', '', 3, '-', '', '. ', 0),
(273, '', '', '', 3, '-', '', ' ', 0),
(274, '', '', '', 3, '-', '', '. ', 0),
(275, '', '', '', 3, '-', '', '.  ', 0),
(276, '', '', '', 3, '-', '', '. ', 0),
(277, '', '', '', 3, '-', '', '. ', 0),
(278, '', '', '', 3, '-', '', '. ', 0),
(279, '', '', '', 3, '-', '', '. ', 0),
(280, '', '', '', 3, '-', '', '. ', 0),
(281, '', '', '', 3, '-', '', '.  ', 0),
(282, '', '', '', 3, '-', '', '. ', 0),
(283, '', '', '', 3, '-', '', '. ', 0),
(284, '', '', '', 3, '-', '', '. ', 0),
(285, '', '', '', 3, '-', '', '. ', 0),
(286, '', '', '', 3, '-', '', '. ', 0),
(287, '', '', '', 3, '-', '', '. ', 0),
(288, '', '', '', 3, '-', '', '. ', 0),
(289, '', '', '', 3, '-', '', '. ', 0),
(290, '', '', '', 3, '-', '', '. ', 0),
(291, '', '', '', 3, '-', '', '. ', 0),
(292, '', '', '', 3, '-', '', '. ', 0),
(293, '', '', '', 3, '-', '', '. ', 0),
(294, '', '', '', 3, '-', '', '. ', 0),
(295, '', '', '', 3, '-', '', '. ', 0),
(296, '', '', '', 3, '-', '', ' ', 0),
(297, '', '', '', 3, '-', '', '.  ', 0),
(298, '', '', '', 3, '-', '', '. ', 0),
(299, '', '', '', 3, '-', '  ', '.  ', 0),
(300, '', '', '', 3, '-', '  ', '. ', 0),
(301, '', '', '', 3, '-', '  ', '.  ', 0),
(302, '', '', '', 3, '-', '  ', '. ', 0),
(303, '', '', '', 3, '-', '  ', '. ', 0),
(304, '', '', '', 3, '-', '  ', '. ', 0),
(305, '', '', '', 3, '-', '  ', '. ', 0),
(306, '', '', '', 3, '-', '', '. ', 0),
(307, '', '', '', 3, '-', '', '. ', 0),
(308, '', '', '', 3, '-', '', '.  ', 0),
(309, '', '', '', 3, '-', '', '. ', 0),
(310, '', '', '', 3, '-', '', '. ', 0),
(311, '', '', '', 3, '-', '', '. ', 0),
(312, '', '', '', 3, '-', '', '. ', 0),
(313, '', '', '', 3, '-', '', '. ', 0),
(314, '', '', '', 3, '-', '', '. ', 0),
(315, '', '', '', 3, '-', '', '. ', 0),
(316, '', '', '', 3, '-', '', '. ', 0),
(317, '', '', '', 3, '-', '', '.  ', 0),
(318, '', '', '', 3, '-', '', '. ', 0),
(319, '', '', '', 3, '-', '', '. ', 0),
(320, '', '', '', 3, '-', '', '. -', 0),
(321, '', '', '', 3, '-', '', '. ', 0),
(322, '', '', '', 3, '-', '', '. ', 0),
(323, '', '', '', 3, '-', '', '. ', 0),
(324, '', '', '', 3, '-', '', '. ', 0),
(325, '', '', '', 3, '-', '', '. ', 0),
(326, '', '', '', 3, '-', '', ' ', 0),
(327, '', '', '', 3, '', '', '. ', 0),
(328, '', '', '', 3, '', '', '.  ', 0),
(329, '', '', '', 3, '', '', '. ', 0),
(330, '', '', '', 3, '', '', '. ', 0),
(331, '', '', '', 3, '', '', '. ', 0),
(332, '', '', '', 3, '', '', '. ', 0),
(333, '', '', '', 3, '', '', '  ', 0),
(334, '', '', '', 3, '', '', '. ', 0),
(335, '', '', '', 3, '', '', '. ', 0),
(336, '', '', '', 3, '', '', '. ', 0),
(337, '', '', '', 3, '', '', '. -', 0),
(338, '', '', '', 3, '', '', ' ', 0),
(339, '', '', '', 3, '', '', '. ', 0),
(340, '', '', '', 3, '', '', '.  ', 0),
(341, '', '', '', 3, '', '', '. ', 0),
(342, '', '', '', 3, '', '', '. ', 0),
(343, '', '', '', 3, '', '', '. ', 0),
(344, '', '', '', 3, '', '', '. -', 0),
(345, '', '', '', 3, '', '', '. ', 0),
(346, '', '', '', 3, '', '', '. ', 0),
(347, '', '', '', 3, '', ' ', '. ', 0),
(348, '', '', '', 3, '', ' ', '.. ', 0),
(349, '', '', '', 3, '', '', ' ', 0),
(350, '', '', '', 3, '', '', '. ', 0),
(351, '', '', '', 3, '', '', '. ', 0),
(352, '', '', '', 3, '', '', '.  ', 0),
(353, '', '', '', 3, '', '', '.  ', 0),
(354, '', '', '', 3, '', '', '.  ', 0),
(355, '', '', '', 3, '', '', '. ', 0),
(356, '', '', '', 3, '', '', '. ', 0),
(357, '', '', '', 3, '', '', '. ', 0),
(358, '', '', '', 3, '', '', '. -1', 0),
(359, '', '', '', 3, '', '', '. -2', 0),
(360, '', '', '', 3, '', '', '. ', 0),
(361, '', '', '', 3, '', '', '. ', 0),
(362, '', '', '', 3, '', '  ', '. ', 0),
(363, '', '', '', 3, '', '', '. ', 0),
(364, '', '', '', 3, '', '', ' ', 0),
(365, '', '', '', 3, '', '', '. ', 0),
(366, '', '', '', 3, '', '', '. ', 0),
(367, '', '', '', 3, '', '', '. ', 0),
(368, '', '', '', 3, '', '', ' ', 0),
(369, '', '', '', 3, '', '', '.  ', 0),
(370, '', '', '', 3, '', '', ' ', 0),
(371, '', '', '', 3, '', '', '.  ', 0),
(372, '', '', '', 3, '', '', '. ', 0),
(373, '', '', '', 3, '', '', '. ', 0),
(374, '', '', '', 3, '', '', '. ', 0),
(375, '', '', '', 3, '', '', '. ', 0),
(376, '', '', '', 3, '', '', '.  ', 0),
(377, '', '', '', 3, '', '', '. ', 0),
(378, '', '', '', 3, '', '', '. ', 0),
(379, '', '', '', 3, '', '', '. ', 0),
(380, '', '', '', 3, '', '', '. ', 0),
(381, '', '', '', 3, '', '', ' ', 0),
(382, '', '', '', 3, '', '', '. ', 0),
(383, '', '', '', 3, '', '', '. ', 0),
(384, '', '', '', 3, '', '', '.  ', 0),
(385, '', '', '', 3, '', '', '. ', 0),
(386, '', '', '', 3, '', '', '. ', 0),
(387, '', '', '', 3, '', '', '. ', 0),
(388, '', '', '', 3, '', '', '. ', 0),
(389, '', '', '', 3, '', '', '. ', 0),
(390, '', '', '', 3, '', '', '. ', 0),
(391, '', '', '', 3, '', '', '. ', 0),
(392, '', '', '', 3, '', '', '. ', 0),
(393, '', '', '', 3, '', '', '. ', 0),
(394, '', '', '', 3, '', '', '. ', 0),
(395, '', '', '', 3, '', '', '. -', 0),
(396, '', '', '', 3, '', '', '. ', 0),
(397, '', '', '', 3, '', '', ' ', 0),
(398, '', '', '', 3, '', '', '. ', 0),
(399, '', '', '', 3, '', '', '. ', 0),
(400, '', '', '', 3, '', '', '. ', 0),
(401, '', '', '', 3, '', '', '. ', 0),
(402, '', '', '', 3, '', '', '. ', 0),
(403, '', '', '', 3, '', '', '.  ', 0),
(404, '', '', '', 3, '', '', '. ', 0),
(405, '', '', '', 3, '', '', '. ', 0),
(406, '', '', '', 3, '', '', '. ', 0),
(407, '', '', '', 3, '', '', '. ', 0),
(408, '', '', '', 3, '', '', '. ', 0),
(409, '', '', '', 3, '', '', '. ', 0),
(410, '', '', '', 3, '', '', '. ', 0),
(411, '', '', '', 3, '', '', '.  ', 0),
(412, '', '', '', 3, '', '', '.  ', 0),
(413, '', '', '', 3, '', '', '. ', 0),
(414, '', '', '', 3, '', '', '.  ', 0),
(415, '', '', '', 3, '', '', ' ', 0),
(416, '', '', '', 3, '', ' ', '. ', 0),
(417, '', '', '', 3, '', '', '. ', 0),
(418, '', '', '', 3, '', '', '.  ', 0),
(419, '', '', '', 3, '', '', ' ', 0),
(420, '', '', '', 3, '', '', '. ', 0),
(421, '', '', '', 3, '', '', '. ', 0),
(422, '', '', '', 3, '', '', '  ', 0),
(423, '', '', '', 3, '', '', '. ', 0),
(424, '', '', '', 3, '', '', '. ', 0),
(425, '', '', '', 3, '', '', ' ', 0),
(426, '', '', '', 3, '', '', '. ', 0),
(427, '', '', '', 3, '', '', '. ', 0),
(428, '', '', '', 3, '', '', '. ', 0),
(429, '', '', '', 3, '', '', ' ', 0),
(430, '', '', '', 3, '', '', '. ', 0),
(431, '', '', '', 3, '', '', '. ', 0),
(432, '', '', '', 3, '', '', '. ', 0),
(433, '', '', '', 3, '', '', '. ', 0),
(434, '', '', '', 3, '', '', '. ', 0),
(435, '', '', '', 3, '', '', '. ', 0),
(436, '', '', '', 3, '', '', '. ', 0),
(437, '', '', '', 3, '', '', '. ', 0),
(438, '', '', '', 3, '', ' ', '. ', 0),
(439, '', '', '', 3, '', '', '. ', 0),
(440, '', '', '', 3, '', '', '. ', 0),
(441, '', '', '', 3, '', '', '. ', 0),
(442, '', '', '', 3, '', '', '. ', 0),
(443, '', '', '', 3, '', '', '. ', 0),
(444, '', '', '', 3, '', '', '. ', 0),
(445, '', '', '', 3, '', '', '. ', 0),
(446, '', '', '', 3, '', '', '. ', 0),
(447, '', '', '', 3, '', '', '. ', 0),
(448, '', '', '', 3, '', '', '. ', 0),
(449, '', '', '', 3, '', '', '. ', 0),
(450, '', '', '', 3, '', '', '. ', 0),
(451, '', '', '', 3, '', '', '. ', 0),
(452, '', '', '', 3, '', '', '. ', 0),
(453, '', '', '', 3, '', '', '. ', 0),
(454, '', '', '', 3, '', '', '. ', 0),
(455, '', '', '', 3, '', '', '. ', 0),
(456, '', '', '', 3, '', '', '. ', 0),
(457, '', '', '', 3, '', '', '. ', 0),
(458, '', '', '', 3, '', '', '. ', 0),
(459, '', '', '', 3, '', '', '. ', 0),
(460, '', '', '', 3, '', '', '. ', 0),
(461, '', '', '', 3, '', '', '. ', 0),
(462, '', '', '', 3, '', '', '. ', 0),
(463, '', '', '', 3, '', '', '. ', 0),
(464, '', '', '', 3, '', '', '. ', 0),
(465, '', '', '', 3, '', '', '. ', 0),
(466, '', '', '', 3, '', '', '. ', 0),
(467, '', '', '', 3, '', '', '. ', 0),
(468, '', '', '', 3, '', '', '. ', 0),
(469, '', '', '', 3, '', '', '. ', 0),
(470, '', '', '', 3, '', '', '. ', 0),
(471, '', '', '', 3, '', '', '. ', 0),
(472, '', '', '', 3, '', '', '. ', 0),
(473, '', '', '', 3, '', '', '. ', 0),
(474, '', '', '', 3, '', '', '. ', 0),
(475, '', '', '', 3, '', '', ' ', 0),
(476, '', '', '', 3, '', '', '. ', 0),
(477, '', '', '', 3, '', '', '. ', 0),
(478, '', '', '', 3, '', '', '.  ', 0),
(479, '', '', '', 3, '', '', '. ', 0),
(480, '', '', '', 3, '', '', '. ', 0),
(481, '', '', '', 3, '', '', '  ', 0),
(482, '', '', '', 3, '', ' ', '. ', 0),
(483, '', '', '', 3, '', ' ', '. ', 0),
(484, '', '', '', 3, '', '', '.  ', 0),
(485, '', '', '', 3, '', '', '. ', 0),
(486, '', '', '', 3, '', '', '. ', 0),
(487, '', '', '', 3, '', '', '. ', 0),
(488, '', '', '', 3, '', '', '. ', 0),
(489, '', '', '', 3, '', '', ' ', 0),
(490, '', '', '', 3, '', '', '.  ', 0),
(491, '', '', '', 3, '', '', '. ', 0),
(492, '', '', '', 3, '', '', '. ', 0),
(493, '', '', '', 3, '', '', '. ', 0),
(494, '', '', '', 3, '', '', '. ', 0),
(495, '', '', '', 3, '', '', '. ', 0),
(496, '', '', '', 3, '', '', ' ', 0),
(497, '', '', '', 3, '', '', '. ', 0),
(498, '', '', '', 3, '', '', '.  ', 0),
(499, '', '', '', 3, '', '', '. ', 0),
(500, '', '', '', 3, '', '', '.  ', 0),
(501, '', '', '', 3, '', '', '. ', 0),
(502, '', '', '', 3, '', '', '. ', 0),
(503, '', '', '', 3, '', '', '. ', 0),
(504, '', '', '', 3, '', '', '. ', 0),
(505, '', '', '', 3, '', '', '. ', 0),
(506, '', '', '', 3, '', '', '. ', 0),
(507, '', '', '', 3, '', '', '. ', 0),
(508, '', '', '', 3, '', '', '. ', 0),
(509, '', '', '', 3, '', '', '. ', 0),
(510, '', '', '', 3, '', '', '. ', 0),
(511, '', '', '', 3, '', '', '. ', 0),
(512, '', '', '', 3, '', '', '. ', 0),
(513, '', '', '', 3, '', '', ' ', 0),
(514, '', '', '', 3, '', '', '. ', 0),
(515, '', '', '', 3, '', '', '. ', 0),
(516, '', '', '', 3, '', '', ' ', 0),
(517, '', '', '', 3, '', '', '.  ', 0),
(518, '', '', '', 3, '', '', '. ', 0),
(519, '', '', '', 3, '', '', '. ', 0),
(520, '', '', '', 3, '', '', '. ', 0),
(521, '', '', '', 3, '', '', '. ', 0),
(522, '', '', '', 3, '', '', '. ', 0),
(523, '', '', '', 3, '', '', '. ', 0),
(524, '', '', '', 3, '', '', '. ', 0),
(525, '', '', '', 3, '', '', ' ', 0),
(526, '', '', '', 3, '', '', '.  ', 0),
(527, '', '', '', 3, '', '', '. ', 0),
(528, '', '', '', 3, '', '', '. ', 0),
(529, '', '', '', 3, '', '', '.  ', 0),
(530, '', '', '', 3, '', '', '. ', 0),
(531, '', '', '', 3, '', '', '. ', 0),
(532, '', '', '', 3, '', '', '. ', 0),
(533, '', '', '', 3, '', '', '. ', 0),
(534, '', '', '', 3, '', '', '. ', 0),
(535, '', '', '', 3, '', '', '.  ', 0),
(536, '', '', '', 3, '', '', ' ', 0),
(537, '', '', '', 3, '', '', '. ', 0),
(538, '', '', '', 3, '', '', '. ', 0),
(539, '', '', '', 3, '', '', '.  ', 0),
(540, '', '', '', 3, '', '', '.  ', 0),
(541, '', '', '', 3, '', '', '. ', 0),
(542, '', '', '', 3, '', '', '. ', 0),
(543, '', '', '', 3, '', '', '. ', 0),
(544, '', '', '', 3, '', '', '. ', 0),
(545, '', '', '', 3, '', '', '. ', 0),
(546, '', '', '', 3, '', '', '. ', 0),
(547, '', '', '', 3, '', '', '.  ', 0),
(548, '', '', '', 3, '', '', '. ', 0),
(549, '', '', '', 3, '', '', '. ', 0),
(550, '', '', '', 3, '', '', '. ', 0),
(551, '', '', '', 3, '', '', '. ', 0),
(552, '', '', '', 3, '', '', '. ', 0),
(553, '', '', '', 3, '', '', '. ', 0),
(554, '', '', '', 3, '', '', '. ', 0),
(555, '', '', '', 3, '', '', '. ', 0),
(556, '', '', '', 3, '', '', '. ', 0),
(557, '', '', '', 3, '', '', '. ', 0),
(558, '', '', '', 3, '', '', '. ', 0),
(559, '', '', '', 3, '', '', '. ', 0),
(560, '', '', '', 3, '', '', '.  ', 0),
(561, '', '', '', 3, '', '', '. ', 0),
(562, '', '', '', 3, '', '', '. ', 0),
(563, '', '', '', 3, '', '', '. ', 0),
(564, '', '', '', 3, '', '', '.  ', 0),
(565, '', '', '', 3, '', '', '.  ', 0),
(566, '', '', '', 3, '', '', '. ', 0),
(567, '', '', '', 3, '', '', '. ', 0),
(568, '', '', '', 3, '', '', '. ', 0),
(569, '', '', '', 3, '', '', '. ', 0),
(570, '', '', '', 3, '', '', '. ', 0),
(571, '', '', '', 3, '', '', '. ', 0),
(572, '', '', '', 3, '', '', '. ', 0),
(573, '', '', '', 3, '', '', '. ', 0),
(574, '', '', '', 3, '', '', '. ', 0),
(575, '', '', '', 3, '', '', '. ', 0),
(576, '', '', '', 3, '', '', '. ', 0),
(577, '', '', '', 3, '', '', '. ', 0),
(578, '', '', '', 3, '', '', '.  ', 0),
(579, '', '', '', 3, '', '', '. ', 0),
(580, '', '', '', 3, '', '', '. ', 0),
(581, '', '', '', 3, '', '', '. ', 0),
(582, '', '', '', 3, '', '', '. ', 0),
(583, '', '', '', 3, '', '', '. ', 0),
(584, '', '', '', 3, '', '  ', '. ', 0),
(585, '', '', '', 3, '', '', '. ', 0),
(586, '', '', '', 3, '', '', '. ', 0),
(587, '', '', '', 3, '', '', '. ', 0),
(588, '', '', '', 3, '', '', '. ', 0),
(589, '', '', '', 3, '', '', ' ', 0),
(590, '', '', '', 3, '', '', '. ', 0),
(591, '', '', '', 3, '', '', '. ', 0),
(592, '', '', '', 3, '', '', '. ', 0),
(593, '', '', '', 3, '', '', '. -', 0),
(594, '', '', '', 3, '', '', '. ', 0),
(595, '', '', '', 3, '', '', '. ', 0),
(596, '', '', '', 3, '', '', '. ', 0),
(597, '', '', '', 3, '', '', ' ', 0),
(598, '', '', '', 3, '', '', '. ', 0),
(599, '', '', '', 3, '', '', ' ', 0),
(600, '', '', '', 3, '', '', '. ', 0),
(601, '', '', '', 3, '', '', '. ', 0),
(602, '', '', '', 3, '', '', '. ', 0),
(603, '', '', '', 3, '', '', '. ', 0),
(604, '', '', '', 3, '', '', '  ', 0),
(605, '', '', '', 3, '', '', '. ', 0),
(606, '', '', '', 3, '', '', '. ', 0),
(607, '', '', '', 3, '', '', '. ', 0),
(608, '', '', '', 3, '', '', '. ', 0),
(609, '', '', '', 3, '', '', '. ', 0),
(610, '', '', '', 3, '', '', '.  ', 0),
(611, '', '', '', 3, '', '', '. ', 0),
(612, '', '', '', 3, '', '', '. ', 0),
(613, '', '', '', 3, '', '', '. ', 0),
(614, '', '', '', 3, '', '', '. ', 0),
(615, '', '', '', 3, '', '', '. ', 0),
(616, '', '', '', 3, '', '', '.  ', 0),
(617, '', '', '', 3, '', '', '. ', 0),
(618, '', '', '', 3, '', '', '. ', 0),
(619, '', '', '', 3, '', '', ' ', 0),
(620, '', '', '', 3, '', '', '. ', 0),
(621, '', '', '', 3, '', '', '. ', 0),
(622, '', '', '', 3, '', '', '. ', 0),
(623, '', '', '', 3, '', '', '. ', 0),
(624, '', '', '', 3, '', '', '. ', 0),
(625, '', '', '', 3, '', '', '. -', 0),
(626, '', '', '', 3, '', '', '. ', 0),
(627, '', '', '', 3, '', '', '. ', 0),
(628, '', '', '', 3, '', '', ' ', 0),
(629, '', '', '', 3, '', ' ', '.. ', 0),
(630, '', '', '', 3, '', '', ' ', 0),
(631, '', '', '', 3, '', '', '. ', 0),
(632, '', '', '', 3, '', '', '. ', 0),
(633, '', '', '', 3, '', '', '. ', 0),
(634, '', '', '', 3, '', '', '. ', 0),
(635, '', '', '', 3, '', '', '. ', 0),
(636, '', '', '', 3, '', '', '. ', 0),
(637, '', '', '', 3, '', '', '. -', 0),
(638, '', '', '', 3, '', '', ' ', 0),
(639, '', '', '', 3, '', '', '. ', 0),
(640, '', '', '', 3, '', '', '. ', 0),
(641, '', '', '', 3, '', '', '. ', 0),
(642, '', '', '', 3, '', '', '. ', 0),
(643, '', '', '', 3, '', '', '. ', 0),
(644, '', '', '', 3, '', '', '. ', 0),
(645, '', '', '', 3, '', '', '.  ', 0),
(646, '', '', '', 3, '', '', '. ', 0),
(647, '', '', '', 3, '', '', '. ', 0),
(648, '', '', '', 3, '', '', ' ', 0),
(649, '', '', '', 3, '', '', '. ', 0),
(650, '', '', '', 3, '', '', '. ', 0),
(651, '', '', '', 3, '', '', '. ', 0),
(652, '', '', '', 3, '', '', '. ', 0),
(653, '', '', '', 3, '', '', '. ', 0),
(654, '', '', '', 3, '', '', '. ', 0),
(655, '', '', '', 3, '', '', '. ', 0),
(656, '', '', '', 3, '', '', '. ', 0),
(657, '', '', '', 3, '', '', '. ', 0),
(658, '', '', '', 3, '', '', '. ', 0),
(659, '', '', '', 3, '', '', '. ', 0),
(660, '', '', '', 3, '', '', ' ', 0),
(661, '', '', '', 3, '', '', '. ', 0),
(662, '', '', '', 3, '', '', '. ', 0),
(663, '', '', '', 3, '', '', '. ', 0),
(664, '', '', '', 3, '', '', '. -', 0),
(665, '', '', '', 3, '', '', ' ', 0),
(666, '', '', '', 3, '', '', '. ', 0),
(667, '', '', '', 3, '', '', '. ', 0),
(668, '', '', '', 3, '', '', '. ', 0),
(669, '', '', '', 3, '', '', '. ', 0),
(670, '', '', '', 3, '', '', ' ', 0),
(671, '', '', '', 3, '', '', '.  ', 0),
(672, '', '', '', 3, '', '', '.  ', 0),
(673, '', '', '', 3, '', '', '. ', 0),
(674, '', '', '', 3, '', '', '. ', 0),
(675, '', '', '', 3, '', '', '. ', 0),
(676, '', '', '', 3, '', '', ' ', 0),
(677, '', '', '', 3, '', '', '.  ', 0),
(678, '', '', '', 3, '', '', '. ', 0),
(679, '', '', '', 3, '', '', '. ', 0),
(680, '', '', '', 3, '', '', '. ', 0),
(681, '', '', '', 3, '', '', '.  ', 0),
(682, '', '', '', 3, '', '', ' ', 0),
(683, '', '', '', 3, '', '', '. ', 0),
(684, '', '', '', 3, '', '', '. ', 0),
(685, '', '', '', 3, '', '', '. ', 0),
(686, '', '', '', 3, '', '', '.  ', 0),
(687, '', '', '', 3, '', '', '. ', 0),
(688, '', '', '', 3, '', '', ' ', 0),
(689, '', '', '', 3, '', '', '. ', 0),
(690, '', '', '', 3, '', '', '. ', 0),
(691, '', '', '', 3, '', '', '. ', 0),
(692, '', '', '', 3, '', '', '. ', 0),
(693, '', '', '', 3, '', '', '.  ', 0),
(694, '', '', '', 3, '', '', '.  ', 0),
(695, '', '', '', 3, '', '', '. ', 0),
(696, '', '', '', 3, '', '', '.  ', 0),
(697, '', '', '', 3, '', '', '. ', 0),
(698, '', '', '', 3, '', '', '. ', 0),
(699, '', '', '', 3, '', '', '. ', 0),
(700, '', '', '', 3, '', '', '. ', 0),
(701, '', '', '', 3, '', '', '. ', 0),
(702, '', '', '', 3, '', '', '.  ', 0),
(703, '', '', '', 3, '', '', '. ', 0),
(704, '', '', '', 3, '', '', '. ', 0),
(705, '', '', '', 3, '', '', '. ', 0),
(706, '', '', '', 3, '', '', '. ', 0),
(707, '', '', '', 3, '', '', '. ', 0),
(708, '', '', '', 3, '', '', '. ', 0),
(709, '', '', '', 3, '', '', '. ', 0),
(710, '', '', '', 3, '', '', '. ', 0),
(711, '', '', '', 3, '', '', '. ', 0),
(712, '', '', '', 3, '', '', '. ', 0),
(713, '', '', '', 3, '', '', '.  ', 0),
(714, '', '', '', 3, '', '', '. ', 0),
(715, '', '', '', 3, '', '', '.  ', 0),
(716, '', '', '', 3, '', '', '.  ', 0),
(717, '', '', '', 3, '', '', '.  ', 0),
(718, '', '', '', 3, '', '', '. ', 0),
(719, '', '', '', 3, '', '', '. ', 0),
(720, '', '', '', 3, '', '', '. ', 0),
(721, '', '', '', 3, '', '', '. ', 0),
(722, '', '', '', 3, '', '', '. ', 0),
(723, '', '', '', 3, '', '', '.  ', 0),
(724, '', '', '', 3, '', '', '. ', 0),
(725, '', '', '', 3, '', '', '. ', 0),
(726, '', '', '', 3, '', '', '. ', 0),
(727, '', '', '', 3, '', '', '. ', 0),
(728, '', '', '', 3, '', '', '. ', 0),
(729, '', '', '', 3, '', '', '. ', 0),
(730, '', '', '', 3, '', '', '. ', 0),
(731, '', '', '', 3, '', '', '. ', 0),
(732, '', '', '', 3, '', '', '. ', 0),
(733, '', '', '', 3, '', '', '. ', 0),
(734, '', '', '', 3, '', '', '. ', 0),
(735, '', '', '', 3, '', '', '. ', 0),
(736, '', '', '', 3, '', '', '. ', 0),
(737, '', '', '', 3, '', '', '. ', 0),
(738, '', '', '', 3, '', '', '. ', 0),
(739, '', '', '', 3, '', '', ' ', 0),
(740, '', '', '', 3, '', '', '. ', 0),
(741, '', '', '', 3, '', '', '. ', 0),
(742, '', '', '', 3, '', '', '. ', 0),
(743, '', '', '', 3, '', '', '.  ', 0),
(744, '', '', '', 3, '', '', '.  ', 0),
(745, '', '', '', 3, '', '', '. ', 0),
(746, '', '', '', 3, '', '', '. ', 0),
(747, '', '', '', 3, '', '', '. ', 0),
(748, '', '', '', 3, '', '', '.  ', 0),
(749, '', '', '', 3, '', '', '. ', 0),
(750, '', '', '', 3, '', '', '. ', 0),
(751, '', '', '', 3, '', '', '. ', 0),
(752, '', '', '', 3, '', '', '. ', 0),
(753, '', '', '', 3, '', '', '.  ', 0),
(754, '', '', '', 3, '', '', '. ', 0),
(755, '', '', '', 3, '', '', '. ', 0),
(756, '', '', '', 3, '', '', '.  ', 0),
(757, '', '', '', 3, '', '', '. ', 0),
(758, '', '', '', 3, '', '', '. ', 0),
(759, '', '', '', 3, '', '', '.  ', 0),
(760, '', '', '', 3, '', '', '. ', 0),
(761, '', '', '', 3, '', '', '. ', 0),
(762, '', '', '', 3, '', '', '.  ', 0),
(763, '', '', '', 3, '', ' ', '. ', 0),
(764, '', '', '', 3, '', ' ', '. ', 0),
(765, '', '', '', 3, '', '', ' ', 0),
(766, '', '', '', 3, '', '', ' ', 0),
(767, '', '', '', 3, '', '', '. ', 0),
(768, '', '', '', 3, '', '', '  ', 0),
(769, '', '', '', 3, '', '', '. ', 0),
(770, '', '', '', 3, '', '', '. ', 0),
(771, '', '', '', 3, '', '', '.  ', 0),
(772, '', '', '', 3, '', '', '. ', 0),
(773, '', '', '', 3, '', '', '. -1', 0),
(774, '', '', '', 3, '', '', '. ', 0),
(775, '', '', '', 3, '', '', '. ', 0),
(776, '', '', '', 3, '', '', '. ', 0),
(777, '', '', '', 3, '', '', '. ', 0),
(778, '', '', '', 3, '', '', '. ', 0),
(779, '', '', '', 3, '', '', '. ', 0),
(780, '', '', '', 3, '', '', '. ', 0),
(781, '', '', '', 3, '', '', '. ', 0),
(782, '', '', '', 3, '', '', '. ', 0),
(783, '', '', '', 3, '', '', '.  ', 0),
(784, '', '', '', 3, '', '', '. ', 0),
(785, '', '', '', 3, '', '', '. ', 0),
(786, '', '', '', 3, '', '', '. ', 0),
(787, '', '', '', 3, '', '', '. ', 0),
(788, '', '', '', 3, '', '', '. ', 0),
(789, '', '', '', 3, '', '  ', ' ', 0),
(790, '', '', '', 3, '', '  ', '.  ', 0),
(791, '', '', '', 3, '', '  ', '. ', 0),
(792, '', '', '', 3, '', '', ' ', 0),
(793, '', '', '', 3, '', '', '. -', 0),
(794, '', '', '', 3, '', '', '. ', 0),
(795, '', '', '', 3, '', '', '. ', 0),
(796, '', '', '', 3, '', '', '. ', 0),
(797, '', '', '', 3, '', '', '. ', 0),
(798, '', '', '', 3, '', '', ' ', 0),
(799, '', '', '', 3, '', '', '. ', 0),
(800, '', '', '', 3, '', '', '. ', 0),
(801, '', '', '', 3, '', '', '.  ', 0),
(802, '', '', '', 3, '', '', '. ', 0),
(803, '', '', '', 3, '', '', '. ', 0),
(804, '', '', '', 3, '', '', '. ', 0),
(805, '', '', '', 3, '', '', '.  ', 0),
(806, '', '', '', 3, '', '', '. ', 0),
(807, '', '', '', 3, '', '', '. ', 0),
(808, '', '', '', 3, '', '', '. ', 0),
(809, '', '', '', 3, '', '', '. ', 0),
(810, '', '', '', 3, '', '', '. ', 0),
(811, '', '', '', 3, '', '', '. ', 0),
(812, '', '', '', 3, '', '', '. ', 0),
(813, '', '', '', 3, '', '', '. ', 0),
(814, '', '', '', 3, '', '', '. ', 0),
(815, '', '', '', 3, '', '', '. ', 0),
(816, '', '', '', 3, '', '', '. ', 0),
(817, '', '', '', 3, '', '', '. ', 0),
(818, '', '', '', 3, '', '', '. ', 0),
(819, '', '', '', 3, '', '', '. ', 0),
(820, '', '', '', 3, '', '', ' ', 0),
(821, '', '', '', 3, '', '', '. ', 0),
(822, '', '', '', 3, '', '', '. ', 0),
(823, '', '', '', 3, '', '', '. ', 0),
(824, '', '', '', 3, '', '', '. ', 0),
(825, '', '', '', 3, '', '', '.  ', 0),
(826, '', '', '', 3, '', '', ' ', 0),
(827, '', '', '', 3, '', '', '. ', 0),
(828, '', '', '', 3, '', '', '. ', 0),
(829, '', '', '', 3, '', '', '. ', 0),
(830, '', '', '', 3, '', '', '. ', 0),
(831, '', '', '', 3, '', '', '. ', 0),
(832, '', '', '', 3, '', '', '. ', 0),
(833, '', '', '', 3, '', '', '. ', 0),
(834, '', '', '', 3, '', '', '. ', 0),
(835, '', '', '', 3, '', '', '. ', 0),
(836, '', '', '', 3, '', '', '. ', 0),
(837, '', '', '', 3, '', '', '. ', 0),
(838, '', '', '', 3, '', '', '. ', 0),
(839, '', '', '', 3, '', '', ' ', 0),
(840, '', '', '', 3, '', '', '. ', 0),
(841, '', '', '', 3, '', '', '.  ', 0),
(842, '', '', '', 3, '', '', ' ', 0),
(843, '', '', '', 3, '', '', '. ', 0),
(844, '', '', '', 3, '', '', '. ', 0),
(845, '', '', '', 3, '', '', '. ', 0),
(846, '', '', '', 3, '', '', '. ', 0),
(847, '', '', '', 3, '', '', '. ', 0),
(848, '', '', '', 3, '', '', '. ', 0),
(849, '', '', '', 3, '', '', ' ', 0),
(850, '', '', '', 3, '', '', '.  ', 0),
(851, '', '', '', 3, '', '', '. ', 0),
(852, '', '', '', 3, '', '', '. ', 0),
(853, '', '', '', 3, '', '', '. ', 0),
(854, '', '', '', 3, '', '', '. ', 0),
(855, '', '', '', 3, '', '', '. ', 0),
(856, '', '', '', 3, '', '', ' ', 0),
(857, '', '', '', 3, '', '', '. ', 0),
(858, '', '', '', 3, '', '', '.  ', 0),
(859, '', '', '', 3, '', '', '. ', 0),
(860, '', '', '', 3, '', '', '. ', 0),
(861, '', '', '', 3, '', '', '.  ', 0),
(862, '', '', '', 3, '', '', '. ', 0),
(863, '', '', '', 3, '', '', '.  ', 0),
(864, '', '', '', 3, '', '', '. ', 0),
(865, '', '', '', 3, '', '', '. ', 0),
(866, '', '', '', 3, '', '', '. ', 0),
(867, '', '', '', 3, '', '', '. ', 0),
(868, '', '', '', 3, '', '', '. ', 0),
(869, '', '', '', 3, '', '', '. ', 0),
(870, '', '', '', 3, '', '', '. ', 0),
(871, '', '', '', 3, '', '', '. ', 0),
(872, '', '', '', 3, '', '', '. ', 0),
(873, '', '', '', 3, '', '', '. ', 0),
(874, '', '', '', 3, '', '', ' ', 0),
(875, '', '', '', 3, '', '', '. ', 0),
(876, '', '', '', 3, '', '', '. ', 0),
(877, '', '', '', 3, '', '', '. ', 0),
(878, '', '', '', 3, '', '', '. ', 0),
(879, '', '', '', 3, '', '', '. ', 0),
(880, '', '', '', 3, '', '', '. ', 0),
(881, '', '', '', 3, '', '', '. ', 0),
(882, '', '', '', 3, '', '', '  ', 0),
(883, '', '', '', 3, '', '', '. ', 0),
(884, '', '', '', 3, '', '', '. ', 0),
(885, '', '', '', 3, '', '', '. ', 0),
(886, '', '', '', 3, '', '', '. ', 0),
(887, '', '', '', 3, '', '', '. ', 0),
(888, '', '', '', 3, '', '', '. ', 0),
(889, '', '', '', 3, '', '', '. ', 0),
(890, '', '', '', 3, '', '', '. ', 0),
(891, '', '', '', 3, '', '', '. ', 0),
(892, '', '', '', 3, '', '', '. ', 0),
(893, '', '', '', 3, '', '', '. ', 0),
(894, '', '', '', 3, '', '', ' ', 0),
(895, '', '', '', 3, '', '', '. ', 0),
(896, '', '', '', 3, '', '', '.  ', 0),
(897, '', '', '', 3, '', '', '. ', 0),
(898, '', '', '', 3, '', '', '. ', 0),
(899, '', '', '', 3, '', '', '. ', 0),
(900, '', '', '', 3, '', '', '. ', 0),
(901, '', '', '', 3, '', '', '. ', 0),
(902, '', '', '', 3, '', '', '. ', 0),
(903, '', '', '', 3, '', '', '. ', 0),
(904, '', '', '', 3, '', '', '. ', 0),
(905, '', '', '', 3, '', '', '. ', 0),
(906, '', '', '', 3, '', '', '. ', 0),
(907, '', '', '', 3, '', '', '. ', 0),
(908, '', '', '', 3, '', '', ' ', 0),
(909, '', '', '', 3, '', '', '. ', 0),
(910, '', '', '', 3, '', '', '. ', 0),
(911, '', '', '', 3, '', '', '. ', 0),
(912, '', '', '', 3, '', '', '. ', 0),
(913, '', '', '', 3, '', '', '.  ', 0),
(914, '', '', '', 3, '', '', '. ', 0),
(915, '', '', '', 3, '', '', '.  ', 0),
(916, '', '', '', 3, '', '', '. ', 0),
(917, '', '', '', 3, '', '', '. ', 0),
(918, '', '', '', 3, '', '', '. ', 0),
(919, '', '', '', 3, '', '', '. ', 0),
(920, '', '', '', 3, '', '', '. ', 0),
(921, '', '', '', 3, '', '', '. ', 0),
(922, '', '', '', 3, '', '', '. ', 0),
(923, '', '', '', 3, '', '', '. ', 0),
(924, '', '', '', 3, '', '', '. ', 0),
(925, '', '', '', 3, '', '', '. ', 0),
(926, '', '', '', 3, '', '', '. ', 0),
(927, '', '', '', 3, '', '', '. ', 0),
(928, '', '', '', 3, '', '', '. ', 0),
(929, '', '', '', 3, '', '', '. ', 0),
(930, '', '', '', 3, '', '', '. ', 0),
(931, '', '', '', 3, '', '', '. ', 0),
(932, '', '', '', 3, '', '', '.  ', 0),
(933, '', '', '', 3, '', '', '. ', 0),
(934, '', '', '', 3, '', '', '. ', 0),
(935, '', '', '', 3, '', '', '. ', 0),
(936, '', '', '', 3, '', '', ' ', 0),
(937, '', '', '', 3, '', '', '. ', 0),
(938, '', '', '', 3, '', '', '. ', 0),
(939, '', '', '', 3, '', '', '.  ', 0),
(940, '', '', '', 3, '', '', '. ', 0),
(941, '', '', '', 3, '', '', '.  ', 0),
(942, '', '', '', 3, '', '', '.  ', 0),
(943, '', '', '', 3, '', '', ' ', 0),
(944, '', '', '', 3, '', '', '. ', 0),
(945, '', '', '', 3, '', '', '. ', 0),
(946, '', '', '', 3, '', '', '.  ', 0),
(947, '', '', '', 3, '', '', '. ', 0),
(948, '', '', '', 3, '', '', '. ', 0),
(949, '', '', '', 3, '', '', '. ', 0),
(950, '', '', '', 3, '', '', '. ', 0),
(951, '', '', '', 3, '', '', '. ', 0),
(952, '', '', '', 3, '', '', '. ', 0),
(953, '', '', '', 3, '', '', '. ', 0),
(954, '', '', '', 3, '', '', '. ', 0),
(955, '', '', '', 3, '', '', '. ', 0),
(956, '', '', '', 3, '', '', '. ', 0),
(957, '', '', '', 3, '', '', '. ', 0),
(958, '', '', '', 3, '', '', '. ', 0),
(959, '', '', '', 3, '', '', ' ', 0),
(960, '', '', '', 3, '', '', '. C', 0),
(961, '', '', '', 3, '', '', '. ', 0),
(962, '', '', '', 3, '', '', '. ', 0),
(963, '', '', '', 3, '', '', '.  ', 0),
(964, '', '', '', 3, '', '', '. ', 0),
(965, '', '', '', 3, '', '', '. ', 0),
(966, '', '', '', 3, '', '', '. ', 0),
(967, '', '', '', 3, '', '', '. ', 0),
(968, '', '', '', 3, '', '', '. ', 0),
(969, '', '', '', 3, '', '', '. ', 0),
(970, '', '', '', 3, '', '', '. ', 0),
(971, '', '', '', 3, '', '', '. ', 0),
(972, '', '', '', 3, '', '', '. ', 0),
(973, '', '', '', 3, '', '', '. ', 0),
(974, '', '', '', 3, '', '', '. ', 0),
(975, '', '', '', 3, '', '', '. ', 0),
(976, '', '', '', 3, '', '', '. ', 0),
(977, '', '', '', 3, '', '', ' ', 0),
(978, '', '', '', 3, '', '', '. ', 0),
(979, '', '', '', 3, '', '', '. ', 0),
(980, '', '', '', 3, '', '', '. ', 0),
(981, '', '', '', 3, '', '', '.  ', 0),
(982, '', '', '', 3, '', '', '.  ', 0),
(983, '', '', '', 3, '', '', '. ', 0),
(984, '', '', '', 3, '', '', ' ', 0),
(985, '', '', '', 3, '', '', '. ', 0),
(986, '', '', '', 3, '', '', '. ', 0),
(987, '', '', '', 3, '', '', '. ', 0),
(988, '', '', '', 3, '', '', '.  ', 0),
(989, '', '', '', 3, '', '', '. ', 0),
(990, '', '', '', 3, '', '', ' ', 0),
(991, '', '', '', 3, '', '', '. ', 0),
(992, '', '', '', 3, '', '', '. ', 0),
(993, '', '', '', 3, '', '', '. ', 0),
(994, '', '', '', 3, '', '', '. ', 0),
(995, '', '', '', 3, '', '', '.  ', 0),
(996, '', '', '', 3, '', '', '. ', 0),
(997, '', '', '', 3, '', '', '. ', 0),
(998, '', '', '', 3, '', '', '. ', 0),
(999, '', '', '', 3, '', '', '. ', 0),
(1000, '', '', '', 3, '', '', '. ', 0),
(1001, '', '', '', 3, '', '', '. ', 0),
(1002, '', '', '', 3, '', '', ' ', 0),
(1003, '', '', '', 3, '', '', '. ', 0),
(1004, '', '', '', 3, '', '', '. ', 0),
(1005, '', '', '', 3, '', '', '. ', 0),
(1006, '', '', '', 3, '', '', '. ', 0),
(1007, '', '', '', 3, '', '', '.  -1', 0),
(1008, '', '', '', 3, '', '', '.  -2', 0),
(1009, '', '', '', 3, '', '', '. ', 0),
(1010, '', '', '', 3, '', '  ', '..  ', 0),
(1011, '', '', '', 3, '', '', ' ', 0),
(1012, '', '', '', 3, '', '', '. ', 0),
(1013, '', '', '', 3, '', '', '  ', 0),
(1014, '', '', '', 3, '', '', '. ', 0),
(1015, '', '', '', 3, '', '', '. ', 0),
(1016, '', '', '', 3, '', '', '. ', 0),
(1017, '', '', '', 3, '', '', '.  ', 0),
(1018, '', '', '', 3, '', '', '. ', 0),
(1019, '', '', '', 3, '', '', '. ', 0),
(1020, '', '', '', 3, '', '', '. ', 0),
(1021, '', '', '', 3, '', '', '. ', 0),
(1022, '', '', '', 3, '', '', '. ', 0),
(1023, '', '', '', 3, '', '', '. ', 0),
(1024, '', '', '', 3, '', '', '.  ', 0),
(1025, '', '', '', 3, '', '', '.  ', 0),
(1026, '', '', '', 3, '', '', '. ', 0),
(1027, '', '', '', 3, '', '', ' ', 0),
(1028, '', '', '', 3, '', '', '. ', 0),
(1029, '', '', '', 3, '', '', '. ', 0),
(1030, '', '', '', 3, '', '', ' ', 0),
(1031, '', '', '', 3, '', '', '. ', 0),
(1032, '', '', '', 3, '', '', '. ', 0),
(1033, '', '', '', 3, '', '', '. ', 0),
(1034, '', '', '', 3, '', '', '. ', 0),
(1035, '', '', '', 3, '', '', '. ', 0),
(1036, '', '', '', 3, '', '', '. ', 0),
(1037, '', '', '', 3, '', '', '. ', 0),
(1038, '', '', '', 3, '', '', '. ', 0),
(1039, '', '', '', 3, '', '', '. ', 0),
(1040, '', '', '', 3, '', '', '. ', 0),
(1041, '', '', '', 3, '', '', '. ', 0),
(1042, '', '', '', 3, '', '', '. ', 0),
(1043, '', '', '', 3, '', '', '. -', 0),
(1044, '', '', '', 3, '', '', '.  ', 0),
(1045, '', '', '', 3, '', '', '. ', 0),
(1046, '', '', '', 3, '', '', '. ', 0),
(1047, '', '', '', 3, '', '', '. ', 0),
(1048, '', '', '', 3, '', '', '. ', 0),
(1049, '', '', '', 3, '', '', '. ', 0),
(1050, '', '', '', 3, '', '', '. ', 0),
(1051, '', '', '', 3, '', '', '. ', 0),
(1052, '', '', '', 3, '', '', '. ', 0),
(1053, '', '', '', 3, '', '', '.  ', 0),
(1054, '', '', '', 3, '', '', '. ', 0),
(1055, '', '', '', 3, '', '', '. ', 0),
(1056, '', '', '', 3, '', '', '. ', 0),
(1057, '', '', '', 3, '', '', '. ', 0),
(1058, '', '', '', 3, '', '', '.  ', 0),
(1059, '', '', '', 3, '', '', '. ', 0),
(1060, '', '', '', 3, '', '', ' ', 0),
(1061, '', '', '', 3, '', '', '. ', 0),
(1062, '', '', '', 3, '', '', '. ', 0),
(1063, '', '', '', 3, '', ' ', '.. ', 0),
(1064, '', '', '', 3, '', ' ', '.. ', 0),
(1065, '', '', '', 3, '', '', '. ', 0),
(1066, '', '', '', 3, '', '', ' ', 0),
(1067, '', '', '', 3, '', '', '. ', 0),
(1068, '', '', '', 3, '', '', '. ', 0),
(1069, '', '', '', 3, '', '', '.  ', 0),
(1070, '', '', '', 3, '', '', '. ', 0),
(1071, '', '', '', 3, '', '', ' ', 0),
(1072, '', '', '', 3, '', '', '. ', 0),
(1073, '', '', '', 3, '', '', '. ', 0),
(1074, '', '', '', 3, '', '', '.  ', 0),
(1075, '', '', '', 3, '', '  ', '. ', 0),
(1076, '', '', '', 3, '', '  ', '. ', 0),
(1077, '', '', '', 3, '', '  ', '. ', 0),
(1078, '', '', '', 3, '', '  ', '. ', 0),
(1079, '', '', '', 3, '', '  ', '. ', 0),
(1080, '', '', '', 3, '', '  ', '.  ', 0),
(1081, '', '', '', 3, '', '', '. ', 0),
(1082, '', '', '', 3, '', '', '. ', 0),
(1083, '', '', '', 3, '', '', '. ', 0),
(1084, '', '', '', 3, '', '', '. ', 0),
(1085, '', '', '', 3, '', '', '. ', 0),
(1086, '', '', '', 3, '', '', '. ', 0),
(1087, '', '', '', 3, '', '', '. ', 0),
(1088, '', '', '', 3, '', '', '. ', 0),
(1089, '', '', '', 3, '', '', '. ', 0),
(1090, '', '', '', 3, '', '', '. ', 0),
(1091, '', '', '', 3, '', '', '. ', 0),
(1092, '', '', '', 3, '', '', '. ', 0),
(1093, '', '', '', 3, '', '', '. ', 0),
(1094, '', '', '', 3, '', '', '. ', 0),
(1095, '', '', '', 3, '', '', '. ', 0),
(1096, '', '', '', 3, '', '', '. ', 0),
(1097, '', '', '', 3, '', '', '. ', 0),
(1098, '', '', '', 3, '', '', '. ', 0),
(1099, '', '', '', 3, '', '', ' ', 0),
(1100, '', '', '', 3, '', '', '. ', 0),
(1101, '', '', '', 3, '', '', '. -', 0),
(1102, '', '', '', 3, '', '', '. ', 0),
(1103, '', '', '', 3, '', '', '. ', 0),
(1104, '', '', '', 3, '', '', '. ', 0),
(1105, '', '', '', 3, '-', '', '. ', 0),
(1106, '', '', '', 3, '-', '', '.  ', 0),
(1107, '', '', '', 3, '-', '', '. ', 0),
(1108, '', '', '', 3, '-', '', '. ', 0),
(1109, '', '', '', 3, '-', '', '. ', 0),
(1110, '', '', '', 3, '-', '', '. ', 0),
(1111, '', '', '', 3, '-', '', '. ', 0),
(1112, '', '', '', 3, '-', '', '. -', 0),
(1113, '', '', '', 3, '-', '', '.  ', 0),
(1114, '', '', '', 3, '-', '', '.  ', 0),
(1115, '', '', '', 3, '-', '', '. ', 0),
(1116, '', '', '', 3, '-', '', '. ', 0),
(1117, '', '', '', 3, '-', '', '. ', 0),
(1118, '', '', '', 3, '-', '', '. ', 0),
(1119, '', '', '', 3, '-', '', '. ', 0),
(1120, '', '', '', 3, '-', '', '. ', 0),
(1121, '', '', '', 3, '-', '', ' ', 0),
(1122, '', '', '', 3, '-', '', '. ', 0),
(1123, '', '', '', 3, '-', '', '. ', 0),
(1124, '', '', '', 3, '-', '', '. ', 0),
(1125, '', '', '', 3, '-', '', '.  ', 0),
(1126, '', '', '', 3, '-', '', '. ', 0),
(1127, '', '', '', 3, '-', '', '. ', 0),
(1128, '', '', '', 3, '-', '', '. ', 0),
(1129, '', '', '', 3, '-', '', '. ', 0),
(1130, '', '', '', 3, '-', '', '. ', 0),
(1131, '', '', '', 3, '-', '', '. ', 0),
(1132, '', '', '', 3, '-', '', '.  ', 0),
(1133, '', '', '', 3, '', ' ', '. ', 0),
(1134, '', '', '', 3, '', ' ', '. -', 0),
(1135, '', '', '', 3, '', ' ', '. ', 0),
(1136, '', '', '', 3, '', ' ', '. ', 0),
(1137, '', '', '', 3, '', ' ', '.  ', 0),
(1138, '', '', '', 3, '', '', '. ', 0),
(1139, '', '', '', 3, '', '', '  ', 0),
(1140, '', '', '', 3, '', '', '.  ', 0),
(1141, '', '', '', 3, '', '', '. ', 0),
(1142, '', '', '', 3, '', '', '. ', 0),
(1143, '', '', '', 3, '', '', '. ', 0),
(1144, '', '', '', 3, '', '', ' ', 0),
(1145, '', '', '', 3, '', '', '. ', 0),
(1146, '', '', '', 3, '', '', '.  ', 0),
(1147, '', '', '', 3, '', '', '.  ', 0),
(1148, '', '', '', 3, '', '', '. ', 0),
(1149, '', '', '', 3, '', '', '. ', 0),
(1150, '', '', '', 3, '', '', ' ', 0),
(1151, '', '', '', 3, '', '', '. ', 0),
(1152, '', '', '', 3, '', '', '. ', 0),
(1153, '', '', '', 3, '', '', '. ', 0),
(1154, '', '', '', 3, '', '', '. ', 0),
(1155, '', '', '', 3, '', '', ' ', 0),
(1156, '', '', '', 3, '', '', '. ', 0),
(1157, '', '', '', 3, '', '', '. ', 0),
(1158, '', '', '', 3, '', '', '. ', 0),
(1159, '', '', '', 3, '', '', '. ', 0),
(1160, '', '', '', 3, '', '', '. ', 0),
(1161, '', '', '', 3, '', '', '. ', 0),
(1162, '', '', '', 3, '', '', '. ', 0),
(1163, '', '', '', 3, '', '', '. ', 0),
(1164, '', '', '', 3, '', '', '. ', 0),
(1165, '', '', '', 3, '', '', ' ', 0),
(1166, '', '', '', 3, '', '', '. ', 0),
(1167, '', '', '', 3, '', '', '.  ', 0),
(1168, '', '', '', 3, '', '', '.  ', 0),
(1169, '', '', '', 3, '', '', ' ', 0),
(1170, '', '', '', 3, '', '', '. ', 0),
(1171, '', '', '', 3, '', '', '. ', 0),
(1172, '', '', '', 3, '', '', '. ', 0),
(1173, '', '', '', 3, '', '', '. ', 0),
(1174, '', '', '', 3, '', '', '. ', 0),
(1175, '', '', '', 3, '', '', '. ', 0),
(1176, '', '', '', 3, '', '', '. ', 0),
(1177, '', '', '', 3, '', '', '. ', 0),
(1178, '', '', '', 3, '', '', '. ', 0),
(1179, '', '', '', 3, '', '', '. ', 0),
(1180, '', '', '', 3, '', '', '. ', 0),
(1181, '', '', '', 3, '', '', '. ', 0),
(1182, '', '', '', 3, '', '', '  ', 0),
(1183, '', '', '', 3, '', '', '. ', 0),
(1184, '', '', '', 3, '', '', '. ', 0),
(1185, '', '', '', 3, '', '', ' ', 0),
(1186, '', '', '', 3, '', '', '.  ', 0),
(1187, '', '', '', 3, '', '', ' ', 0),
(1188, '', '', '', 3, '', '', '. ', 0),
(1189, '', '', '', 3, '', '', '. ', 0),
(1190, '', '', '', 3, '', '', '. ', 0),
(1191, '', '', '', 3, '', '', ' ', 0),
(1192, '', '', '', 3, '', '', '. ', 0),
(1193, '', '', '', 3, '', '', ' ', 0),
(1194, '', '', '', 3, '', '', '.  ', 0),
(1195, '', '', '', 3, '', '', '.  ', 0),
(1196, '', '', '', 3, '', '', '. -1', 0),
(1197, '', '', '', 3, '', '', '. -2', 0),
(1198, '', '', '', 3, '', '', '. ', 0),
(1199, '', '', '', 3, '', '', '. ', 0),
(1200, '', '', '', 3, '', '', '.  ', 0),
(1201, '', '', '', 3, '', '', '. ', 0),
(1202, '', '', '', 3, '', '', '. ', 0),
(1203, '', '', '', 3, '', '', '. ', 0),
(1204, '', '', '', 3, '', '', ' ', 0),
(1205, '', '', '', 3, '', '', '. ', 0),
(1206, '', '', '', 3, '', '', '. ', 0),
(1207, '', '', '', 3, '', '', ' ', 0),
(1208, '', '', '', 3, '', '', '.  ', 0),
(1209, '', '', '', 3, '', '', '.  ', 0),
(1210, '', '', '', 3, '', '', '.  ', 0),
(1211, '', '', '', 3, '', '', '. ', 0),
(1212, '', '', '', 3, '', '', '.  ', 0),
(1213, '', '', '', 3, '', '', '. ', 0),
(1214, '', '', '', 3, '', '', '. ', 0),
(1215, '', '', '', 3, '', '', ' ', 0),
(1216, '', '', '', 3, '', '', '. ', 0),
(1217, '', '', '', 3, '', '', '. ', 0),
(1218, '', '', '', 3, '', '', '. ', 0),
(1219, '', '', '', 3, '', '', ' ', 0),
(1220, '', '', '', 3, '', '', '. ', 0),
(1221, '', '', '', 3, '', '', '. ', 0),
(1222, '', '', '', 3, '', '', '. ', 0),
(1223, '', '', '', 3, '', '', '. ', 0),
(1224, '', '', '', 3, '', '', '. ', 0),
(1225, '', '', '', 3, '', ' ', '.. ', 0),
(1226, '', '', '', 3, '', '', '.  ', 0),
(1227, '', '', '', 3, '', '', '. ', 0),
(1228, '', '', '', 3, '', '', '.  ', 0),
(1229, '', '', '', 3, '', '', '. ', 0),
(1230, '', '', '', 3, '', '', '. ', 0),
(1231, '', '', '', 3, '', '', '.  ', 0),
(1232, '', '', '', 3, '', '', '. ', 0),
(1233, '', '', '', 3, '', '', '. ', 0),
(1234, '', '', '', 3, '', '', '. ', 0),
(1235, '', '', '', 3, '', '', '. ', 0),
(1236, '', '', '', 3, '', '', '. ', 0),
(1237, '', '', '', 3, '', '', '. ', 0),
(1238, '', '', '', 3, '', '', '. ', 0),
(1239, '', '', '', 3, '', '', '. ', 0),
(1240, '', '', '', 3, '', '', '. ', 0),
(1241, '', '', '', 3, '', '', '. ', 0),
(1242, '', '', '', 3, '', '', '. ', 0),
(1243, '', '', '', 3, '', '', '. ', 0),
(1244, '', '', '', 3, '', '', '.  ', 0),
(1245, '', '', '', 3, '', '', '. ', 0),
(1246, '', '', '', 3, '', '', ' ', 0),
(1247, '', '', '', 3, '', '', '. ', 0),
(1248, '', '', '', 3, '', '', '. ', 0),
(1249, '', '', '', 3, '', '', '. ', 0),
(1250, '', '', '', 3, '', '', '. ', 0),
(1251, '', '', '', 3, '', '', '. ', 0),
(1252, '', '', '', 3, '', '', '. ', 0),
(1253, '', '', '', 3, '', '', ' ', 0),
(1254, '', '', '', 3, '', '', '. ', 0),
(1255, '', '', '', 3, '', '', '. ', 0),
(1256, '', '', '', 3, '', '', '. ', 0),
(1257, '', '', '', 3, '', '', '. ', 0),
(1258, '', '', '', 3, '', '', '. ', 0),
(1259, '', '', '', 3, '', '', '. ', 0),
(1260, '', '', '', 3, '', '', '. ', 0),
(1261, '', '', '', 3, '', '', '. ', 0),
(1262, '', '', '', 3, '', '', '.  ', 0),
(1263, '', '', '', 3, '', '', '. ', 0),
(1264, '', '', '', 3, '', '', ' ', 0),
(1265, '', '', '', 3, '', '', '.  ', 0),
(1266, '', '', '', 3, '', '', '. ', 0),
(1267, '', '', '', 3, '', ' ', '. ', 0),
(1268, '', '', '', 3, '', ' ', '. ', 0),
(1269, '', '', '', 3, '', ' ', '. ', 0),
(1270, '', '', '', 3, '', ' ', '. ', 0),
(1271, '', '', '', 3, '', '', '. ', 0),
(1272, '', '', '', 3, '', '', ' ', 0),
(1273, '', '', '', 3, '', '', '. ', 0),
(1274, '', '', '', 3, '', '', '. ', 0),
(1275, '', '', '', 3, '', '', '. ', 0),
(1276, '', '', '', 3, '', '', '. ', 0),
(1277, '', '', '', 3, '', '', '  ', 0),
(1278, '', '', '', 3, '', '', ' ', 0),
(1279, '', '', '', 3, '', '', ' ', 0),
(1280, '', '', '', 3, '', '', '. ', 0),
(1281, '', '', '', 3, '', '', '. ', 0),
(1282, '', '', '', 3, '', '', '. ', 0),
(1283, '', '', '', 3, '', '', '.  ', 0),
(1284, '', '', '', 3, '', '', '. ', 0),
(1285, '', '', '', 3, '', '', '.  ', 0),
(1286, '', '', '', 3, '', '', ' ', 0),
(1287, '', '', '', 3, '', '', '. ', 0),
(1288, '', '', '', 3, '', '', '. ', 0),
(1289, '', '', '', 3, '', '', ' ', 0),
(1290, '', '', '', 3, '', '', '. ', 0),
(1291, '', '', '', 3, '', '', '. ', 0),
(1292, '', '', '', 3, '', '', '. ', 0),
(1293, '', '', '', 3, '', '', ' ', 0),
(1294, '', '', '', 3, '', '', '. ', 0),
(1295, '', '', '', 3, '', '', '. ', 0),
(1296, '', '', '', 3, '', '', '. ', 0),
(1297, '', '', '', 3, '', '', '. ', 0),
(1298, '', '', '', 3, '', '', '. ', 0),
(1299, '', '', '', 3, '', '', '. ', 0),
(1300, '', '', '', 3, '', '', '. ', 0),
(1301, '', '', '', 3, '', '', '. ', 0),
(1302, '', '', '', 3, '', '', '. ', 0),
(1303, '', '', '', 3, '', '', '. ', 0),
(1304, '', '', '', 3, '', '', '. ', 0),
(1305, '', '', '', 3, '', '', '. ', 0),
(1306, '', '', '', 3, '', '', '. ', 0),
(1307, '', '', '', 3, '', '', '. ', 0),
(1308, '', '', '', 3, '', '', '. ', 0),
(1309, '', '', '', 3, '', '', '. ', 0),
(1310, '', '', '', 3, '', '', '. ', 0),
(1311, '', '', '', 3, '', '', '. ', 0),
(1312, '', '', '', 3, '', '', '. ', 0),
(1313, '', '', '', 3, '', '', '. ', 0),
(1314, '', '', '', 3, '', '', '. ', 0),
(1315, '', '', '', 3, '', '', ' ', 0),
(1316, '', '', '', 3, '', '', '. ', 0),
(1317, '', '', '', 3, '', '', '.  ', 0),
(1318, '', '', '', 3, '', '', ' ', 0),
(1319, '', '', '', 3, '', '', '. ', 0),
(1320, '', '', '', 3, '', '', '.  ', 0),
(1321, '', '', '', 3, '', '', '. ', 0),
(1322, '', '', '', 3, '', '', '. ', 0),
(1323, '', '', '', 3, '', ' ', '. ', 0),
(1324, '', '', '', 3, '', '', '. ', 0),
(1325, '', '', '', 3, '', '', '. ', 0),
(1326, '', '', '', 3, '', '', '. ', 0),
(1327, '', '', '', 3, '', '', '. ', 0),
(1328, '', '', '', 3, '', '', '. ', 0),
(1329, '', '', '', 3, '', '', '. ', 0),
(1330, '', '', '', 3, '', '', '. ', 0),
(1331, '', '', '', 3, '', '', '. ', 0),
(1332, '', '', '', 3, '', '', '. ', 0),
(1333, '', '', '', 3, '', '', '. ', 0),
(1334, '', '', '', 3, '', '', '. ', 0),
(1335, '', '', '', 3, '', '', '. ', 0),
(1336, '', '', '', 3, '', '', '. ', 0),
(1337, '', '', '', 3, '', '', '. ', 0),
(1338, '', '', '', 3, '', '', ' ', 0),
(1339, '', '', '', 3, '', '', '. ', 0),
(1340, '', '', '', 3, '', '', '. ', 0),
(1341, '', '', '', 3, '', '', '. ', 0),
(1342, '', '', '', 3, '', '', '. ', 0),
(1343, '', '', '', 3, '', '', '. ', 0),
(1344, '', '', '', 3, '', '', '. ', 0),
(1345, '', '', '', 3, '', '', '. ', 0),
(1346, '', '', '', 3, '', '', '. ', 0),
(1347, '', '', '', 3, '', '', '. ', 0),
(1348, '', '', '', 3, '', '', '. ', 0),
(1349, '', '', '', 3, '', '', '. ', 0),
(1350, '', '', '', 3, '', '', '. ', 0),
(1351, '', '', '', 3, '', '', '.  ', 0),
(1352, '', '', '', 3, '', '', '. ', 0),
(1353, '', '', '', 3, '', '', '. ', 0),
(1354, '', '', '', 3, '', '', '. ', 0),
(1355, '', '', '', 3, '', '', '. ', 0),
(1356, '', '', '', 3, '', '', '. ', 0),
(1357, '', '', '', 3, '', '', '. ', 0),
(1358, '', '', '', 3, '', '', '. ', 0),
(1359, '', '', '', 3, '', '', ' ', 0),
(1360, '', '', '', 3, '', '', '. ', 0),
(1361, '', '', '', 3, '', ' ', '. ', 0),
(1362, '', '', '', 3, '', ' ', '.  ', 0),
(1363, '', '', '', 3, '', '', '. ', 0),
(1364, '', '', '', 3, '', '', '. ', 0),
(1365, '', '', '', 3, '', '', ' ', 0),
(1366, '', '', '', 3, '', '', '. ', 0),
(1367, '', '', '', 3, '', '', '. ', 0),
(1368, '', '', '', 3, '', '', '. ', 0),
(1369, '', '', '', 3, '', '', '. ', 0),
(1370, '', '', '', 3, '', '', ' ', 0),
(1371, '', '', '', 3, '', '', '. ', 0),
(1372, '', '', '', 3, '', '', '. ', 0),
(1373, '', '', '', 3, '', '', '.  ', 0),
(1374, '', '', '', 3, '', '', '.  ', 0),
(1375, '', '', '', 3, '', '', '. ', 0),
(1376, '', '', '', 3, '', '', '.  ', 0),
(1377, '', '', '', 3, '', '', '. ', 0),
(1378, '', '', '', 3, '', '', '. ', 0),
(1379, '', '', '', 3, '', '', '. ', 0),
(1380, '', '', '', 3, '', '', ' ', 0),
(1381, '', '', '', 3, '', '', '. ', 0),
(1382, '', '', '', 3, '', '', '. ', 0),
(1383, '', '', '', 3, '', '', '. ', 0),
(1384, '', '', '', 3, '', '', '.  ', 0),
(1385, '', '', '', 3, '', '', '.  ', 0),
(1386, '', '', '', 3, '', '', '.  ', 0),
(1387, '', '', '', 3, '', '', '. ', 0),
(1388, '', '', '', 3, '', '', ' ', 0),
(1389, '', '', '', 3, '', '', '.  ', 0),
(1390, '', '', '', 3, '', '', '. ', 0),
(1391, '', '', '', 3, '', '', '. ', 0),
(1392, '', '', '', 3, '', '', '.  ', 0),
(1393, '', '', '', 3, '', '', '. ', 0),
(1394, '', '', '', 3, '', '', '. ', 0),
(1395, '', '', '', 3, '', '', '. ', 0),
(1396, '', '', '', 3, '', '', '. ', 0),
(1397, '', '', '', 3, '', '', '. ', 0),
(1398, '', '', '', 3, '', '', '. ', 0),
(1399, '', '', '', 3, '', '', '. ', 0),
(1400, '', '', '', 3, '', '', '. ', 0),
(1401, '', '', '', 3, '', '', '. ', 0),
(1402, '', '', '', 3, '', '', '. ', 0),
(1403, '', '', '', 3, '', '', ' ', 0),
(1404, '', '', '', 3, '', '', '. ', 0),
(1405, '', '', '', 3, '', '', '. ', 0),
(1406, '', '', '', 3, '', '', '.  ', 0),
(1407, '', '', '', 3, '', '', '. ', 0),
(1408, '', '', '', 3, '', '', '. ', 0),
(1409, '', '', '', 3, '', '', '. ', 0),
(1410, '', '', '', 3, '', '', '. ', 0),
(1411, '', '', '', 3, '', '', '. ', 0),
(1412, '', '', '', 3, '', '', ' ', 0),
(1413, '', '', '', 3, '-', '', '. ', 0),
(1414, '', '', '', 3, '', '', '. ', 0),
(1415, '', '', '', 3, '', '', ' ', 0),
(1416, '', '', '', 3, '', '', '. ', 0),
(1417, '', '', '', 3, '', '', '. ', 0),
(1418, '', '', '', 3, '', '', '. ', 0),
(1419, '', '', '', 3, '', '', '. ', 0),
(1420, '', '', '', 3, '', '', ' ', 0),
(1421, '', '', '', 3, '', '', '. ', 0),
(1422, '', '', '', 3, '', '', '. ', 0),
(1423, '', '', '', 3, '', '', '. ', 0),
(1424, '', '', '', 3, '', '', '. ', 0),
(1425, '', '', '', 3, '', '', '.  ', 0),
(1426, '', '', '', 4, '', ' ', '.. ', 0),
(1427, '', '', '', 4, '', '', '. ', 0),
(1428, '', '', '', 4, '', '', '. ', 0),
(1429, '', '', '', 4, '', '', '. ', 0),
(1430, '', '', '', 4, '', '', '. ', 0),
(1431, '', '', '', 4, '', '', '. ', 0),
(1432, '', '', '', 4, '', '', '. ', 0),
(1433, '', '', '', 4, '', '', '.  1', 0),
(1434, '', '', '', 4, '', '', ' ', 0),
(1435, '', '', '', 4, '', '', '. ', 0),
(1436, '', '', '', 4, '', '', '. ', 0),
(1437, '', '', '', 4, '', '', '. ', 0),
(1438, '', '', '', 4, '', '', '. ', 0),
(1439, '', '', '', 4, '', '', '. ', 0),
(1440, '', '', '', 4, '', '', '. ', 0),
(1441, '', '', '', 4, '', '', '. ', 0),
(1442, '', '', '', 4, '', '', '. ', 0),
(1443, '', '', '', 4, '', '', ' ', 0),
(1444, '', '', '', 4, '', '', '. ', 0),
(1445, '', '', '', 4, '', '', '. ', 0),
(1446, '', '', '', 4, '', '', '. ', 0),
(1447, '', '', '', 4, '', '', '. ', 0),
(1448, '', '', '', 4, '', '', '. ', 0),
(1449, '', '', '', 4, '', '', '. ', 0),
(1450, '', '', '', 4, '', '', '. ', 0),
(1451, '', '', '', 4, '', '', '. ', 0),
(1452, '', '', '', 4, '', '', '. ', 0),
(1453, '', '', '', 4, '', '', '. ', 0),
(1454, '', '', '', 4, '', '', '. ', 0),
(1455, '', '', '', 4, '', '', '. ', 0),
(1456, '', '', '', 4, '', '', '. ', 0),
(1457, '', '', '', 4, '', '', '. ', 0),
(1458, '', '', '', 4, '', ' ', '. ', 0),
(1459, '', '', '', 4, '', '', ' ', 0),
(1460, '', '', '', 4, '', '', ' ', 0),
(1461, '', '', '', 4, '', '', '. ', 0),
(1462, '', '', '', 4, '', '', '. ', 0),
(1463, '', '', '', 4, '', '', '. ', 0),
(1464, '', '', '', 4, '', '', ' ', 0),
(1465, '', '', '', 4, '', '', '. ', 0),
(1466, '', '', '', 4, '', '', '.  ', 0),
(1467, '', '', '', 4, '', '', ' ', 0),
(1468, '', '', '', 4, '', '', '. ', 0),
(1469, '', '', '', 4, '', '', '.  I', 0),
(1470, '', '', '', 4, '', '', '  II', 0),
(1471, '', '', '', 4, '', '', '. ', 0),
(1472, '', '', '', 4, '', '', ' ', 0),
(1473, '', '', '', 4, '', '', '  ', 0),
(1474, '', '', '', 4, '', '', ' ', 0),
(1475, '', '', '', 4, '', '', '  ', 0),
(1476, '', '', '', 4, '', '', '. ', 0),
(1477, '', '', '', 4, '', '', '. ', 0),
(1478, '', '', '', 4, '', '', '. ', 0),
(1479, '', '', '', 4, '', '', '. ', 0),
(1480, '', '', '', 4, '', '', '. ', 0),
(1481, '', '', '', 4, '', '', '. ', 0),
(1482, '', '', '', 4, '', '', '. ', 0),
(1483, '', '', '', 4, '', '', '. ', 0),
(1484, '', '', '', 4, '', '', '. ', 0),
(1485, '', '', '', 4, '', '', '. ', 0),
(1486, '', '', '', 4, '', '', '. ', 0),
(1487, '', '', '', 4, '', '', '. ', 0),
(1488, '', '', '', 4, '', '', '. ', 0),
(1489, '', '', '', 4, '', '', '. ', 0),
(1490, '', '', '', 4, '', '', '. ', 0),
(1491, '', '', '', 4, '', '', '. ', 0),
(1492, '', '', '', 4, '', '', '. ', 0),
(1493, '', '', '', 4, '', '', '. ', 0),
(1494, '', '', '', 4, '', '', '. ', 0),
(1495, '', '', '', 4, '', '', '. ', 0),
(1496, '', '', '', 4, '', '', '. ', 0),
(1497, '', '', '', 4, '', '', '. ', 0),
(1498, '', '', '', 4, '', '', '. ', 0),
(1499, '', '', '', 4, '', '', '. ', 0),
(1500, '', '', '', 4, '', '', '. ', 0),
(1501, '', '', '', 4, '', '', ' ', 0),
(1502, '', '', '', 4, '', '', '. ', 0),
(1503, '', '', '', 4, '', '', '. ', 0),
(1504, '', '', '', 4, '', '', '. ', 0),
(1505, '', '', '', 4, '', '', '. ', 0),
(1506, '', '', '', 4, '', '', ' ', 0),
(1507, '', '', '', 4, '', '', '. ', 0),
(1508, '', '', '', 4, '', '', '.  ', 0),
(1509, '', '', '', 4, '', '', '. ', 0),
(1510, '', '', '', 4, '', '', '. ', 0),
(1511, '', '', '', 4, '', '', '. ', 0),
(1512, '', '', '', 4, '', '  ', '. ', 0),
(1513, '', '', '', 4, '', '  ', '. ', 0),
(1514, '', '', '', 4, '', '  ', '. ', 0),
(1515, '', '', '', 4, '', '  ', '. ', 0),
(1516, '', '', '', 4, '', '  ', '. ', 0),
(1517, '', '', '', 4, '', '  ', '. ', 0),
(1518, '', '', '', 4, '', '  ', ' ', 0),
(1519, '', '', '', 4, '', '  ', '. ', 0),
(1520, '', '', '', 4, '', '', '. ', 0),
(1521, '', '', '', 4, '', '', '. ', 0),
(1522, '', '', '', 4, '', '', '. ', 0),
(1523, '', '', '', 4, '', '', ' ', 0),
(1524, '', '', '', 4, '', '', '. ', 0),
(1525, '', '', '', 4, '', '', '. ', 0),
(1526, '', '', '', 4, '', '', '. ', 0),
(1527, '', '', '', 4, '', '', '. ', 0),
(1528, '', '', '', 4, '', '', '.  ', 0),
(1529, '', '', '', 4, '', '', '. ', 0),
(1530, '', '', '', 4, '', '', '. ', 0),
(1531, '', '', '', 4, '', '', ' ', 0),
(1532, '', '', '', 5, '', '', '. ', 0),
(1533, '', '', '', 5, '', '', '. ', 0),
(1534, '', '', '', 5, '', '', '. ', 0),
(1535, '', '', '', 5, '', '', '. ', 0),
(1536, '', '', '', 5, '', '', '. ', 0),
(1537, '', '', '', 5, '', '', '. ', 0),
(1538, '', '', '', 5, '', '', '. ', 0),
(1539, '', '', '', 5, '', '', '. ', 0),
(1540, '', '', '', 5, '', '', '. ', 0),
(1541, '', '', '', 5, '', '', '. ', 0),
(1542, '', '', '', 5, '', '', '.  ', 0),
(1543, '', '', '', 5, '', '', '. ', 0),
(1544, '', '', '', 5, '', '', '. ', 0),
(1545, '', '', '', 5, '', '', '.  ', 0),
(1546, '', '', '', 5, '', '', '.  ', 0),
(1547, '', '', '', 5, '', '', '. ', 0),
(1548, '', '', '', 5, '', '', '. ', 0),
(1549, '', '', '', 5, '', '', '. ', 0),
(1550, '', '', '', 5, '', '', '. ', 0),
(1551, '', '', '', 5, '', '', '. ', 0),
(1552, '', '', '', 5, '', '', '. ', 0),
(1553, '', '', '', 5, '', '', '. ', 0),
(1554, '', '', '', 5, '', '', '.  ', 0),
(1555, '', '', '', 5, '', '', '. ', 0),
(1556, '', '', '', 5, '', '', '.  ', 0),
(1557, '', '', '', 5, '', '', '. ', 0),
(1558, '', '', '', 5, '', '', '. ', 0),
(1559, '', '', '', 5, '', '', '. ', 0),
(1560, '', '', '', 5, '', '', '. ', 0),
(1561, '', '', '', 5, '', '', '. ', 0),
(1562, '', '', '', 5, '', '', '. ', 0),
(1563, '', '', '', 5, '', '', '. ', 0),
(1564, '', '', '', 5, '', '', '. ', 0),
(1565, '', '', '', 5, '', '', '. ', 0),
(1566, '', '', '', 5, '', '', '. ', 0),
(1567, '', '', '', 5, '', '', '. ', 0),
(1568, '', '', '', 5, '', '', '. ', 0),
(1569, '', '', '', 5, '', '', '. ', 0),
(1570, '', '', '', 5, '', '', '. ', 0),
(1571, '', '', '', 5, '', '', '. ', 0),
(1572, '', '', '', 5, '', '', '. ', 0),
(1573, '', '', '', 5, '', '', '. ', 0),
(1574, '', '', '', 5, '', '', '. ', 0),
(1575, '', '', '', 5, '', '', '. ', 0),
(1576, '', '', '', 5, '', '', '. ', 0),
(1577, '', '', '', 5, '', '', '. ', 0),
(1578, '', '', '', 5, '', '', '. ', 0),
(1579, '', '', '', 5, '', '', '. ', 0),
(1580, '', '', '', 5, '', '', '. ', 0),
(1581, '', '', '', 5, '', '', '. ', 0),
(1582, '', '', '', 5, '', '', '. ', 0),
(1583, '', '', '', 5, '', '', '. ', 0),
(1584, '', '', '', 5, '', '', '. ', 0),
(1585, '', '', '', 5, '', '', '. ', 0),
(1586, '', '', '', 5, '', '', '. ', 0),
(1587, '', '', '', 5, '', '', '. ', 0),
(1588, '', '', '', 5, '', '', '. ', 0),
(1589, '', '', '', 5, '', '', '. ', 0),
(1590, '', '', '', 5, '', '', '. ', 0),
(1591, '', '', '', 5, '', '', '. ', 0),
(1592, '', '', '', 5, '', '', '. ', 0),
(1593, '', '', '', 5, '', '', '. ', 0),
(1594, '', '', '', 5, '', '', '. ', 0),
(1595, '', '', '', 5, '', '', '. ', 0),
(1596, '', '', '', 5, '', '', '. ', 0),
(1597, '', '', '', 5, '', '', '. ', 0),
(1598, '', '', '', 5, '', '', '. ', 0),
(1599, '', '', '', 5, '', '', '. ', 0),
(1600, '', '', '', 5, '', '', '. ', 0),
(1601, '', '', '', 5, '', '', '. ', 0),
(1602, '', '', '', 5, '', '', ' ', 0),
(1603, '', '', '', 5, '', '', '. ', 0),
(1604, '', '', '', 5, '', '', '. ', 0),
(1605, '', '', '', 5, '', '', '. ', 0),
(1606, '', '', '', 5, '', '', '. ', 0),
(1607, '', '', '', 5, '', '', '. ', 0),
(1608, '', '', '', 5, '', '', '. ', 0),
(1609, '', '', '', 5, '', '', ' ', 0),
(1610, '', '', '', 5, '', '', '. ', 0),
(1611, '', '', '', 5, '', '', '. ', 0),
(1612, '', '', '', 5, '', '', '. ', 0),
(1613, '', '', '', 5, '', '', '. ', 0),
(1614, '', '', '', 5, '', '', '. ', 0),
(1615, '', '', '', 5, '', '', '. ', 0),
(1616, '', '', '', 5, '', '', '. ', 0),
(1617, '', '', '', 5, '', '', '. ', 0),
(1618, '', '', '', 5, '', '', '. ', 0),
(1619, '', '', '', 5, '', '', '. ', 0),
(1620, '', '', '', 5, '', '', '. ', 0),
(1621, '', '', '', 5, '', '', '. ', 0),
(1622, '', '', '', 5, '', '', '. ', 0),
(1623, '', '', '', 5, '', '', '. ', 0),
(1624, '', '', '', 5, '', '', '. ', 0),
(1625, '', '', '', 5, '', '', '. ', 0),
(1626, '', '', '', 5, '', '', '. ', 0),
(1627, '', '', '', 5, '', '', '. ', 0),
(1628, '', '', '', 5, '', '', '. ', 0),
(1629, '', '', '', 5, '', '', '. ', 0),
(1630, '', '', '', 5, '', '', '. ', 0),
(1631, '', '', '', 5, '', '', '. ', 0),
(1632, '', '', '', 5, '', '', '. ', 0),
(1633, '', '', '', 5, '', '', '. ', 0),
(1634, '', '', '', 5, '', '', '. ', 0),
(1635, '', '', '', 5, '', '', '. ', 0),
(1636, '', '', '', 5, '', '', '. ', 0),
(1637, '', '', '', 5, '', '', '. ', 0),
(1638, '', '', '', 5, '', '', '. ', 0),
(1639, '', '', '', 5, '', '', '. ', 0),
(1640, '', '', '', 5, '', '', '. ', 0),
(1641, '', '', '', 5, '', '', ' ', 0),
(1642, '', '', '', 5, '', '', '. ', 0),
(1643, '', '', '', 5, '', '', '. ', 0),
(1644, '', '', '', 5, '', '', '. ', 0),
(1645, '', '', '', 5, '', '', '. ', 0),
(1646, '', '', '', 5, '', '', '. ', 0),
(1647, '', '', '', 5, '', '', '. ', 0),
(1648, '', '', '', 5, '', '', '.  1', 0),
(1649, '', '', '', 5, '', '', '. ', 0),
(1650, '', '', '', 6, '', '', '. ', 0),
(1651, '', '', '', 6, '', '', '. ', 0),
(1652, '', '', '', 6, '', '', '.  ', 0),
(1653, '', '', '', 6, '', '', '. ', 0),
(1654, '', '', '', 6, '', '', '. ', 0),
(1655, '', '', '', 6, '', '', '. ', 0),
(1656, '', '', '', 6, '', '', '. ', 0),
(1657, '', '', '', 6, '', '', '. ', 0),
(1658, '', '', '', 6, '', '', '. ', 0),
(1659, '', '', '', 6, '', '', '. ', 0),
(1660, '', '', '', 6, '', '', '. ', 0),
(1661, '', '', '', 6, '', '', '. ', 0),
(1662, '', '', '', 6, '', '', '. ', 0),
(1663, '', '', '', 6, '', '', '. ', 0),
(1664, '', '', '', 6, '', '', '. ', 0),
(1665, '', '', '', 6, '', '', '. ', 0),
(1666, '', '', '', 6, '', '', '. ', 0),
(1667, '', '', '', 6, '', '', '. ', 0),
(1668, '', '', '', 6, '', '', '. ', 0),
(1669, '', '', '', 6, '', '', '. ', 0),
(1670, '', '', '', 6, '', '', '. ', 0),
(1671, '', '', '', 6, '', '', '. ', 0),
(1672, '', '', '', 6, '', '', '. ', 0),
(1673, '', '', '', 6, '', '', '. ', 0),
(1674, '', '', '', 6, '', '', '. ', 0),
(1675, '', '', '', 6, '', '', '. ', 0),
(1676, '', '', '', 6, '', '', '. ', 0),
(1677, '', '', '', 6, '', '', '.  ', 0),
(1678, '', '', '', 6, '', '', '. ', 0),
(1679, '', '', '', 6, '', '', '. ', 0),
(1680, '', '', '', 6, '', '', '. ', 0),
(1681, '', '', '', 6, '', '', '. ', 0),
(1682, '', '', '', 6, '', '', '  ', 0),
(1683, '', '', '', 6, '', '', '. ', 0),
(1684, '', '', '', 6, '', '', '. ', 0),
(1685, '', '', '', 6, '', '', '. ', 0),
(1686, '', '', '', 6, '', '', '. ', 0),
(1687, '', '', '', 6, '', '', '. ', 0),
(1688, '', '', '', 6, '', '', '.  ', 0),
(1689, '', '', '', 6, '', '', '. ', 0),
(1690, '', '', '', 6, '', '', '. ', 0),
(1691, '', '', '', 6, '', '', '. ', 0),
(1692, '', '', '', 6, '', '', '. ', 0),
(1693, '', '', '', 6, '', '', '.  ', 0),
(1694, '', '', '', 6, '', '', '. ', 0),
(1695, '', '', '', 6, '', '', '. ', 0),
(1696, '', '', '', 6, '', '', '. ', 0),
(1697, '', '', '', 6, '', '', '. ', 0),
(1698, '', '', '', 6, '', '', '. ', 0),
(1699, '', '', '', 6, '', '', '. ', 0),
(1700, '', '', '', 6, '', '', '. ', 0),
(1701, '', '', '', 6, '', '', '. ', 0),
(1702, '', '', '', 6, '', '', '. ', 0),
(1703, '', '', '', 6, '', '', '. ', 0),
(1704, '', '', '', 6, '', '', '. ', 0),
(1705, '', '', '', 6, '', '', '. ', 0),
(1706, '', '', '', 6, '', '', '.  2', 0),
(1707, '', '', '', 6, '', ' ', '. ', 0),
(1708, '', '', '', 6, '', '', '. ', 0),
(1709, '', '', '', 6, '', '', ' ', 0),
(1710, '', '', '', 6, '', '', '. ', 0),
(1711, '', '', '', 6, '', '', '.  ', 0),
(1712, '', '', '', 6, '', '', '. ', 0),
(1713, '', '', '', 6, '', '', '. ', 0),
(1714, '', '', '', 6, '', '', '. ', 0),
(1715, '', '', '', 6, '', '', '. ', 0),
(1716, '', '', '', 6, '', '', '. ', 0),
(1717, '', '', '', 6, '', '', '. ', 0),
(1718, '', '', '', 6, '', '', ' ', 0),
(1719, '', '', '', 6, '', '', '. ', 0),
(1720, '', '', '', 6, '', '', '. ', 0),
(1721, '', '', '', 6, '', '', '.  ', 0),
(1722, '', '', '', 6, '', '', '. ', 0),
(1723, '', '', '', 6, '', '', '. ', 0),
(1724, '', '', '', 6, '', '', '. ', 0),
(1725, '', '', '', 6, '', '', '. ', 0),
(1726, '', '', '', 6, '', '', '. ', 0),
(1727, '', '', '', 6, '', '', '. ', 0),
(1728, '', '', '', 6, '', '', '. ', 0),
(1729, '', '', '', 6, '', '', ' ', 0),
(1730, '', '', '', 6, '', '', '. ', 0),
(1731, '', '', '', 6, '', '', '.  ', 0),
(1732, '', '', '', 6, '', '', '. ', 0),
(1733, '', '', '', 6, '', '', '. ', 0),
(1734, '', '', '', 6, '', '', '. ', 0),
(1735, '', '', '', 6, '', '', '  ', 0),
(1736, '', '', '', 6, '', '', '. ', 0),
(1737, '', '', '', 6, '', '', '. ', 0),
(1738, '', '', '', 6, '', '', '.  ', 0),
(1739, '', '', '', 6, '', '', '.  ', 0),
(1740, '', '', '', 6, '', '', '. ', 0),
(1741, '', '', '', 6, '', '', '. ', 0),
(1742, '', '', '', 6, '', '', '. ', 0),
(1743, '', '', '', 6, '', '', '.  ', 0),
(1744, '', '', '', 6, '', '', '.  ', 0),
(1745, '', '', '', 6, '', '', '. ', 0),
(1746, '', '', '', 6, '', '', '. ', 0),
(1747, '', '', '', 6, '', '', '. ', 0),
(1748, '', '', '', 6, '', '', '. ', 0),
(1749, '', '', '', 6, '', '', '. ', 0),
(1750, '', '', '', 6, '', '', '. ', 0),
(1751, '', '', '', 6, '', '', ' ', 0),
(1752, '', '', '', 6, '', '', ' ', 0),
(1753, '', '', '', 6, '', '', '. ', 0),
(1754, '', '', '', 6, '', '', '.  ', 0),
(1755, '', '', '', 6, '', '', '. ', 0),
(1756, '', '', '', 6, '', '', '. ', 0),
(1757, '', '', '', 6, '', '', '.  ', 0),
(1758, '', '', '', 6, '', '', '.  ', 0),
(1759, '', '', '', 6, '', '', '.  ', 0),
(1760, '', '', '', 6, '', '', '. ', 0),
(1761, '', '', '', 6, '', '', '. ', 0),
(1762, '', '', '', 6, '', '', '. ', 0),
(1763, '', '', '', 6, '', '', '. ', 0),
(1764, '', '', '', 6, '', '', '. ', 0),
(1765, '', '', '', 6, '', '', '. ', 0),
(1766, '', '', '', 6, '', '', '. ', 0),
(1767, '', '', '', 6, '', '', '.  ', 0),
(1768, '', '', '', 6, '', '', '.  ', 0),
(1769, '', '', '', 6, '', '', '. ', 0),
(1770, '', '', '', 6, '', '', '. ', 0),
(1771, '', '', '', 6, '', '', '. ', 0),
(1772, '', '', '', 6, '', '', '. ', 0),
(1773, '', '', '', 6, '', '', '. ', 0),
(1774, '', '', '', 6, '', '', '. ', 0),
(1775, '', '', '', 6, '', '', '. ', 0),
(1776, '', '', '', 6, '', '', '. ', 0),
(1777, '', '', '', 6, '', '', '  ', 0),
(1778, '', '', '', 6, '', '', '. ', 0),
(1779, '', '', '', 6, '', '', '. ', 0),
(1780, '', '', '', 6, '', '', '. ', 0),
(1781, '', '', '', 6, '', '', '. ', 0),
(1782, '', '', '', 6, '', '', '. ', 0),
(1783, '', '', '', 6, '', '', '. ', 0),
(1784, '', '', '', 6, '', '', '. ', 0),
(1785, '', '', '', 6, '', '', '. ', 0),
(1786, '', '', '', 6, '', '', '. ', 0),
(1787, '', '', '', 6, '', '', '. ', 0),
(1788, '', '', '', 6, '', '', '. ', 0),
(1789, '', '', '', 6, '', '', '. ', 0),
(1790, '', '', '', 6, '', '', '. ', 0),
(1791, '', '', '', 6, '', '', ' ', 0),
(1792, '', '', '', 6, '', '', '. ', 0),
(1793, '', '', '', 6, '', '', '. ', 0),
(1794, '', '', '', 6, '', '', ' ', 0),
(1795, '', '', '', 6, '', '', '. ', 0),
(1796, '', '', '', 6, '', '', '. ', 0),
(1797, '', '', '', 6, '', '', '.  ', 0),
(1798, '', '', '', 6, '', '', '. ', 0),
(1799, '', '', '', 6, '', '', '. ', 0),
(1800, '', '', '', 6, '', '', '. ', 0),
(1801, '', '', '', 6, '', '', '. -1', 0),
(1802, '', '', '', 6, '', '', '. -2', 0),
(1803, '', '', '', 6, '', '', '. ', 0),
(1804, '', '', '', 6, '', '', '. ', 0),
(1805, '', '', '', 6, '', '', ' ', 0),
(1806, '', '', '', 6, '', '', '. ', 0),
(1807, '', '', '', 6, '', '', '. ', 0),
(1808, '', '', '', 6, '', '', ' ', 0),
(1809, '', '', '', 6, '', '', '. ', 0),
(1810, '', '', '', 6, '', '', '. ', 0),
(1811, '', '', '', 6, '', '', '. ', 0),
(1812, '', '', '', 6, '', '', '. ', 0),
(1813, '', '', '', 6, '', '', '. ', 0),
(1814, '', '', '', 6, '', '', '. ', 0),
(1815, '', '', '', 6, '', '', '. ', 0),
(1816, '', '', '', 6, '', '', '. ', 0),
(1817, '', '', '', 6, '', '', '. ', 0),
(1818, '', '', '', 6, '', '', ' ', 0),
(1819, '', '', '', 6, '', '', '.  ', 0),
(1820, '', '', '', 6, '', '', '. ', 0),
(1821, '', '', '', 6, '', '', '. ', 0),
(1822, '', '', '', 6, '', '', '. ', 0),
(1823, '', '', '', 6, '', '', '. ', 0),
(1824, '', '', '', 6, '', '', '. ', 0),
(1825, '', '', '', 6, '', '', '. ', 0),
(1826, '', '', '', 6, '', '', '. ', 0),
(1827, '', '', '', 6, '', '', '. ', 0),
(1828, '', '', '', 6, '', '', '. ', 0),
(1829, '', '', '', 6, '', '', '. ', 0),
(1830, '', '', '', 6, '', '', '. ', 0),
(1831, '', '', '', 6, '', '', '. -', 0),
(1832, '', '', '', 6, '', '', '.   2', 0),
(1833, '', '', '', 6, '', '', '. ', 0),
(1834, '', '', '', 6, '', '', '. ', 0),
(1835, '', '', '', 6, '', '', '. ', 0),
(1836, '', '', '', 6, '', '', '.  ', 0),
(1837, '', '', '', 6, '', '', '. ', 0),
(1838, '', '', '', 6, '', '', '. ', 0),
(1839, '', '', '', 6, '', '', '.  ', 0),
(1840, '', '', '', 6, '', '', ' ', 0),
(1841, '', '', '', 6, '', '', '. ', 0),
(1842, '', '', '', 6, '', '', '. ', 0),
(1843, '', '', '', 6, '', '', '. ', 0),
(1844, '', '', '', 6, '', '', '. ', 0),
(1845, '', '', '', 6, '', '', '. ', 0),
(1846, '', '', '', 6, '', '', '. ', 0),
(1847, '', '', '', 6, '', '', '. ', 0),
(1848, '', '', '', 6, '', '', '. ', 0),
(1849, '', '', '', 6, '', '', '.  ', 0),
(1850, '', '', '', 6, '', '', '.  ', 0),
(1851, '', '', '', 6, '', '', '.  ', 0),
(1852, '', '', '', 6, '', '', '. ', 0),
(1853, '', '', '', 6, '', '', '. ', 0),
(1854, '', '', '', 6, '', '', '. ', 0),
(1855, '', '', '', 6, '', '', '. ', 0),
(1856, '', '', '', 6, '', '', '. -', 0),
(1857, '', '', '', 6, '', '', '. ', 0),
(1858, '', '', '', 6, '', '', '. ', 0),
(1859, '', '', '', 6, '', '', '. ', 0),
(1860, '', '', '', 6, '', '', '. ', 0),
(1861, '', '', '', 6, '', '', '. ', 0),
(1862, '', '', '', 6, '', '', '. ', 0),
(1863, '', '', '', 6, '', '', '  ', 0),
(1864, '', '', '', 6, '', '', '. ', 0),
(1865, '', '', '', 6, '', '', '. ', 0),
(1866, '', '', '', 6, '', '', '. ', 0),
(1867, '', '', '', 6, '', '', '. ', 0),
(1868, '', '', '', 6, '', '', '. ', 0),
(1869, '', '', '', 6, '', '', '. ', 0),
(1870, '', '', '', 6, '', '', '. ', 0),
(1871, '', '', '', 6, '', '', '. ', 0),
(1872, '', '', '', 6, '', '', '. ', 0),
(1873, '', '', '', 6, '', '', '.  ', 0),
(1874, '', '', '', 6, '', '', '. ', 0),
(1875, '', '', '', 6, '', '', '.   1', 0),
(1876, '', '', '', 6, '', '', '.   2', 0),
(1877, '', '', '', 6, '', '', '. ', 0),
(1878, '', '', '', 6, '', '', '. ', 0),
(1879, '', '', '', 6, '', '', '.  ', 0),
(1880, '', '', '', 6, '', '', '.  ', 0),
(1881, '', '', '', 6, '', '', '. ', 0),
(1882, '', '', '', 6, '', '', '. ', 0),
(1883, '', '', '', 6, '', '', '. ', 0),
(1884, '', '', '', 6, '', '', '. ', 0),
(1885, '', '', '', 6, '', '', '. ', 0),
(1886, '', '', '', 6, '', '', '. ', 0),
(1887, '', '', '', 6, '', '', '. ', 0),
(1888, '', '', '', 6, '', '', ' ', 0),
(1889, '', '', '', 6, '', '', '. ', 0),
(1890, '', '', '', 6, '', '', '. ', 0),
(1891, '', '', '', 6, '', '', '. ', 0),
(1892, '', '', '', 6, '', '', '. ', 0),
(1893, '', '', '', 6, '', '', '. ', 0),
(1894, '', '', '', 6, '', '', '. ', 0),
(1895, '', '', '', 6, '', '', '. ', 0),
(1896, '', '', '', 6, '', '', '. ', 0),
(1897, '', '', '', 6, '', '', '. ', 0),
(1898, '', '', '', 6, '', '', ' ', 0),
(1899, '', '', '', 6, '', '', '. ', 0),
(1900, '', '', '', 6, '', '', '. ', 0),
(1901, '', '', '', 6, '', '', '. ', 0),
(1902, '', '', '', 6, '', '', '. ', 0),
(1903, '', '', '', 6, '', '', '. ', 0),
(1904, '', '', '', 6, '', '', '. ', 0),
(1905, '', '', '', 6, '', '', '. ', 0),
(1906, '', '', '', 6, '', '', '. ', 0),
(1907, '', '', '', 6, '', '', '. ', 0),
(1908, '', '', '', 6, '', '', '.  ', 0),
(1909, '', '', '', 6, '', '', '.  ', 0),
(1910, '', '', '', 6, '', '', '.  ', 0),
(1911, '', '', '', 6, '', '', '  ', 0),
(1912, '', '', '', 6, '', '', '. ', 0),
(1913, '', '', '', 6, '', '', '. ', 0),
(1914, '', '', '', 6, '', '', '.  ', 0),
(1915, '', '', '', 6, '', '', '. ', 0),
(1916, '', '', '', 6, '', '', '. ', 0),
(1917, '', '', '', 6, '', '', '. ', 0),
(1918, '', '', '', 6, '', '', '. ', 0),
(1919, '', '', '', 6, '', '', '. ', 0),
(1920, '', '', '', 6, '', '', '. ', 0),
(1921, '', '', '', 6, '', '', '.  ', 0),
(1922, '', '', '', 6, '', '', '. ', 0),
(1923, '', '', '', 6, '', '', '. ', 0),
(1924, '', '', '', 6, '', '', '. ', 0),
(1925, '', '', '', 6, '', '', '. ', 0),
(1926, '', '', '', 6, '', '', '. ', 0),
(1927, '', '', '', 6, '', '', '.  ', 0),
(1928, '', '', '', 6, '', '', '. ', 0),
(1929, '', '', '', 6, '', ' ', '.. ', 0),
(1930, '', '', '', 6, '', '', '. ', 0),
(1931, '', '', '', 6, '', '', '. ', 0),
(1932, '', '', '', 6, '', '', '. ', 0),
(1933, '', '', '', 6, '', '', '. ', 0),
(1934, '', '', '', 6, '', '', ' ', 0),
(1935, '', '', '', 6, '', '', '. ', 0),
(1936, '', '', '', 6, '', '', '. ', 0),
(1937, '', '', '', 6, '', '', '. ', 0),
(1938, '', '', '', 6, '', '', '. ', 0),
(1939, '', '', '', 6, '', '', ' ', 0),
(1940, '', '', '', 6, '', '', '. ', 0),
(1941, '', '', '', 6, '', '', '. ', 0),
(1942, '', '', '', 6, '', '', '. ', 0),
(1943, '', '', '', 6, '', '', '. ', 0),
(1944, '', '', '', 6, '', '', '. ', 0),
(1945, '', '', '', 6, '', '', '. ', 0),
(1946, '', '', '', 6, '', '', '.  ', 0),
(1947, '', '', '', 6, '', '', '. ', 0),
(1948, '', '', '', 6, '', '', '. ', 0),
(1949, '', '', '', 6, '', '', ' ', 0),
(1950, '', '', '', 6, '', '', '.  ', 0),
(1951, '', '', '', 6, '', '', '.  ', 0),
(1952, '', '', '', 6, '', '', '. ', 0),
(1953, '', '', '', 6, '', '', '. ', 0),
(1954, '', '', '', 6, '', '', '. ', 0),
(1955, '', '', '', 6, '', '', '. ', 0),
(1956, '', '', '', 6, '', '', '. ', 0),
(1957, '', '', '', 6, '', '', '. ', 0),
(1958, '', '', '', 6, '', '', '.  ', 0),
(1959, '', '', '', 6, '', '', '.  ', 0),
(1960, '', '', '', 6, '', '', '. ', 0),
(1961, '', '', '', 6, '', '', '.  ', 0),
(1962, '', '', '', 6, '', '', '. ', 0),
(1963, '', '', '', 6, '', '', '. ', 0),
(1964, '', '', '', 6, '', '', '. ', 0),
(1965, '', '', '', 6, '', '', '. ', 0),
(1966, '', '', '', 6, '', '', '. ', 0),
(1967, '', '', '', 6, '', '', '. ', 0),
(1968, '', '', '', 6, '', '', '. ', 0),
(1969, '', '', '', 6, '', '', '. ', 0),
(1970, '', '', '', 6, '', '', '. ', 0),
(1971, '', '', '', 6, '', '', '. ', 0),
(1972, '', '', '', 6, '', '', '. ', 0),
(1973, '', '', '', 6, '', '', '. ', 0),
(1974, '', '', '', 6, '', '', '.  ', 0),
(1975, '', '', '', 6, '', '', '. ', 0),
(1976, '', '', '', 6, '', '', '. ', 0),
(1977, '', '', '', 6, '', '', '. ', 0),
(1978, '', '', '', 6, '', '', '. ', 0),
(1979, '', '', '', 6, '', '', '. ', 0),
(1980, '', '', '', 6, '', '', '. ', 0),
(1981, '', '', '', 6, '', '', '. ', 0),
(1982, '', '', '', 6, '', '', ' ', 0),
(1983, '', '', '', 6, '', '', '. ', 0),
(1984, '', '', '', 6, '', '', '. ', 0),
(1985, '', '', '', 6, '', '', ' ', 0),
(1986, '', '', '', 6, '', '', '. ', 0),
(1987, '', '', '', 6, '', '', '. ', 0),
(1988, '', '', '', 6, '', '', '. ', 0),
(1989, '', '', '', 6, '', '', '. ', 0),
(1990, '', '', '', 6, '', '', '. ', 0),
(1991, '', '', '', 6, '', '', '. ', 0),
(1992, '', '', '', 6, '', '', '. ', 0),
(1993, '', '', '', 6, '', '', ' ', 0),
(1994, '', '', '', 6, '', '', ' ', 0),
(1995, '', '', '', 6, '', '', '. ', 0),
(1996, '', '', '', 6, '', '', '.  1', 0),
(1997, '', '', '', 6, '', '', '. -2', 0),
(1998, '', '', '', 6, '', '', '. -3', 0),
(1999, '', '', '', 6, '', '', '. ', 0),
(2000, '', '', '', 6, '', '', '.  ', 0),
(2001, '', '', '', 6, '', '', '. ', 0),
(2002, '', '', '', 6, '', '', '. ', 0),
(2003, '', '', '', 6, '', '', '. ', 0),
(2004, '', '', '', 6, '', '', '.  ', 0),
(2005, '', '', '', 6, '', '', '. ', 0),
(2006, '', '', '', 6, '', '', '. ', 0),
(2007, '', '', '', 6, '', '', '. ', 0),
(2008, '', '', '', 6, '', '', '. ', 0),
(2009, '', '', '', 6, '', '', '. ', 0),
(2010, '', '', '', 6, '', '', '. ', 0),
(2011, '', '', '', 6, '', '', '. ', 0),
(2012, '', '', '', 6, '', '', '. ', 0),
(2013, '', '', '', 6, '', '', '. ', 0),
(2014, '', '', '', 6, '', '', '. ', 0),
(2015, '', '', '', 6, '', '', '.  ', 0),
(2016, '', '', '', 6, '', '', '.  ', 0),
(2017, '', '', '', 6, '', '', '. ', 0),
(2018, '', '', '', 6, '', '', ' ', 0),
(2019, '', '', '', 6, '', '', '. ', 0),
(2020, '', '', '', 6, '', '', '. ', 0),
(2021, '', '', '', 6, '', '', '. ', 0),
(2022, '', '', '', 6, '', '', '. ', 0),
(2023, '', '', '', 6, '', '', '. ', 0),
(2024, '', '', '', 6, '', '', '. ', 0),
(2025, '', '', '', 6, '', '', '. ', 0),
(2026, '', '', '', 6, '', '', '. ', 0),
(2027, '', '', '', 6, '', '', '. ', 0),
(2028, '', '', '', 6, '', '', '. ', 0),
(2029, '', '', '', 6, '', '', ' ', 0),
(2030, '', '', '', 6, '', '', '. ', 0),
(2031, '', '', '', 6, '', '', ' ', 0),
(2032, '', '', '', 6, '', '', '. ', 0),
(2033, '', '', '', 6, '', '', '. ', 0),
(2034, '', '', '', 6, '', '', '. ', 0),
(2035, '', '', '', 6, '', '', '. ', 0),
(2036, '', '', '', 6, '', '', ' ', 0),
(2037, '', '', '', 6, '', '', '. ', 0),
(2038, '', '', '', 6, '', '', '. ', 0),
(2039, '', '', '', 6, '', '', '. ', 0),
(2040, '', '', '', 6, '', '', '. ', 0),
(2041, '', '', '', 6, '', '', '. ', 0),
(2042, '', '', '', 6, '', '', '.  ', 0),
(2043, '', '', '', 6, '', '', '. ', 0),
(2044, '', '', '', 6, '', '', '.  ', 0),
(2045, '', '', '', 6, '', '', ' ', 0),
(2046, '', '', '', 6, '', '', '.  ', 0),
(2047, '', '', '', 6, '', '', ' ', 0),
(2048, '', '', '', 6, '', '', '. ', 0),
(2049, '', '', '', 6, '', '', '. ', 0),
(2050, '', '', '', 6, '', '', '. ', 0),
(2051, '', '', '', 6, '', '', '.  ', 0),
(2052, '', '', '', 6, '', '', '. ', 0),
(2053, '', '', '', 6, '', '', '. ', 0),
(2054, '', '', '', 6, '', '', '. ', 0),
(2055, '', '', '', 6, '', '', '. ', 0),
(2056, '', '', '', 6, '', '', '. ', 0),
(2057, '', '', '', 6, '', '', '. ', 0),
(2058, '', '', '', 6, '', '', '. ', 0),
(2059, '', '', '', 6, '', '', '. ', 0),
(2060, '', '', '', 6, '', '', '. ', 0),
(2061, '', '', '', 6, '', '', '.  ', 0),
(2062, '', '', '', 6, '', '', '. ', 0),
(2063, '', '', '', 6, '', '', '. ', 0),
(2064, '', '', '', 6, '', '', '. ', 0),
(2065, '', '', '', 6, '', '', '. ', 0),
(2066, '', '', '', 6, '', '', '. ', 0),
(2067, '', '', '', 6, '', '', '. ', 0),
(2068, '', '', '', 6, '', '', '. ', 0),
(2069, '', '', '', 6, '', '', '. ', 0),
(2070, '', '', '', 6, '', '', '. ', 0),
(2071, '', '', '', 6, '', '', '. ', 0),
(2072, '', '', '', 6, '', '', ' ', 0),
(2073, '', '', '', 6, '', '', '. ', 0),
(2074, '', '', '', 6, '', '', '.  ', 0),
(2075, '', '', '', 6, '', '', '. ', 0),
(2076, '', '', '', 6, '', '', '. ', 0),
(2077, '', '', '', 6, '', '', '. ', 0),
(2078, '', '', '', 6, '', '', '.  ', 0),
(2079, '', '', '', 6, '', '', '.  ', 0),
(2080, '', '', '', 6, '', '', ' ', 0),
(2081, '', '', '', 6, '', '', '.  ', 0),
(2082, '', '', '', 6, '', '', '.  ', 0),
(2083, '', '', '', 6, '', '', '. ', 0),
(2084, '', '', '', 6, '', '', '.  ', 0),
(2085, '', '', '', 6, '', '', '.  ', 0),
(2086, '', '', '', 6, '', '', '. ', 0),
(2087, '', '', '', 6, '', '', '. ', 0),
(2088, '', '', '', 6, '', '', '.  ', 0),
(2089, '', '', '', 6, '', '', '.  ', 0),
(2090, '', '', '', 6, '', '', '. ', 0),
(2091, '', '', '', 6, '', '', '. ', 0),
(2092, '', '', '', 6, '', '', '. ', 0),
(2093, '', '', '', 6, '', '', '. ', 0),
(2094, '', '', '', 6, '', '', '. ', 0),
(2095, '', '', '', 6, '', '', '. ', 0),
(2096, '', '', '', 6, '', '', ' ', 0),
(2097, '', '', '', 6, '', '', '. ', 0),
(2098, '', '', '', 6, '', '', '. ', 0),
(2099, '', '', '', 6, '', '', '. ', 0),
(2100, '', '', '', 6, '', '', '. ', 0),
(2101, '', '', '', 6, '', '', '. ', 0),
(2102, '', '', '', 6, '', '', '.  ', 0),
(2103, '', '', '', 6, '', '', '. ', 0),
(2104, '', '', '', 6, '', '', ' ', 0),
(2105, '', '', '', 6, '', '', '. ', 0),
(2106, '', '', '', 6, '', '', '.  ', 0),
(2107, '', '', '', 6, '', '', '. ', 0),
(2108, '', '', '', 6, '', '', '.  ', 0),
(2109, '', '', '', 6, '', '', ' ', 0),
(2110, '', '', '', 6, '', '', '. ', 0),
(2111, '', '', '', 6, '', '', '. ', 0),
(2112, '', '', '', 6, '', '', '. ', 0),
(2113, '', '', '', 6, '', '', '. ', 0),
(2114, '', '', '', 6, '', '', '. ', 0),
(2115, '', '', '', 6, '', '', '. ', 0),
(2116, '', '', '', 6, '', '', ' ', 0),
(2117, '', '', '', 6, '', '', '. ', 0),
(2118, '', '', '', 6, '', '', '. ', 0),
(2119, '', '', '', 6, '', '', '.  ', 0),
(2120, '', '', '', 6, '', '', '.  ', 0),
(2121, '', '', '', 6, '', '', '. ', 0),
(2122, '', '', '', 6, '', '', '. ', 0),
(2123, '', '', '', 6, '', '', '. ', 0),
(2124, '', '', '', 6, '', '', ' ', 0),
(2125, '', '', '', 6, '', '', ' ', 0),
(2126, '', '', '', 6, '', '', '. ', 0),
(2127, '', '', '', 6, '', '', '. ', 0),
(2128, '', '', '', 6, '', '', '. ', 0),
(2129, '', '', '', 6, '', '', '. ', 0),
(2130, '', '', '', 6, '', '', '. ', 0),
(2131, '', '', '', 6, '', '', '. ', 0),
(2132, '', '', '', 6, '', '', '. ', 0),
(2133, '', '', '', 6, '', '', '. ', 0),
(2134, '', '', '', 6, '', '', '. ', 0),
(2135, '', '', '', 6, '', '', '. ', 0),
(2136, '', '', '', 6, '', '', '. ', 0),
(2137, '', '', '', 6, '', '', '.  ', 0),
(2138, '', '', '', 6, '', '', '. ', 0),
(2139, '', '', '', 6, '', ' ', '. ', 0),
(2140, '', '', '', 6, '', '', '. ', 0),
(2141, '', '', '', 6, '', '', '. ', 0),
(2142, '', '', '', 6, '', '', '. ', 0),
(2143, '', '', '', 6, '', '', '. ', 0),
(2144, '', '', '', 6, '', '', '. ', 0),
(2145, '', '', '', 6, '', '', '. ', 0),
(2146, '', '', '', 6, '', '', '. ', 0),
(2147, '', '', '', 6, '', '', '. ', 0),
(2148, '', '', '', 6, '', '', '. ', 0),
(2149, '', '', '', 6, '', '', '. ', 0),
(2150, '', '', '', 6, '', '', '. ', 0),
(2151, '', '', '', 6, '', '', '. -', 0),
(2152, '', '', '', 6, '', '', '. ', 0),
(2153, '', '', '', 6, '', '', '.  ', 0),
(2154, '', '', '', 6, '', '', '. ', 0),
(2155, '', '', '', 6, '', '', '. ', 0),
(2156, '', '', '', 6, '', '', '. ', 0),
(2157, '', '', '', 6, '', '', '. ', 0),
(2158, '', '', '', 6, '', '', '. ', 0),
(2159, '', '', '', 6, '', '', '.  ', 0),
(2160, '', '', '', 6, '', '', '. ', 0),
(2161, '', '', '', 6, '', '', '. ', 0),
(2162, '', '', '', 6, '', '', '. ', 0),
(2163, '', '', '', 6, '', '', ' ', 0),
(2164, '', '', '', 6, '', '', '. ', 0),
(2165, '', '', '', 6, '', '', '. ', 0),
(2166, '', '', '', 6, '', '', '. ', 0),
(2167, '', '', '', 6, '', '', '. ', 0),
(2168, '', '', '', 6, '', '', '. ', 0),
(2169, '', '', '', 6, '', '', ' ', 0),
(2170, '', '', '', 6, '', '', '. ', 0),
(2171, '', '', '', 6, '', '', '.  ', 0),
(2172, '', '', '', 6, '', '', '. ', 0),
(2173, '', '', '', 6, '', '', '. ', 0),
(2174, '', '', '', 6, '', '', '. ', 0),
(2175, '', '', '', 6, '', '', '. ', 0),
(2176, '', '', '', 6, '', '', '. ', 0),
(2177, '', '', '', 6, '', '', '. ', 0),
(2178, '', '', '', 6, '', '', '. ', 0),
(2179, '', '', '', 6, '', '', '. ', 0),
(2180, '', '', '', 6, '', '', '. ', 0),
(2181, '', '', '', 6, '', '', '. ', 0),
(2182, '', '', '', 6, '', '', '. ', 0),
(2183, '', '', '', 6, '', '', '. ', 0),
(2184, '', '', '', 6, '', '', '. ', 0),
(2185, '', '', '', 6, '', '', '.  ', 0),
(2186, '', '', '', 6, '', '', '. ', 0),
(2187, '', '', '', 6, '', '', '. ', 0),
(2188, '', '', '', 6, '', '', '. ', 0),
(2189, '', '', '', 6, '', '', '. ', 0),
(2190, '', '', '', 6, '', '', '. -', 0),
(2191, '', '', '', 6, '', '', '. -', 0),
(2192, '', '', '', 6, '', '', '. ', 0),
(2193, '', '', '', 6, '', '', ' ', 0),
(2194, '', '', '', 6, '', '', '. ', 0),
(2195, '', '', '', 6, '', '', '. ', 0),
(2196, '', '', '', 6, '', '', '. ', 0),
(2197, '', '', '', 6, '', '', '. ', 0),
(2198, '', '', '', 6, '', '', '. ', 0),
(2199, '', '', '', 6, '', '', '. ', 0),
(2200, '', '', '', 6, '', '', '. ', 0),
(2201, '', '', '', 6, '', '', '. ', 0),
(2202, '', '', '', 6, '', '', '. ', 0),
(2203, '', '', '', 6, '', '', '. ', 0),
(2204, '', '', '', 6, '', '', '. ', 0),
(2205, '', '', '', 6, '', '', '. ', 0),
(2206, '', '', '', 6, '', '', '.  ', 0),
(2207, '', '', '', 6, '', ' ', '. ', 0),
(2208, '', '', '', 6, '', '', '. ', 0),
(2209, '', '', '', 6, '', '', '.  ', 0),
(2210, '', '', '', 6, '', '', ' ', 0),
(2211, '', '', '', 6, '', '', '. ', 0),
(2212, '', '', '', 6, '', '', '. ', 0),
(2213, '', '', '', 6, '', '', '. ', 0),
(2214, '', '', '', 6, '', '', ' ', 0),
(2215, '', '', '', 6, '', '', '. ', 0),
(2216, '', '', '', 6, '', '', '. ', 0),
(2217, '', '', '', 6, '', '', '. ', 0),
(2218, '', '', '', 6, '', '', '. ', 0),
(2219, '', '', '', 6, '', '', '. ', 0),
(2220, '', '', '', 6, '', '', '. ', 0),
(2221, '', '', '', 6, '', '', '. ', 0),
(2222, '', '', '', 6, '', '', '.  ', 0),
(2223, '', '', '', 6, '', '', '. ', 0),
(2224, '', '', '', 6, '', '', '. ', 0),
(2225, '', '', '', 6, '', '', '.  ', 0),
(2226, '', '', '', 6, '', '', '. ', 0),
(2227, '', '', '', 6, '', '', '. ', 0),
(2228, '', '', '', 6, '', '', '. ', 0),
(2229, '', '', '', 6, '', '', '.  ', 0),
(2230, '', '', '', 6, '', '', '.  ', 0),
(2231, '', '', '', 6, '', '', '. ', 0),
(2232, '', '', '', 6, '', '', '. ', 0),
(2233, '', '', '', 6, '', '', '. ', 0),
(2234, '', '', '', 6, '', '', '. ', 0),
(2235, '', '', '', 6, '', '', '. ', 0),
(2236, '', '', '', 6, '', '', ' ', 0),
(2237, '', '', '', 6, '', '', '. ', 0),
(2238, '', '', '', 6, '', '', '. ', 0),
(2239, '', '', '', 6, '', '', '. ', 0),
(2240, '', '', '', 6, '', '', '. ', 0),
(2241, '', '', '', 6, '', '', '.  ', 0),
(2242, '', '', '', 6, '', '', '. ', 0),
(2243, '', '', '', 6, '', '', '. ', 0),
(2244, '', '', '', 6, '', '', '. ', 0),
(2245, '', '', '', 6, '', '', '. ', 0),
(2246, '', '', '', 6, '', '', '. ', 0),
(2247, '', '', '', 6, '', '', ' ', 0),
(2248, '', '', '', 6, '', '', '. ', 0),
(2249, '', '', '', 6, '', '', '. ', 0),
(2250, '', '', '', 6, '', '', '. ', 0),
(2251, '', '', '', 6, '', '', '. ', 0),
(2252, '', '', '', 6, '', '', '. ', 0),
(2253, '', '', '', 6, '', '', '. ', 0),
(2254, '', '', '', 6, '', '', '. ', 0),
(2255, '', '', '', 6, '', '', '.  ', 0),
(2256, '', '', '', 6, '', '', '. ', 0),
(2257, '', '', '', 6, '', '', ' ', 0),
(2258, '', '', '', 6, '', '', '. ', 0),
(2259, '', '', '', 6, '', '', '. ', 0),
(2260, '', '', '', 6, '', '', '. ', 0),
(2261, '', '', '', 6, '', '', '. ', 0),
(2262, '', '', '', 6, '', '', '. ', 0),
(2263, '', '', '', 6, '', '', '. ', 0),
(2264, '', '', '', 6, '', '', '.  ', 0),
(2265, '', '', '', 6, '', '', '. ', 0),
(2266, '', '', '', 6, '', '', '. ', 0),
(2267, '', '', '', 6, '', '', '.  ', 0),
(2268, '', '', '', 6, '', '', '. ', 0),
(2269, '', '', '', 6, '', '', '. ', 0),
(2270, '', '', '', 6, '', '', '. ', 0),
(2271, '', '', '', 6, '', '', '. ', 0),
(2272, '', '', '', 6, '', '', '.  ', 0),
(2273, '', '', '', 6, '', '', '. ', 0),
(2274, '', '', '', 6, '', '', '. ', 0),
(2275, '', '', '', 6, '', '', '. ', 0),
(2276, '', '', '', 6, '', '', '. ', 0),
(2277, '', '', '', 6, '', '', '. ', 0),
(2278, '', '', '', 6, '', '', '. ', 0),
(2279, '', '', '', 6, '', '', '. ', 0),
(2280, '', '', '', 6, '', '', '. ', 0),
(2281, '', '', '', 6, '', '', '. ', 0),
(2282, '', '', '', 6, '', '', '. ', 0),
(2283, '', '', '', 6, '', '', '. ', 0),
(2284, '', '', '', 6, '', '', '. ', 0),
(2285, '', '', '', 6, '', '', '.  ', 0),
(2286, '', '', '', 6, '', '', '. ', 0),
(2287, '', '', '', 6, '', '', '. ', 0),
(2288, '', '', '', 6, '', '', '. ', 0),
(2289, '', '', '', 6, '', '', '. ', 0),
(2290, '', '', '', 6, '', '', '. ', 0),
(2291, '', '', '', 6, '', '', '. ', 0),
(2292, '', '', '', 6, '', '', '. ', 0),
(2293, '', '', '', 6, '', '', '. ', 0),
(2294, '', '', '', 6, '', '', '. ', 0),
(2295, '', '', '', 6, '', '', '. ', 0),
(2296, '', '', '', 6, '', '', '. ', 0),
(2297, '', '', '', 6, '', '', '. ', 0),
(2298, '', '', '', 6, '', '', '. ', 0),
(2299, '', '', '', 6, '', '', '. ', 0),
(2300, '', '', '', 6, '', '', '. ', 0),
(2301, '', '', '', 6, '', '', '. ', 0),
(2302, '', '', '', 6, '', '', '. ', 0),
(2303, '', '', '', 6, '', '', '.  1', 0),
(2304, '', '', '', 6, '', '', '. ', 0),
(2305, '', '', '', 6, '', '', '. ', 0),
(2306, '', '', '', 6, '', '', '. ', 0),
(2307, '', '', '', 6, '', '', '. ', 0),
(2308, '', '', '', 6, '', '', '. ', 0),
(2309, '', '', '', 6, '', ' ', '. ', 0),
(2310, '', '', '', 6, '', '', '. ', 0),
(2311, '', '', '', 6, '', '', '. ', 0),
(2312, '', '', '', 6, '', '', '.  ', 0),
(2313, '', '', '', 6, '', '', '. ', 0),
(2314, '', '', '', 6, '', '', '. ', 0),
(2315, '', '', '', 6, '', '', '  1', 0),
(2316, '', '', '', 6, '', '', '.  2', 0),
(2317, '', '', '', 6, '', '', '. ', 0),
(2318, '', '', '', 6, '', '', '. ', 0),
(2319, '', '', '', 6, '', '', '. -1', 0),
(2320, '', '', '', 6, '', '', '. -2', 0),
(2321, '', '', '', 6, '', '', ' ', 0),
(2322, '', '', '', 6, '', '', '. ', 0),
(2323, '', '', '', 6, '', '', '. ', 0),
(2324, '', '', '', 6, '', '', '. ', 0),
(2325, '', '', '', 6, '', '', '. ', 0),
(2326, '', '', '', 6, '', '', '. ', 0),
(2327, '', '', '', 6, '', '', '. ', 0),
(2328, '', '', '', 6, '', '', '. ', 0),
(2329, '', '', '', 6, '', '', '. -', 0),
(2330, '', '', '', 6, '', '', '.  ', 0),
(2331, '', '', '', 6, '', '', '. ', 0),
(2332, '', '', '', 6, '', '', '. ', 0),
(2333, '', '', '', 6, '', '', '. ', 0),
(2334, '', '', '', 6, '', '', '.  ', 0),
(2335, '', '', '', 6, '', '', '. ', 0),
(2336, '', '', '', 6, '', '', '.  ', 0),
(2337, '', '', '', 6, '', '', '. ', 0),
(2338, '', '', '', 6, '', '', '. ', 0),
(2339, '', '', '', 6, '', '', '.  ', 0),
(2340, '', '', '', 6, '', '', '.  ', 0),
(2341, '', '', '', 6, '', '', '. ', 0),
(2342, '', '', '', 6, '', '', '.  ', 0),
(2343, '', '', '', 6, '', '', '. ', 0),
(2344, '', '', '', 6, '', '', '.  ', 0),
(2345, '', '', '', 6, '', '', '. ', 0),
(2346, '', '', '', 6, '', '', '. ', 0),
(2347, '', '', '', 6, '', '', ' ', 0),
(2348, '', '', '', 6, '', '', '. -', 0),
(2349, '', '', '', 6, '', '', '. ', 0),
(2350, '', '', '', 6, '', '', ' ', 0),
(2351, '', '', '', 6, '', '', '. ', 0),
(2352, '', '', '', 6, '', '', '. ', 0),
(2353, '', '', '', 6, '', '', ' ', 0),
(2354, '', '', '', 6, '', '', '.  ', 0),
(2355, '', '', '', 6, '', '', '. ', 0),
(2356, '', '', '', 6, '', '', '. ', 0),
(2357, '', '', '', 6, '', '', '. ', 0),
(2358, '', '', '', 6, '', '', '.  ', 0),
(2359, '', '', '', 6, '', '', '.  ', 0),
(2360, '', '', '', 6, '', '', '. ', 0),
(2361, '', '', '', 6, '', '', '. ', 0),
(2362, '', '', '', 6, '', '', '. ', 0),
(2363, '', '', '', 6, '', '', '. ', 0),
(2364, '', '', '', 6, '', '', '. ', 0),
(2365, '', '', '', 6, '', '', '. ', 0),
(2366, '', '', '', 6, '', '', '. ', 0),
(2367, '', '', '', 6, '', '', '. ', 0),
(2368, '', '', '', 6, '', '', '. ', 0),
(2369, '', '', '', 6, '', '', '. ', 0),
(2370, '', '', '', 6, '', '', '. ', 0),
(2371, '', '', '', 6, '', '', '. ', 0),
(2372, '', '', '', 6, '', '', '. ', 0),
(2373, '', '', '', 6, '', '', '. ', 0),
(2374, '', '', '', 6, '', '', '. ', 0),
(2375, '', '', '', 6, '', '', '. ', 0),
(2376, '', '', '', 6, '', '', '. ', 0),
(2377, '', '', '', 6, '', '', '. ', 0),
(2378, '', '', '', 6, '', '', '. ', 0),
(2379, '', '', '', 6, '', '', '. ', 0),
(2380, '', '', '', 6, '', '', '. ', 0),
(2381, '', '', '', 6, '', '', ' ', 0),
(2382, '', '', '', 6, '', '', '. ', 0),
(2383, '', '', '', 6, '', '', '. ', 0),
(2384, '', '', '', 6, '', '', '. ', 0),
(2385, '', '', '', 6, '', '', '. ', 0),
(2386, '', '', '', 6, '', '', '. ', 0),
(2387, '', '', '', 6, '', '', '. ', 0),
(2388, '', '', '', 6, '', '', '. ', 0),
(2389, '', '', '', 6, '', '', '. ', 0),
(2390, '', '', '', 6, '', '', '.  2', 0),
(2391, '', '', '', 6, '', '', '. ', 0);

DROP TABLE IF EXISTS `db_state`;
CREATE TABLE `db_state` (
  `id_state` int(11) NOT NULL AUTO_INCREMENT,
  `name` varchar(60) NOT NULL,
  `sname` varchar(60) NOT NULL,
  `abbr` varchar(60) NOT NULL,
  `color` varchar(8) NOT NULL,
  PRIMARY KEY (`id_state`)
) ENGINE=InnoDB AUTO_INCREMENT=3 /*!40101 DEFAULT CHARSET=cp1251 */;

INSERT INTO `db_state` VALUES
(1, '', '', '', '#ffffff'),
(2, '', '', '', '#DDDDDD');

DROP TABLE IF EXISTS `db_student`;
CREATE TABLE `db_student` (
  `id_student` int(11) NOT NULL AUTO_INCREMENT,
  `name` varchar(60) NOT NULL,
  `sname` varchar(60) NOT NULL,
  `abbr` varchar(50) NOT NULL,
  `style` varchar(100) NOT NULL,
  PRIMARY KEY (`id_student`)
) ENGINE=InnoDB AUTO_INCREMENT=3 /*!40101 DEFAULT CHARSET=cp1251 */;

INSERT INTO `db_student` VALUES
(1, '', '', '', 'background-color:#00C000;'),
(2, '', '', '', 'border:2px solid black;color:#f0f0f0;');

DROP TABLE IF EXISTS `db_subdiv`;
CREATE TABLE `db_subdiv` (
  `id_subdiv` int(11) NOT NULL AUTO_INCREMENT,
  `name` varchar(60) NOT NULL,
  `sname` varchar(60) NOT NULL,
  `abbr` varchar(60) NOT NULL,
  `relation_id` int(11) NOT NULL,
  `envelop_abbr` varchar(10) NOT NULL,
  `city_rang_id` int(11) NOT NULL,
  PRIMARY KEY (`id_subdiv`)
) ENGINE=InnoDB AUTO_INCREMENT=14 /*!40101 DEFAULT CHARSET=cp1251 */;

INSERT INTO `db_subdiv` VALUES
(1, ' ', '', '', 0, '', 1),
(2, '', '', '', 0, '', 1),
(3, '', '', '', 0, '', 2),
(4, '  ', '', '', 0, '', 1),
(5, ' ', '', '', 0, '', 2),
(6, ' ', '', '', 0, '', 2),
(7, '  ', '', '', 0, '', 2),
(8, '', '', '', 0, '', 2),
(9, '', '', '', 0, '', 2),
(10, '', '', '', 0, '', 2),
(11, '', '', '', 0, '', 2),
(12, '', '', '-', 0, '-', 2),
(13, '', '', '-', 0, '-', 2);

DROP TABLE IF EXISTS `db_subgrade`;
CREATE TABLE `db_subgrade` (
  `id_subgrade` int(11) NOT NULL AUTO_INCREMENT,
  `name` varchar(60) NOT NULL,
  `sname` varchar(60) NOT NULL,
  `abbr` varchar(50) NOT NULL,
  PRIMARY KEY (`id_subgrade`)
) ENGINE=InnoDB AUTO_INCREMENT=11 /*!40101 DEFAULT CHARSET=cp1251 */;

INSERT INTO `db_subgrade` VALUES
(1, ' I c.', '', ''),
(2, ' II c.', '', ''),
(3, ' III c.', '', ''),
(4, ' I c.', '', ''),
(5, ' II c.', '', ''),
(6, ' III c.', '', ''),
(7, ' I c.', '', ''),
(8, ' II c.', '', ''),
(9, ' III c.', '', ''),
(10, '    ', '', '');

DROP TABLE IF EXISTS `db_submission`;
CREATE TABLE `db_submission` (
  `id_submission` int(11) NOT NULL AUTO_INCREMENT,
  `name` varchar(60) NOT NULL,
  `sname` varchar(60) NOT NULL,
  `abbr` varchar(50) NOT NULL,
  `parent_id` int(11) NOT NULL,
  `child_id` int(11) NOT NULL,
  PRIMARY KEY (`id_submission`)
) ENGINE=InnoDB AUTO_INCREMENT=29 /*!40101 DEFAULT CHARSET=cp1251 */;

INSERT INTO `db_submission` VALUES
(1, '', '', '', 18, 16),
(2, '', '', '', 18, 17),
(3, '', '', '', 8, 9),
(4, '', '', '', 8, 10),
(5, '', '', '', 8, 11),
(6, '', '', '', 8, 13),
(7, '', '', '', 8, 10),
(8, '', '', '', 9, 10),
(9, '', '', '', 9, 11),
(10, '', '', '', 29, 3),
(11, '', '', '', 29, 4),
(12, '', '', '', 6, 7),
(13, '', '', '', 6, 5),
(14, '', '', '', 23, 22),
(15, '', '', '', 23, 21),
(16, '', '', '', 20, 19),
(17, '', '', '', 22, 21),
(18, '', '', '', 22, 19),
(19, '', '', '', 8, 12),
(20, '', '', '', 9, 14),
(21, '', '', '', 9, 12),
(22, '', '', '', 9, 13),
(23, '', '', '', 26, 14),
(24, '', '', '', 6, 3),
(25, '', '', '', 6, 4),
(26, '', '', '', 3, 5),
(27, '', '', '', 3, 7),
(28, '', '', '', 6, 14);

DROP TABLE IF EXISTS `db_submitted`;
CREATE TABLE `db_submitted` (
  `id_submitted` int(11) NOT NULL AUTO_INCREMENT,
  `faculty_id` int(11) NOT NULL,
  `time_form_id` int(11) NOT NULL,
  `total` int(11) NOT NULL,
  PRIMARY KEY (`id_submitted`),
  UNIQUE KEY `faculty_id` (`faculty_id`,`time_form_id`)
) ENGINE=InnoDB AUTO_INCREMENT=185 /*!40101 DEFAULT CHARSET=cp1251 */;

INSERT INTO `db_submitted` VALUES
(1, 1, 1, 2),
(2, 1, 2, 0),
(3, 2, 1, 2),
(4, 2, 2, 0),
(9, 3, 1, 0),
(10, 3, 2, 0),
(11, 4, 1, 0),
(12, 4, 2, 0),
(13, 5, 1, 0),
(14, 5, 2, 0),
(15, 6, 1, 0),
(16, 6, 2, 0),
(19, 1, 3, 0),
(20, 1, 4, 0),
(23, 2, 3, 0),
(24, 2, 4, 0),
(27, 3, 3, 0),
(28, 3, 4, 0),
(31, 4, 3, 0),
(32, 4, 4, 0),
(35, 5, 3, 0),
(36, 5, 4, 0),
(39, 6, 3, 0),
(40, 6, 4, 0),
(41, 7, 1, 1),
(42, 7, 2, 0),
(43, 7, 3, 0),
(44, 7, 4, 0);

DROP TABLE IF EXISTS `db_tag`;
CREATE TABLE `db_tag` (
  `id_tag` int(11) NOT NULL AUTO_INCREMENT,
  `name` varchar(60) NOT NULL,
  `sname` varchar(60) NOT NULL,
  `abbr` varchar(50) NOT NULL,
  PRIMARY KEY (`id_tag`)
) ENGINE=InnoDB /*!40101 DEFAULT CHARSET=cp1251 */;

DROP TABLE IF EXISTS `db_tag_relation`;
CREATE TABLE `db_tag_relation` (
  `id_tag_relation` int(11) NOT NULL AUTO_INCREMENT,
  `person_id` int(11) NOT NULL,
  `tag_id` int(11) NOT NULL,
  PRIMARY KEY (`id_tag_relation`)
) ENGINE=InnoDB /*!40101 DEFAULT CHARSET=cp1251 */;

DROP TABLE IF EXISTS `db_target`;
CREATE TABLE `db_target` (
  `id_target` int(11) NOT NULL AUTO_INCREMENT,
  `name` varchar(60) NOT NULL,
  `sname` varchar(60) NOT NULL,
  `abbr` varchar(11) NOT NULL,
  PRIMARY KEY (`id_target`)
) ENGINE=InnoDB AUTO_INCREMENT=7 /*!40101 DEFAULT CHARSET=cp1251 */;

INSERT INTO `db_target` VALUES
(1, '', '', ''),
(2, ' ', ' .', ''),
(3, '', '', ''),
(4, ',  ', './', ''),
(5, ', ', ',', ''),
(6, ',  ', './', '');

DROP TABLE IF EXISTS `db_target_allowable`;
CREATE TABLE `db_target_allowable` (
  `id_target_allowable` int(11) NOT NULL AUTO_INCREMENT,
  `faculty_id` int(11) NOT NULL,
  `time_form_id` int(11) NOT NULL,
  `edu_form_id` int(11) NOT NULL,
  `target_id` int(11) NOT NULL,
  `target_type_id` int(11) NOT NULL,
  `target_cell_id` int(11) NOT NULL,
  `region_cell_id` int(11) NOT NULL,
  PRIMARY KEY (`id_target_allowable`),
  UNIQUE KEY `faculty_id` (`faculty_id`,`time_form_id`,`edu_form_id`,`target_id`,`target_type_id`,`target_cell_id`,`region_cell_id`)
) ENGINE=InnoDB AUTO_INCREMENT=121 /*!40101 DEFAULT CHARSET=cp1251 */;

INSERT INTO `db_target_allowable` VALUES
(1, 1, 1, 1, 1, 1, 1, 1),
(2, 1, 1, 1, 1, 1, 1, 2),
(3, 1, 1, 1, 1, 1, 1, 3),
(4, 1, 1, 1, 1, 1, 1, 4),
(5, 1, 1, 1, 1, 1, 1, 5),
(6, 1, 1, 1, 1, 1, 1, 6),
(7, 1, 1, 1, 1, 2, 1, 1),
(8, 1, 1, 1, 1, 2, 1, 2),
(9, 1, 1, 1, 1, 2, 1, 3),
(10, 1, 1, 1, 1, 2, 1, 4),
(11, 1, 1, 1, 1, 2, 1, 5),
(12, 1, 1, 1, 1, 2, 1, 6),
(13, 1, 1, 1, 2, 0, 0, 0),
(14, 1, 1, 1, 3, 1, 0, 0),
(15, 1, 1, 1, 3, 2, 0, 0),
(16, 1, 1, 1, 5, 0, 0, 0),
(17, 1, 1, 2, 3, 0, 0, 0),
(18, 1, 1, 2, 4, 0, 0, 0),
(19, 1, 1, 2, 6, 0, 0, 0),
(20, 2, 1, 1, 1, 1, 1, 1),
(21, 2, 1, 1, 1, 1, 1, 2),
(22, 2, 1, 1, 1, 1, 1, 3),
(23, 2, 1, 1, 1, 1, 1, 4),
(24, 2, 1, 1, 1, 1, 1, 5),
(25, 2, 1, 1, 1, 1, 1, 6),
(26, 2, 1, 1, 1, 2, 1, 1),
(27, 2, 1, 1, 1, 2, 1, 2),
(28, 2, 1, 1, 1, 2, 1, 3),
(29, 2, 1, 1, 1, 2, 1, 4),
(30, 2, 1, 1, 1, 2, 1, 5),
(31, 2, 1, 1, 1, 2, 1, 6),
(32, 2, 1, 1, 2, 0, 0, 0),
(33, 2, 1, 1, 3, 1, 0, 0),
(34, 2, 1, 1, 3, 2, 0, 0),
(35, 2, 1, 1, 5, 0, 0, 0),
(36, 2, 1, 2, 3, 0, 0, 0),
(37, 2, 1, 2, 4, 0, 0, 0),
(38, 2, 1, 2, 6, 0, 0, 0),
(39, 3, 1, 1, 1, 1, 1, 1),
(40, 3, 1, 1, 1, 1, 1, 2),
(41, 3, 1, 1, 1, 1, 1, 3),
(42, 3, 1, 1, 1, 1, 1, 4),
(43, 3, 1, 1, 1, 1, 1, 5),
(44, 3, 1, 1, 1, 1, 1, 6),
(45, 3, 1, 1, 1, 2, 1, 1),
(46, 3, 1, 1, 1, 2, 1, 2),
(47, 3, 1, 1, 1, 2, 1, 3),
(48, 3, 1, 1, 1, 2, 1, 4),
(49, 3, 1, 1, 1, 2, 1, 5),
(50, 3, 1, 1, 1, 2, 1, 6),
(51, 3, 1, 1, 2, 0, 0, 0),
(52, 3, 1, 1, 3, 1, 0, 0),
(53, 3, 1, 1, 3, 2, 0, 0),
(54, 3, 1, 1, 5, 0, 0, 0),
(55, 3, 1, 2, 3, 0, 0, 0),
(56, 3, 1, 2, 4, 0, 0, 0),
(57, 3, 1, 2, 6, 0, 0, 0),
(58, 4, 1, 1, 1, 1, 1, 1),
(59, 4, 1, 1, 1, 1, 1, 2),
(60, 4, 1, 1, 1, 1, 1, 3),
(61, 4, 1, 1, 1, 1, 1, 4),
(62, 4, 1, 1, 1, 1, 1, 5),
(63, 4, 1, 1, 1, 1, 1, 6),
(64, 4, 1, 1, 1, 2, 1, 1),
(65, 4, 1, 1, 1, 2, 1, 2),
(66, 4, 1, 1, 1, 2, 1, 3),
(67, 4, 1, 1, 1, 2, 1, 4),
(68, 4, 1, 1, 1, 2, 1, 5),
(69, 4, 1, 1, 1, 2, 1, 6),
(70, 4, 1, 1, 2, 0, 0, 0),
(71, 4, 1, 1, 3, 1, 0, 0),
(72, 4, 1, 1, 3, 2, 0, 0),
(73, 4, 1, 1, 5, 0, 0, 0),
(74, 4, 1, 2, 3, 0, 0, 0),
(75, 4, 1, 2, 4, 0, 0, 0),
(76, 4, 1, 2, 6, 0, 0, 0),
(77, 5, 1, 1, 2, 0, 0, 0),
(78, 5, 1, 1, 3, 1, 0, 0),
(79, 5, 1, 1, 3, 2, 0, 0),
(80, 6, 1, 1, 1, 1, 1, 1),
(81, 6, 1, 1, 1, 1, 1, 2),
(82, 6, 1, 1, 1, 1, 1, 3),
(83, 6, 1, 1, 1, 1, 1, 4),
(84, 6, 1, 1, 1, 1, 1, 5),
(85, 6, 1, 1, 1, 1, 1, 6),
(92, 6, 1, 1, 1, 1, 2, 1),
(93, 6, 1, 1, 1, 1, 2, 2),
(94, 6, 1, 1, 1, 1, 2, 3),
(95, 6, 1, 1, 1, 1, 2, 4),
(96, 6, 1, 1, 1, 1, 2, 5),
(97, 6, 1, 1, 1, 1, 2, 6),
(86, 6, 1, 1, 1, 2, 1, 1),
(87, 6, 1, 1, 1, 2, 1, 2),
(88, 6, 1, 1, 1, 2, 1, 3),
(89, 6, 1, 1, 1, 2, 1, 4),
(90, 6, 1, 1, 1, 2, 1, 5),
(91, 6, 1, 1, 1, 2, 1, 6),
(98, 6, 1, 1, 1, 2, 2, 1),
(99, 6, 1, 1, 1, 2, 2, 2),
(100, 6, 1, 1, 1, 2, 2, 3),
(101, 6, 1, 1, 1, 2, 2, 4),
(102, 6, 1, 1, 1, 2, 2, 5),
(103, 6, 1, 1, 1, 2, 2, 6),
(104, 6, 1, 1, 2, 0, 0, 0),
(105, 6, 1, 1, 3, 1, 0, 0),
(106, 6, 1, 1, 3, 2, 0, 0),
(107, 6, 1, 1, 5, 0, 0, 0),
(108, 6, 1, 2, 3, 0, 0, 0),
(109, 6, 1, 2, 4, 0, 0, 0),
(110, 6, 1, 2, 6, 0, 0, 0),
(111, 6, 2, 1, 3, 1, 0, 0),
(112, 6, 2, 1, 3, 2, 0, 0),
(113, 6, 2, 2, 3, 0, 0, 0),
(114, 6, 2, 2, 4, 0, 0, 0),
(115, 6, 2, 2, 6, 0, 0, 0),
(116, 7, 1, 1, 3, 0, 0, 0),
(117, 7, 1, 2, 3, 0, 0, 0),
(118, 7, 2, 2, 3, 0, 0, 0),
(119, 7, 3, 2, 3, 0, 0, 0),
(120, 7, 4, 2, 3, 0, 0, 0);

DROP TABLE IF EXISTS `db_target_formable`;
CREATE TABLE `db_target_formable` (
  `id_target_formable` int(11) NOT NULL AUTO_INCREMENT,
  `faculty_id` int(11) NOT NULL,
  `time_form_id` int(11) NOT NULL,
  `edu_form_id` int(11) NOT NULL,
  `target_id` int(11) NOT NULL,
  `target_type_id` int(11) NOT NULL,
  `target_cell_id` int(11) NOT NULL,
  `region_cell_id` int(11) NOT NULL,
  PRIMARY KEY (`id_target_formable`),
  UNIQUE KEY `faculty_id` (`faculty_id`,`time_form_id`,`edu_form_id`,`target_id`,`target_type_id`,`target_cell_id`,`region_cell_id`)
) ENGINE=InnoDB AUTO_INCREMENT=123 /*!40101 DEFAULT CHARSET=cp1251 */;

INSERT INTO `db_target_formable` VALUES
(122, 1, 1, 1, 3, 1, 0, 0),
(17, 1, 1, 2, 3, 0, 0, 0),
(18, 1, 1, 2, 4, 0, 0, 0),
(19, 1, 1, 2, 6, 0, 0, 0),
(36, 2, 1, 2, 3, 0, 0, 0),
(37, 2, 1, 2, 4, 0, 0, 0),
(38, 2, 1, 2, 6, 0, 0, 0),
(55, 3, 1, 2, 3, 0, 0, 0),
(56, 3, 1, 2, 4, 0, 0, 0),
(57, 3, 1, 2, 6, 0, 0, 0),
(74, 4, 1, 2, 3, 0, 0, 0),
(75, 4, 1, 2, 4, 0, 0, 0),
(76, 4, 1, 2, 6, 0, 0, 0),
(108, 6, 1, 2, 3, 0, 0, 0),
(109, 6, 1, 2, 4, 0, 0, 0),
(110, 6, 1, 2, 6, 0, 0, 0),
(113, 6, 2, 2, 3, 0, 0, 0),
(114, 6, 2, 2, 4, 0, 0, 0),
(115, 6, 2, 2, 6, 0, 0, 0),
(121, 7, 1, 1, 3, 0, 0, 0),
(120, 7, 1, 2, 3, 0, 0, 0),
(117, 7, 2, 2, 3, 0, 0, 0),
(118, 7, 3, 2, 3, 0, 0, 0),
(119, 7, 4, 2, 3, 0, 0, 0);

DROP TABLE IF EXISTS `db_target_history`;
CREATE TABLE `db_target_history` (
  `id_target_history` int(11) NOT NULL AUTO_INCREMENT,
  `person_id` int(11) NOT NULL,
  `vtime` datetime NOT NULL,
  `xtime` datetime NOT NULL,
  `faculty` int(11) NOT NULL,
  `time_form_id` int(11) NOT NULL,
  `edu_form` int(11) NOT NULL,
  `target` int(11) NOT NULL,
  `target_type` int(11) NOT NULL,
  `target_cell` int(11) NOT NULL,
  `region_cell` int(11) NOT NULL,
  `total` int(11) NOT NULL,
  `reason` int(11) NOT NULL,
  `reasoff` int(11) NOT NULL,
  `vuid` int(11) NOT NULL,
  `xuid` int(11) NOT NULL,
  PRIMARY KEY (`id_target_history`)
) ENGINE=InnoDB AUTO_INCREMENT=10 /*!40101 DEFAULT CHARSET=cp1251 */;

INSERT INTO `db_target_history` VALUES
(1, 1, '2014-04-08 10:00:28', '2014-04-08 12:27:16', 1, 1, 1, 3, 1, 0, 0, 210, 1, 1, 1, 1),
(2, 2, '2014-04-08 12:27:49', '0000-00-00 00:00:00', 1, 1, 1, 3, 1, 0, 0, 210, 3, 0, 1, 0),
(3, 3, '2014-04-08 12:29:02', '2014-04-08 12:29:35', 1, 1, 1, 3, 1, 0, 0, 210, 3, 2, 1, 1),
(4, 3, '2014-04-08 12:29:35', '2014-04-09 09:14:25', 1, 1, 1, 1, 1, 1, 5, 210, 2, 1, 1, 1),
(5, 4, '2014-04-08 12:30:41', '0000-00-00 00:00:00', 1, 1, 1, 3, 1, 0, 0, 210, 3, 0, 1, 0),
(6, 5, '2014-04-09 08:42:10', '2014-04-09 09:12:28', 7, 1, 1, 3, 0, 0, 0, 0, 1, 2, 1, 1),
(7, 5, '2014-04-09 09:12:28', '0000-00-00 00:00:00', 7, 1, 1, 3, 0, 0, 0, 144, 2, 0, 1, 0),
(8, 6, '2014-04-09 11:12:07', '0000-00-00 00:00:00', 2, 1, 1, 3, 1, 0, 0, 210, 3, 0, 1, 0),
(9, 7, '2014-04-14 15:40:32', '0000-00-00 00:00:00', 2, 1, 1, 1, 1, 1, 5, 210, 3, 0, 1, 0);

DROP TABLE IF EXISTS `db_target_use`;
CREATE TABLE `db_target_use` (
  `id_target_use` int(11) NOT NULL AUTO_INCREMENT,
  `name` varchar(60) NOT NULL,
  `sname` varchar(60) NOT NULL,
  `abbr` varchar(50) NOT NULL,
  PRIMARY KEY (`id_target_use`)
) ENGINE=InnoDB AUTO_INCREMENT=3 /*!40101 DEFAULT CHARSET=cp1251 */;

INSERT INTO `db_target_use` VALUES
(1, '25 ', '', ''),
(2, '2  ', '', '');

DROP TABLE IF EXISTS `db_targetcell`;
CREATE TABLE `db_targetcell` (
  `id_targetcell` int(11) NOT NULL AUTO_INCREMENT,
  `name` varchar(60) NOT NULL,
  `sname` varchar(60) NOT NULL,
  `abbr` varchar(60) NOT NULL,
  PRIMARY KEY (`id_targetcell`)
) ENGINE=InnoDB AUTO_INCREMENT=3 /*!40101 DEFAULT CHARSET=cp1251 */;

INSERT INTO `db_targetcell` VALUES
(1, '', '', ''),
(2, ' \"\"', '', '');

DROP TABLE IF EXISTS `db_targettype`;
CREATE TABLE `db_targettype` (
  `id_targettype` int(11) NOT NULL AUTO_INCREMENT,
  `name` varchar(60) NOT NULL,
  `sname` varchar(60) NOT NULL,
  `abbr` varchar(60) NOT NULL,
  PRIMARY KEY (`id_targettype`)
) ENGINE=InnoDB AUTO_INCREMENT=3 /*!40101 DEFAULT CHARSET=cp1251 */;

INSERT INTO `db_targettype` VALUES
(1, '', '', '');

DROP TABLE IF EXISTS `db_task`;
CREATE TABLE `db_task` (
  `id_task` int(11) NOT NULL AUTO_INCREMENT,
  `name` varchar(60) NOT NULL,
  `sname` varchar(60) NOT NULL,
  `abbr` varchar(50) NOT NULL,
  PRIMARY KEY (`id_task`)
) ENGINE=InnoDB /*!40101 DEFAULT CHARSET=cp1251 */;

DROP TABLE IF EXISTS `db_time_form`;
CREATE TABLE `db_time_form` (
  `id_time_form` int(11) NOT NULL AUTO_INCREMENT,
  `name` varchar(60) NOT NULL,
  `sname` varchar(60) NOT NULL,
  `abbr` varchar(60) NOT NULL,
  `abbrdelo` varchar(5) NOT NULL,
  `order_extract` varchar(100) NOT NULL,
  `notification` varchar(100) NOT NULL,
  PRIMARY KEY (`id_time_form`)
) ENGINE=InnoDB AUTO_INCREMENT=5 /*!40101 DEFAULT CHARSET=cp1251 */;

INSERT INTO `db_time_form` VALUES
(1, '', '', '', '', '', ''),
(2, '', '', '', '', '', ''),
(3, '', '', '', '', '', ''),
(4, '', '', '', '', '', '');

DROP TABLE IF EXISTS `db_try`;
CREATE TABLE `db_try` (
  `id_try` int(11) NOT NULL AUTO_INCREMENT,
  `name` varchar(60) NOT NULL,
  `sname` varchar(60) NOT NULL,
  `abbr` varchar(50) NOT NULL,
  PRIMARY KEY (`id_try`)
) ENGINE=InnoDB AUTO_INCREMENT=8 /*!40101 DEFAULT CHARSET=cp1251 */;

INSERT INTO `db_try` VALUES
(1, '1', '', ''),
(2, '2', '', ''),
(3, '3', '', ''),
(4, '4', '', ''),
(5, '5', '', ''),
(6, '6', '', ''),
(7, '7', '', '');

DROP TABLE IF EXISTS `db_users`;
CREATE TABLE `db_users` (
  `id` int(11) NOT NULL AUTO_INCREMENT,
  `username` varchar(60) NOT NULL,
  `password` varchar(60) NOT NULL,
  `realname` varchar(60) NOT NULL,
  `group_id` int(11) NOT NULL,
  `phones` varchar(50) NOT NULL,
  `def_faculty` int(11) NOT NULL,
  `use_tabs` int(11) NOT NULL,
  `queue_id` int(11) NOT NULL,
  `def_time_form` int(11) NOT NULL,
  `def_action` int(11) NOT NULL,
  `use_last` int(11) NOT NULL,
  `def_state_id` int(11) DEFAULT NULL,
  PRIMARY KEY (`id`)
) ENGINE=InnoDB AUTO_INCREMENT=35 /*!40101 DEFAULT CHARSET=cp1251 */;

INSERT INTO `db_users` VALUES
(1, 'pk_root', '', '', 1, '', 7, 0, 0, 3, 0, 0, 0),
(2, 'dextran', '', '  ', 4, '', 0, 0, 0, 0, 0, 0, NULL),
(3, 'pkRudkovskayaEV', '', '  ', 9, '', 4, 0, 0, 0, 0, 0, 0),
(4, 'pkBoriseviczES', '', '  ', 3, '', 4, 0, 0, 0, 0, 0, NULL),
(5, 'pkTroyanAN', '', '  ', 3, '', 2, 0, 0, 0, 0, 0, NULL),
(6, 'pkGorbiczYL', '', '  ', 5, '', 0, 0, 0, 0, 0, 0, 0),
(7, 'pkKrasovskayaTV', '', '  ', 3, '', 7, 0, 0, 0, 0, 0, 0),
(8, 'pkSaetOS', '', '  ', 5, '', 1, 0, 0, 0, 0, 0, 0),
(9, 'pkGodjaevVG', '', '  ', 5, '', 1, 0, 1, 1, 0, 1, 0),
(10, 'pkMalkeviczAV', '', ' ', 3, '', 1, 0, 0, 0, 0, 0, NULL),
(11, 'pkCzuhanovaKA', '', '  ', 3, '', 1, 0, 0, 0, 0, 0, NULL),
(12, 'pkMaskalikAN', '', '  ', 3, '', 1, 0, 0, 0, 0, 0, NULL),
(13, 'pkDemidczikVU', '', '  ', 3, '', 1, 0, 0, 0, 0, 0, NULL),
(14, 'pkLipnitskayaAV', '', '  ', 3, '', 0, 0, 0, 0, 0, 0, 0),
(15, 'pkTaptunPD', '', '  ', 3, '', 7, 0, 0, 0, 0, 0, NULL),
(16, 'pkDoldovaVS', '', '  ', 3, '', 3, 0, 0, 0, 0, 0, NULL),
(17, 'pkSzepetkoNM', '', '  ', 9, '', 3, 0, 0, 0, 0, 0, NULL),
(18, 'pkShilovaMA', '', '  ', 5, '', 3, 0, 0, 0, 0, 0, 0),
(19, 'pkNaumenokTV', '', '  ', 3, '', 5, 0, 0, 0, 0, 0, NULL),
(20, 'pkYanulAN', '', '  ', 5, '', 5, 0, 0, 0, 0, 0, NULL),
(21, 'pkPobolIN', '', '  ', 3, '', 6, 0, 0, 0, 0, 0, NULL),
(22, 'pkPavlovetcAO', '', '  ', 9, '', 6, 0, 0, 0, 0, 0, NULL),
(23, 'ChernousEA', '', '  ', 5, '', 6, 0, 0, 0, 0, 0, NULL),
(24, 'ShukhnoTP', '', '  ', 4, '', 7, 0, 0, 0, 0, 0, 0),
(25, 'pkKolesnikovaML', '', '  ', 4, '', 0, 0, 0, 0, 0, 0, NULL),
(26, 'pkBulaszEI', '', '  ', 5, '', 7, 0, 0, 0, 0, 0, 0),
(27, 'pkPhones', '', '', 6, '', 1, 0, 1, 1, 0, 0, NULL),
(28, 'sstomButvilovskijAV', '', '  ', 4, '', 7, 0, 0, 0, 0, 0, 0),
(29, 'pkKravchenkoNL', '', '  ', 5, '', 4, 0, 0, 0, 0, 0, 0),
(30, 'pkVolkovAS', '', ' ', 8, '', 0, 0, 0, 0, 1, 1, 0),
(31, 'lechVolotovski', '', '  ', 7, '', 1, 0, 0, 0, 0, 0, NULL),
(32, 'ParkhamovichSN', '', ' . .', 7, '', 4, 0, 0, 0, 0, 0, NULL),
(33, 'Avetisov', '', '  ', 7, '', 2, 0, 0, 0, 0, 0, NULL),
(34, 'BudoPV1', '', '', 10, '', 0, 0, 0, 0, 0, 0, NULL);

DROP TABLE IF EXISTS `db_vized_cell`;
CREATE TABLE `db_vized_cell` (
  `id_vized_cell` int(11) NOT NULL AUTO_INCREMENT,
  `name` varchar(60) NOT NULL,
  `surname` varchar(200) NOT NULL,
  `midname` varchar(200) NOT NULL,
  `region_id` int(11) NOT NULL,
  `spec` varchar(100) NOT NULL,
  PRIMARY KEY (`id_vized_cell`)
) ENGINE=InnoDB /*!40101 DEFAULT CHARSET=cp1251 */;

DROP TABLE IF EXISTS `db_voenmed`;
CREATE TABLE `db_voenmed` (
  `id_voenmed` int(11) NOT NULL AUTO_INCREMENT,
  `name` varchar(60) NOT NULL,
  `sname` varchar(60) NOT NULL,
  `abbr` varchar(50) NOT NULL,
  `surname` varchar(200) NOT NULL,
  `midname` varchar(200) NOT NULL,
  PRIMARY KEY (`id_voenmed`)
) ENGINE=InnoDB AUTO_INCREMENT=86 /*!40101 DEFAULT CHARSET=cp1251 */;

INSERT INTO `db_voenmed` VALUES
(1, '', '', '', ' ', ''),
(2, ' ', '', '', '', ''),
(3, '', '', '', '', ''),
(4, '', '', '', '', ''),
(5, '', '', '', '', ''),
(6, '', '', '', '', ''),
(7, '', '', '', '', ''),
(8, '', '', '', '', ''),
(9, '', '', '', '', ''),
(10, '', '', '', '', ''),
(11, '', '', '', '', ''),
(12, '', '', '', '', ''),
(13, '', '', '', '', ''),
(14, '', '', '', '', ''),
(15, '', '', '', '', ''),
(16, '', '', '', '', ''),
(17, '', '', '', '', ''),
(18, '', '', '', '', ''),
(19, '', '', '', '', ''),
(20, '', '', '', '', ''),
(21, '', '', '', '', ''),
(22, '', '', '', '', ''),
(23, '', '', '', '', ''),
(24, '', '', '', '', ''),
(25, '', '', '', '', ''),
(26, '', '', '', '', ''),
(27, '', '', '', '', ''),
(28, '', '', '', '', ''),
(29, '', '', '', '', ''),
(30, '', '', '', '', ''),
(31, '', '', '', '', ''),
(32, '', '', '', '', ''),
(33, '', '', '', '', ''),
(34, '', '', '', '', ''),
(35, '', '', '', '', ''),
(36, '', '', '', '', ''),
(37, '', '', '', '', ''),
(38, '', '', '', '', ''),
(39, '', '', '', '', ''),
(40, '', '', '', '', ''),
(41, '', '', '', '', ''),
(42, '', '', '', '', ''),
(43, '', '', '', '', ''),
(44, '', '', '', '', ''),
(45, '', '', '', '', ''),
(46, '', '', '', '', ''),
(47, '', '', '', '', ''),
(48, '', '', '', '', ''),
(49, '', '', '', '', ''),
(50, '', '', '', '', ''),
(51, '', '', '', '', ''),
(52, '', '', '', '', ''),
(53, '', '', '', '', ''),
(54, '', '', '', '', ''),
(55, '', '', '', '', ''),
(56, '', '', '', '', ''),
(57, '', '', '', '', ''),
(58, '', '', '', '', ''),
(59, '', '', '', '', ''),
(60, '', '', '', '', ''),
(61, '', '', '', '', ''),
(62, '', '', '', '', ''),
(63, '', '', '', '', ''),
(64, '', '', '', '', ''),
(65, '', '', '', '', ''),
(66, '', '', '', '', ''),
(67, '', '', '', '', ''),
(68, '', '', '', '', ''),
(69, '', '', '', '', ''),
(70, ' ', '', '', '', ''),
(71, '', '', '', '', ''),
(72, '', '', '', '', ''),
(73, '', '', '', '', ''),
(74, '', '', '', '', ''),
(75, '', '', '', '', ''),
(76, '', '', '', '', ''),
(77, '', '', '', '', ''),
(78, '', '', '', '', ''),
(79, '', '', '', '', ''),
(80, '', '', '', '', ''),
(81, '', '', '', '', ''),
(82, '', '', '', '', ''),
(83, '', '', '', '', ''),
(84, '', '', '', '', ''),
(85, '', '', '', '', '');

DROP TABLE IF EXISTS `db_wouldbe`;
CREATE TABLE `db_wouldbe` (
  `id_wouldbe` int(11) NOT NULL AUTO_INCREMENT,
  `name` varchar(60) NOT NULL,
  `sname` varchar(60) NOT NULL,
  `abbr` varchar(50) NOT NULL,
  PRIMARY KEY (`id_wouldbe`)
) ENGINE=InnoDB AUTO_INCREMENT=2 /*!40101 DEFAULT CHARSET=cp1251 */;

INSERT INTO `db_wouldbe` VALUES
(1, ' ', '', '');

DROP TABLE IF EXISTS `db_xclass`;
CREATE TABLE `db_xclass` (
  `id_xclass` int(11) NOT NULL AUTO_INCREMENT,
  `name` varchar(60) NOT NULL,
  `sname` varchar(60) NOT NULL,
  `abbr` varchar(50) NOT NULL,
  PRIMARY KEY (`id_xclass`)
) ENGINE=InnoDB AUTO_INCREMENT=2 /*!40101 DEFAULT CHARSET=cp1251 */;

INSERT INTO `db_xclass` VALUES
(1, ' ', '', '');

DROP TABLE IF EXISTS `db_zip_by`;
CREATE TABLE `db_zip_by` (
  `id_zip_by` int(11) NOT NULL AUTO_INCREMENT,
  `zipcode` varchar(10) NOT NULL,
  `city_name` text NOT NULL,
  `stree_name` text NOT NULL,
  PRIMARY KEY (`id_zip_by`)
) ENGINE=InnoDB /*!40101 DEFAULT CHARSET=cp1251 */;

