#SKD101|admx|102|2015.05.25 13:32:15|5933|28|150|1462|10|2|2|3|9|1|94|3|2|1|2|2|4|7|3|9|5|2|4|9|7|86|13|108|1|3|7|2|12|204|10|3|123|13|84|56|3|150|4|10|7|6|2|3|7|160|5|2|166|2374|2|2|13|10|36|28|7|114|113|2|2|2|4|7|39|105|1|1

DROP TABLE IF EXISTS `db_abby_monid`;
CREATE TABLE `db_abby_monid` (
  `id_abby_monid` int(11) NOT NULL AUTO_INCREMENT,
  `faculty_id` int(11) NOT NULL,
  `time_form_id` int(11) NOT NULL,
  `monid` varchar(50) NOT NULL,
  PRIMARY KEY (`id_abby_monid`),
  UNIQUE KEY `faculty_id` (`faculty_id`,`time_form_id`)
) ENGINE=InnoDB AUTO_INCREMENT=41 /*!40101 DEFAULT CHARSET=cp1251 */;

INSERT INTO `db_abby_monid` VALUES
(1, 1, 1, '50015'),
(2, 1, 2, ''),
(3, 2, 1, '50017'),
(4, 2, 2, ''),
(5, 3, 1, '50019'),
(6, 3, 2, ''),
(7, 4, 1, '50021'),
(8, 4, 2, ''),
(9, 5, 1, '50026'),
(10, 5, 2, ''),
(11, 6, 1, '50023'),
(12, 6, 2, '50025'),
(15, 1, 3, '50016'),
(16, 1, 4, ''),
(19, 2, 3, '50018'),
(20, 2, 4, ''),
(23, 3, 3, '50020'),
(24, 3, 4, ''),
(27, 4, 3, '50022'),
(28, 4, 4, ''),
(31, 5, 3, ''),
(32, 5, 4, ''),
(35, 6, 3, '50024'),
(36, 6, 4, ''),
(37, 7, 1, ''),
(38, 7, 2, ''),
(39, 7, 3, ''),
(40, 7, 4, '');

DROP TABLE IF EXISTS `db_acl`;
CREATE TABLE `db_acl` (
  `id_acl` int(11) NOT NULL AUTO_INCREMENT,
  `group_id` int(11) NOT NULL,
  `key_id` int(11) NOT NULL,
  `value` int(11) NOT NULL,
  PRIMARY KEY (`id_acl`),
  UNIQUE KEY `group_id` (`group_id`,`key_id`)
) ENGINE=InnoDB AUTO_INCREMENT=1121 /*!40101 DEFAULT CHARSET=cp1251 */;

INSERT INTO `db_acl` VALUES
(1, 1, 1, 1),
(2, 2, 86, 1),
(3, 2, 106, 1),
(4, 2, 76, 1),
(5, 3, 9, 1),
(6, 3, 20, 1),
(7, 3, 55, 1),
(8, 3, 70, 0),
(9, 3, 72, 1),
(10, 3, 76, 1),
(11, 3, 80, 1),
(12, 3, 104, 1),
(15, 3, 32, 1),
(22, 4, 3, 1),
(23, 4, 13, 1),
(24, 4, 20, 1),
(25, 4, 32, 1),
(26, 4, 35, 1),
(27, 4, 37, 1),
(28, 4, 40, 1),
(29, 4, 42, 1),
(30, 4, 55, 1),
(31, 4, 59, 1),
(32, 4, 63, 1),
(33, 4, 65, 1),
(34, 4, 69, 1),
(35, 4, 70, 0),
(36, 4, 72, 1),
(37, 4, 73, 1),
(38, 4, 80, 1),
(39, 4, 84, 1),
(40, 4, 85, 1),
(41, 4, 94, 1),
(42, 4, 101, 1),
(43, 4, 106, 1),
(45, 4, 5, 1),
(48, 4, 29, 1),
(49, 4, 30, 1),
(70, 4, 7, 1),
(143, 4, 109, 1),
(144, 4, 110, 1),
(157, 4, 44, 1),
(201, 4, 111, 1),
(226, 4, 99, 1),
(258, 4, 104, 1),
(266, 4, 9, 1),
(299, 4, 10, 1),
(328, 5, 13, 1),
(329, 5, 84, 1),
(330, 5, 85, 1),
(331, 5, 101, 1),
(332, 5, 104, 1),
(333, 5, 109, 1),
(334, 5, 110, 1),
(335, 5, 111, 1),
(337, 5, 32, 1),
(338, 5, 44, 1),
(339, 5, 59, 1),
(340, 5, 72, 1),
(345, 5, 106, 1),
(353, 5, 69, 1),
(363, 5, 7, 1),
(364, 5, 9, 1),
(368, 5, 55, 1),
(372, 5, 80, 1),
(393, 5, 99, 1),
(404, 5, 37, 1),
(425, 5, 42, 1),
(450, 5, 65, 1),
(468, 5, 40, 0),
(469, 6, 7, 1),
(470, 6, 73, 1),
(473, 6, 104, 1),
(474, 6, 111, 1),
(475, 7, 5, 1),
(476, 7, 7, 1),
(477, 7, 13, 1),
(478, 7, 29, 1),
(479, 7, 30, 1),
(480, 7, 37, 1),
(481, 7, 44, 1),
(482, 7, 84, 1),
(483, 7, 99, 1),
(493, 7, 104, 1),
(501, 7, 73, 1),
(522, 4, 61, 1),
(539, 8, 29, 1),
(540, 8, 30, 1),
(541, 8, 44, 1),
(542, 8, 84, 1),
(543, 8, 104, 1),
(544, 8, 106, 1),
(545, 8, 109, 1),
(546, 8, 110, 1),
(547, 8, 111, 1),
(557, 8, 112, 1),
(558, 8, 7, 1),
(562, 8, 72, 1),
(563, 8, 73, 1),
(572, 8, 9, 1),
(575, 8, 40, 1),
(577, 8, 55, 1),
(580, 8, 80, 1),
(592, 8, 32, 1),
(608, 8, 15, 1),
(632, 7, 61, 1),
(639, 7, 10, 1),
(673, 5, 113, 1),
(708, 4, 113, 1),
(715, 8, 37, 1),
(743, 8, 99, 1),
(760, 5, 61, 1),
(789, 5, 73, 1),
(822, 8, 113, 1),
(823, 9, 9, 1),
(824, 9, 13, 1),
(825, 9, 20, 1),
(826, 9, 32, 1),
(827, 9, 35, 1),
(828, 9, 44, 1),
(829, 9, 55, 1),
(830, 9, 70, 0),
(831, 9, 72, 1),
(832, 9, 73, 1),
(833, 9, 74, 1),
(834, 9, 76, 1),
(835, 9, 80, 1),
(836, 9, 84, 1),
(837, 9, 85, 1),
(838, 9, 99, 1),
(839, 9, 101, 1),
(840, 9, 104, 1),
(841, 9, 106, 1),
(842, 9, 109, 1),
(843, 9, 110, 1),
(844, 9, 111, 1),
(845, 9, 113, 1),
(846, 9, 7, 1),
(876, 8, 35, 1),
(904, 8, 63, 1),
(941, 8, 114, 1),
(967, 8, 115, 1),
(971, 5, 29, 1),
(995, 10, 37, 1),
(996, 10, 84, 1),
(1032, 4, 115, 1),
(1090, 9, 59, 1),
(1112, 9, 37, 1),
(1116, 8, 0, 0),
(1120, 6, 110, 1);

DROP TABLE IF EXISTS `db_applog`;
CREATE TABLE `db_applog` (
  `id_applog` int(11) NOT NULL AUTO_INCREMENT,
  `action_name` varchar(200) NOT NULL,
  `user_id` int(11) NOT NULL,
  `uri` varchar(200) NOT NULL,
  `ts` timestamp NOT NULL /*!40101 DEFAULT CURRENT_TIMESTAMP ON UPDATE CURRENT_TIMESTAMP */,
  `ipaddr` varchar(16) NOT NULL,
  PRIMARY KEY (`id_applog`)
) ENGINE=InnoDB AUTO_INCREMENT=1563 /*!40101 DEFAULT CHARSET=cp1251 */;

INSERT INTO `db_applog` VALUES
(1, 'index', 72, '/index.php', '2015-05-21 09:49:04', '10.1.0.49'),
(2, 'person.precreate', 72, '/precreate.php', '2015-05-21 09:49:04', '10.1.0.49'),
(3, 'control', 72, '/control.php', '2015-05-21 09:49:07', '10.1.0.49'),
(4, 'control.users', 72, '/users.php', '2015-05-21 09:49:08', '10.1.0.49'),
(5, 'index', 0, '/', '2015-05-21 09:51:59', '172.20.0.142'),
(6, 'index', 0, '/', '2015-05-21 09:56:59', '172.20.0.142'),
(7, 'index', 0, '/', '2015-05-21 10:01:59', '172.20.0.142'),
(8, 'control.users', 72, '/users.php?id=1', '2015-05-21 10:03:33', '10.1.0.49'),
(9, 'report.analog', 72, '/analog_raw.php', '2015-05-21 10:04:41', '10.1.0.49'),
(10, 'report.discrete', 72, '/analog_paid.php', '2015-05-21 10:04:45', '10.1.0.49'),
(11, 'report.discrete', 72, '/discrete_paid.php', '2015-05-21 10:04:47', '10.1.0.49'),
(12, 'report.analog', 72, '/analog.php', '2015-05-21 10:04:48', '10.1.0.49'),
(13, 'person.search', 72, '/rev_search.php', '2015-05-21 10:04:49', '10.1.0.49'),
(14, 'person.search', 72, '/search.php', '2015-05-21 10:04:51', '10.1.0.49'),
(15, 'person.search', 72, '/rev_search.php', '2015-05-21 10:05:08', '10.1.0.49'),
(16, 'person.search', 72, '/rangesearch.php', '2015-05-21 10:05:09', '10.1.0.49'),
(17, 'person.search', 72, '/rev_search.php', '2015-05-21 10:05:10', '10.1.0.49'),
(18, 'person.search', 72, '/rev_search.php', '2015-05-21 10:06:31', '10.1.0.49'),
(19, 'person.search', 72, '/rev_search.php', '2015-05-21 10:06:57', '10.1.0.49'),
(20, 'index', 0, '/', '2015-05-21 10:06:59', '172.20.0.142'),
(21, 'debug', 72, '/debug.php', '2015-05-21 10:08:47', '10.1.0.49'),
(22, 'debug', 72, '/debug.php', '2015-05-21 10:08:50', '10.1.0.49'),
(23, 'control.applog', 72, '/applog.php', '2015-05-21 10:08:52', '10.1.0.49'),
(24, 'debug', 72, '/debug.php', '2015-05-21 10:08:58', '10.1.0.49'),
(25, 'debug.secviol', 72, '/secviolation.php', '2015-05-21 10:08:59', '10.1.0.49'),
(26, 'control', 72, '/control.php', '2015-05-21 10:09:01', '10.1.0.49'),
(27, 'control.keys', 72, '/keys.php', '2015-05-21 10:09:02', '10.1.0.49'),
(28, 'control', 72, '/control.php', '2015-05-21 10:09:06', '10.1.0.49'),
(29, 'index', 0, '/', '2015-05-21 10:11:59', '172.20.0.142'),
(30, 'index', 0, '/', '2015-05-21 10:16:59', '172.20.0.142'),
(31, 'index', 0, '/', '2015-05-21 10:21:59', '172.20.0.142'),
(32, 'control.wouldbes', 72, '/wouldbes.php', '2015-05-21 10:25:13', '10.1.0.49'),
(33, 'control', 72, '/control.php', '2015-05-21 10:25:16', '10.1.0.49'),
(34, 'index', 0, '/', '2015-05-21 10:27:00', '172.20.0.142'),
(35, 'index', 0, '/', '2015-05-21 10:32:00', '172.20.0.142'),
(36, 'index', 0, '/', '2015-05-21 10:37:00', '172.20.0.142'),
(37, 'index', 0, '/', '2015-05-21 10:42:00', '172.20.0.142'),
(38, 'index', 0, '/', '2015-05-21 10:47:00', '172.20.0.142'),
(39, 'index', 0, '/', '2015-05-21 10:52:00', '172.20.0.142'),
(40, 'index', 0, '/', '2015-05-21 10:57:00', '172.20.0.142'),
(41, 'index', 0, '/', '2015-05-21 11:02:00', '172.20.0.142'),
(42, 'index', 0, '/', '2015-05-21 11:07:00', '172.20.0.142'),
(43, 'index', 72, '/index.php', '2015-05-21 11:11:48', '10.1.0.49'),
(44, 'index', 0, '/', '2015-05-21 11:12:00', '172.20.0.142'),
(45, 'index', 0, '/', '2015-05-21 11:17:00', '172.20.0.142'),
(46, 'report.analog', 72, '/analog_raw.php', '2015-05-21 11:18:23', '10.1.0.49'),
(47, 'report.discrete', 72, '/analog_paid.php', '2015-05-21 11:18:24', '10.1.0.49'),
(48, 'report.analog', 72, '/analog.php', '2015-05-21 11:18:26', '10.1.0.49'),
(49, 'report.discrete', 72, '/analog_paid.php', '2015-05-21 11:18:27', '10.1.0.49'),
(50, 'report.discrete', 72, '/discrete.php', '2015-05-21 11:18:29', '10.1.0.49'),
(51, 'report.discrete', 72, '/discrete_paid.php', '2015-05-21 11:18:31', '10.1.0.49'),
(52, 'report.discrete_raw', 72, '/discrete_raw.php', '2015-05-21 11:18:32', '10.1.0.49'),
(53, 'index', 72, '/kanckill.php', '2015-05-21 11:18:36', '10.1.0.49'),
(54, 'debug', 72, '/debug.php', '2015-05-21 11:18:38', '10.1.0.49'),
(55, 'index', 72, '/kanckill.php', '2015-05-21 11:18:40', '10.1.0.49'),
(56, 'phones', 72, '/phones.php', '2015-05-21 11:18:43', '10.1.0.49'),
(57, 'files', 72, '/files.php', '2015-05-21 11:18:55', '10.1.0.49'),
(58, 'index', 72, '/index.php', '2015-05-21 11:19:01', '10.1.0.49'),
(59, 'person.precreate', 72, '/precreate.php', '2015-05-21 11:19:02', '10.1.0.49'),
(60, 'person.create', 72, '/create.php', '2015-05-21 11:19:07', '10.1.0.49'),
(61, 'index', 0, '/', '2015-05-21 11:22:00', '172.20.0.142'),
(62, 'person.create', 72, '/create.php', '2015-05-21 11:23:06', '10.1.0.49'),
(63, 'person.create', 72, '/create.php', '2015-05-21 11:23:30', '10.1.0.49'),
(64, 'index', 0, '/', '2015-05-21 11:27:00', '172.20.0.142'),
(65, 'person.create', 72, '/create.php', '2015-05-21 11:27:44', '10.1.0.49'),
(66, 'person.create', 72, '/create.php', '2015-05-21 11:28:08', '10.1.0.49'),
(67, 'person.create', 72, '/create.php', '2015-05-21 11:28:23', '10.1.0.49'),
(68, 'person.create', 72, '/create.php', '2015-05-21 11:29:45', '10.1.0.49'),
(69, 'person.create', 72, '/create.php', '2015-05-21 11:29:53', '10.1.0.49'),
(70, 'person.create', 72, '/create.php', '2015-05-21 11:30:03', '10.1.0.49'),
(71, 'person.create', 72, '/create.php', '2015-05-21 11:30:03', '10.1.0.49'),
(72, 'person.create', 72, '/create.php', '2015-05-21 11:31:44', '10.1.0.49'),
(73, 'index', 0, '/', '2015-05-21 11:32:00', '172.20.0.142'),
(74, 'person.create', 72, '/create.php', '2015-05-21 11:32:33', '10.1.0.49'),
(75, 'person.create', 72, '/create.php', '2015-05-21 11:33:23', '10.1.0.49'),
(76, 'person.create', 72, '/create.php', '2015-05-21 11:33:51', '10.1.0.49'),
(77, 'person.create', 72, '/create.php', '2015-05-21 11:34:11', '10.1.0.49'),
(78, 'person.create', 72, '/create.php', '2015-05-21 11:35:09', '10.1.0.49'),
(79, 'index', 72, '/index.php', '2015-05-21 11:35:43', '10.1.0.49'),
(80, 'index', 72, '/index.php', '2015-05-21 11:35:47', '10.1.0.49'),
(81, 'person.precreate', 72, '/precreate.php', '2015-05-21 11:35:48', '10.1.0.49'),
(82, 'index', 72, '/index.php', '2015-05-21 11:35:50', '10.1.0.49'),
(83, 'person.query', 72, '/query.php', '2015-05-21 11:35:57', '10.1.0.49'),
(84, 'person.precreate', 72, '/precreate.php', '2015-05-21 11:35:59', '10.1.0.49'),
(85, 'person.search', 72, '/rangesearch.php', '2015-05-21 11:36:01', '10.1.0.49'),
(86, 'person.chain', 72, '/chain.php', '2015-05-21 11:36:03', '10.1.0.49'),
(87, 'person.stick', 72, '/sticker.php', '2015-05-21 11:36:05', '10.1.0.49'),
(88, 'report.ball', 72, '/freebig.php', '2015-05-21 11:36:05', '10.1.0.49'),
(89, 'index', 72, '/kanckill.php', '2015-05-21 11:36:09', '10.1.0.49'),
(90, 'person.chain', 72, '/chain.php', '2015-05-21 11:36:11', '10.1.0.49'),
(91, 'person.stick', 72, '/sticker.php', '2015-05-21 11:36:12', '10.1.0.49'),
(92, 'person.search', 72, '/search.php', '2015-05-21 11:36:14', '10.1.0.49'),
(93, 'person.precreate', 72, '/precreate.php', '2015-05-21 11:36:28', '10.1.0.49'),
(94, 'person.create', 72, '/create.php', '2015-05-21 11:36:28', '10.1.0.49'),
(95, 'person.rakeup', 72, '/rakeup.php', '2015-05-21 11:36:30', '10.1.0.49'),
(96, 'person.precreate', 72, '/precreate.php', '2015-05-21 11:36:30', '10.1.0.49'),
(97, 'person.search', 72, '/rangesearch.php', '2015-05-21 11:36:33', '10.1.0.49'),
(98, 'person.search', 72, '/rev_search.php', '2015-05-21 11:36:34', '10.1.0.49'),
(99, 'person.chain', 72, '/chain.php', '2015-05-21 11:36:36', '10.1.0.49'),
(100, 'person.query', 72, '/query.php', '2015-05-21 11:36:38', '10.1.0.49'),
(101, 'person.stick', 72, '/sticker.php', '2015-05-21 11:36:39', '10.1.0.49'),
(102, 'report.ball', 72, '/freebig.php', '2015-05-21 11:36:40', '10.1.0.49'),
(103, 'report.ball', 72, '/paidball.php', '2015-05-21 11:36:41', '10.1.0.49'),
(104, 'report.note', 72, '/note_denis.php', '2015-05-21 11:36:43', '10.1.0.49'),
(105, 'index', 0, '/', '2015-05-21 11:37:00', '172.20.0.142'),
(106, 'person.stick', 72, '/sticker.php', '2015-05-21 11:37:14', '10.1.0.49'),
(107, 'person.query', 72, '/query.php', '2015-05-21 11:37:15', '10.1.0.49'),
(108, 'person.chain', 72, '/chain.php', '2015-05-21 11:37:16', '10.1.0.49'),
(109, 'person.search', 72, '/rev_search.php', '2015-05-21 11:37:17', '10.1.0.49'),
(110, 'person.search', 72, '/rangesearch.php', '2015-05-21 11:37:17', '10.1.0.49'),
(111, 'report.note', 72, '/note_denis.php', '2015-05-21 11:37:19', '10.1.0.49'),
(112, 'person.query', 72, '/query.php', '2015-05-21 11:37:22', '10.1.0.49'),
(113, 'person.stick', 72, '/sticker.php', '2015-05-21 11:37:23', '10.1.0.49'),
(114, 'report.ball', 72, '/freebig.php', '2015-05-21 11:37:24', '10.1.0.49'),
(115, 'report.ball', 72, '/paidball.php', '2015-05-21 11:37:25', '10.1.0.49'),
(116, 'report.note', 72, '/note_denis.php', '2015-05-21 11:37:26', '10.1.0.49'),
(117, 'report.note', 72, '/note_denis.php', '2015-05-21 11:37:30', '10.1.0.49'),
(118, 'report.note', 72, '/note_denis.php', '2015-05-21 11:37:35', '10.1.0.49'),
(119, 'report.analog', 72, '/analog.php', '2015-05-21 11:37:38', '10.1.0.49'),
(120, 'report.discrete', 72, '/discrete.php', '2015-05-21 11:37:41', '10.1.0.49'),
(121, 'index', 72, '/kanckill.php', '2015-05-21 11:37:47', '10.1.0.49'),
(122, 'report.analog', 72, '/analog.php', '2015-05-21 11:37:49', '10.1.0.49'),
(123, 'report.analog', 72, '/analog_raw.php', '2015-05-21 11:37:49', '10.1.0.49'),
(124, 'report.discrete', 72, '/analog_paid.php', '2015-05-21 11:37:50', '10.1.0.49'),
(125, 'report.discrete', 72, '/discrete.php', '2015-05-21 11:37:51', '10.1.0.49'),
(126, 'report.discrete_raw', 72, '/discrete_raw.php', '2015-05-21 11:37:52', '10.1.0.49'),
(127, 'control', 72, '/control.php', '2015-05-21 11:37:53', '10.1.0.49'),
(128, 'control.helps', 72, '/helps.php', '2015-05-21 11:38:02', '10.1.0.49'),
(129, 'control.helps', 72, '/helps.php?id=1', '2015-05-21 11:38:06', '10.1.0.49'),
(130, 'control.helps', 72, '/helps.php?id=2', '2015-05-21 11:38:08', '10.1.0.49'),
(131, 'control.helps', 72, '/helps.php?id=4', '2015-05-21 11:38:14', '10.1.0.49'),
(132, 'debug', 72, '/debug.php', '2015-05-21 11:38:25', '10.1.0.49'),
(133, 'debug', 72, '/depool.php', '2015-05-21 11:38:28', '10.1.0.49'),
(134, 'debug', 72, '/debug.php', '2015-05-21 11:38:32', '10.1.0.49'),
(135, 'control.vcard', 72, '/vcard.php', '2015-05-21 11:38:33', '10.1.0.49'),
(136, 'debug', 72, '/debug.php', '2015-05-21 11:38:36', '10.1.0.49'),
(137, 'index', 72, '/checking.php', '2015-05-21 11:38:37', '10.1.0.49'),
(138, 'control', 72, '/control.php', '2015-05-21 11:38:50', '10.1.0.49'),
(139, 'debug', 72, '/debug.php', '2015-05-21 11:38:51', '10.1.0.49'),
(140, 'control.applog', 72, '/applog.php', '2015-05-21 11:38:56', '10.1.0.49'),
(141, 'debug', 72, '/debug.php', '2015-05-21 11:38:58', '10.1.0.49'),
(142, 'plug-abby', 72, '/plug-abby.php', '2015-05-21 11:39:02', '10.1.0.49'),
(143, 'plug-abby', 72, '/plug-abby.php?fc=1&tf=0&afx=0&mfx=0', '2015-05-21 11:39:06', '10.1.0.49'),
(144, 'debug', 72, '/debug.php', '2015-05-21 11:39:08', '10.1.0.49'),
(145, 'debug', 72, '/decell.php', '2015-05-21 11:39:12', '10.1.0.49'),
(146, 'control', 72, '/control.php', '2015-05-21 11:39:19', '10.1.0.49'),
(147, 'debug', 72, '/debug.php', '2015-05-21 11:39:20', '10.1.0.49'),
(148, 'control', 72, '/control.php', '2015-05-21 11:39:22', '10.1.0.49'),
(149, 'control.others', 72, '/others.php', '2015-05-21 11:39:23', '10.1.0.49'),
(150, 'control', 72, '/control.php', '2015-05-21 11:39:28', '10.1.0.49'),
(151, 'control.regions', 72, '/regions.php', '2015-05-21 11:39:32', '10.1.0.49'),
(152, 'control.regions', 72, '/regions.php?id=5', '2015-05-21 11:39:36', '10.1.0.49'),
(153, 'control.regions', 72, '/regions.php?id=6', '2015-05-21 11:39:39', '10.1.0.49'),
(154, 'control.regions', 72, '/regions.php?id=0', '2015-05-21 11:39:41', '10.1.0.49'),
(155, 'control.regions', 72, '/regions.php?id=0', '2015-05-21 11:39:53', '10.1.0.49'),
(156, 'control.regions', 72, '/regions.php?id=7', '2015-05-21 11:39:53', '10.1.0.49'),
(157, 'control.regions', 72, '/regions.php?id=6', '2015-05-21 11:40:26', '10.1.0.49'),
(158, 'control.regions', 72, '/regions.php?id=5', '2015-05-21 11:40:27', '10.1.0.49'),
(159, 'control.regions', 72, '/regions.php?id=4', '2015-05-21 11:40:28', '10.1.0.49'),
(160, 'control.regions', 72, '/regions.php?id=3', '2015-05-21 11:40:29', '10.1.0.49'),
(161, 'control.regions', 72, '/regions.php?id=2', '2015-05-21 11:40:31', '10.1.0.49'),
(162, 'control.regions', 72, '/regions.php?id=1', '2015-05-21 11:40:32', '10.1.0.49'),
(163, 'control.regions', 72, '/regions.php?id=7', '2015-05-21 11:40:35', '10.1.0.49'),
(164, 'control', 72, '/control.php', '2015-05-21 11:40:45', '10.1.0.49'),
(165, 'person.precreate', 72, '/precreate.php', '2015-05-21 11:40:47', '10.1.0.49'),
(166, 'person.create', 72, '/create.php', '2015-05-21 11:40:48', '10.1.0.49'),
(167, 'index', 0, '/', '2015-05-21 11:42:00', '172.20.0.142'),
(168, 'person.query', 72, '/query.php', '2015-05-21 11:42:07', '10.1.0.49'),
(169, 'person.stick', 72, '/sticker.php', '2015-05-21 11:42:08', '10.1.0.49'),
(170, 'report.ball', 72, '/freebig.php', '2015-05-21 11:42:08', '10.1.0.49'),
(171, 'report.note', 72, '/note_denis.php', '2015-05-21 11:42:11', '10.1.0.49'),
(172, 'report.analog', 72, '/analog.php', '2015-05-21 11:42:12', '10.1.0.49'),
(173, 'report.discrete', 72, '/discrete.php', '2015-05-21 11:42:15', '10.1.0.49'),
(174, 'report.discrete', 72, '/discrete_paid.php', '2015-05-21 11:42:16', '10.1.0.49'),
(175, 'control', 72, '/control.php', '2015-05-21 11:42:17', '10.1.0.49'),
(176, 'control.phones_uzos', 72, '/phones_uzos.php', '2015-05-21 11:42:19', '10.1.0.49'),
(177, 'control.phones_uzos', 72, '/phones_uzos.php?id=12', '2015-05-21 11:42:21', '10.1.0.49'),
(178, 'control.phones_uzos', 72, '/phones_uzos.php?id=13', '2015-05-21 11:42:23', '10.1.0.49'),
(179, 'report.discrete_raw', 72, '/discrete_raw.php', '2015-05-21 11:42:24', '10.1.0.49'),
(180, 'report.discrete', 72, '/discrete_paid.php', '2015-05-21 11:42:25', '10.1.0.49'),
(181, 'report.discrete', 72, '/discrete.php', '2015-05-21 11:42:26', '10.1.0.49'),
(182, 'report.discrete', 72, '/analog_paid.php', '2015-05-21 11:42:27', '10.1.0.49'),
(183, 'report.discrete', 72, '/analog_paid.php', '2015-05-21 11:42:28', '10.1.0.49'),
(184, 'report.discrete', 72, '/discrete.php', '2015-05-21 11:42:29', '10.1.0.49'),
(185, 'report.discrete', 72, '/analog_paid.php', '2015-05-21 11:42:33', '10.1.0.49'),
(186, 'report.note', 72, '/note_denis.php', '2015-05-21 11:42:34', '10.1.0.49'),
(187, 'person.stick', 72, '/sticker.php', '2015-05-21 11:42:37', '10.1.0.49'),
(188, 'person.query', 72, '/query.php', '2015-05-21 11:42:38', '10.1.0.49'),
(189, 'person.chain', 72, '/chain.php', '2015-05-21 11:42:39', '10.1.0.49'),
(190, 'person.search', 72, '/rev_search.php', '2015-05-21 11:42:40', '10.1.0.49'),
(191, 'person.search', 72, '/rangesearch.php', '2015-05-21 11:42:41', '10.1.0.49'),
(192, 'person.rakeup', 72, '/rakeup.php', '2015-05-21 11:42:42', '10.1.0.49'),
(193, 'person.precreate', 72, '/precreate.php', '2015-05-21 11:42:43', '10.1.0.49'),
(194, 'index', 72, '/index.php', '2015-05-21 11:42:44', '10.1.0.49'),
(195, 'files', 72, '/files.php', '2015-05-21 11:42:50', '10.1.0.49'),
(196, 'secretary', 72, '/secretary.php', '2015-05-21 11:42:56', '10.1.0.49'),
(197, 'phones', 72, '/phones.php', '2015-05-21 11:42:58', '10.1.0.49'),
(198, 'person.precreate', 72, '/precreate.php', '2015-05-21 11:43:32', '10.1.0.49'),
(199, 'index', 72, '/index.php', '2015-05-21 11:43:33', '10.1.0.49'),
(200, 'person.search', 72, '/rev_search.php', '2015-05-21 11:43:34', '10.1.0.49'),
(201, 'report.note', 72, '/note_denis.php', '2015-05-21 11:43:36', '10.1.0.49'),
(202, 'person.search', 72, '/rev_search.php', '2015-05-21 11:43:38', '10.1.0.49'),
(203, 'debug', 72, '/debug.php', '2015-05-21 11:43:42', '10.1.0.49'),
(204, 'debug', 72, '/decell.php', '2015-05-21 11:43:43', '10.1.0.49'),
(205, 'debug', 72, '/debug.php', '2015-05-21 11:43:48', '10.1.0.49'),
(206, 'debug', 72, '/delive.php', '2015-05-21 11:43:54', '10.1.0.49'),
(207, 'debug', 72, '/debug.php', '2015-05-21 11:43:57', '10.1.0.49'),
(208, 'debug', 72, '/debug.php', '2015-05-21 11:44:42', '10.1.0.49'),
(209, 'debug', 72, '/depf.php', '2015-05-21 11:44:44', '10.1.0.49'),
(210, 'control', 72, '/control.php', '2015-05-21 11:44:46', '10.1.0.49'),
(211, 'control.targettypes', 72, '/targettypes.php', '2015-05-21 11:44:50', '10.1.0.49'),
(212, 'control', 72, '/control.php', '2015-05-21 11:44:56', '10.1.0.49'),
(213, 'control.languages', 72, '/languages.php', '2015-05-21 11:45:00', '10.1.0.49'),
(214, 'control', 72, '/control.php', '2015-05-21 11:45:04', '10.1.0.49'),
(215, 'control.targetacl', 72, '/targetacl.php', '2015-05-21 11:45:06', '10.1.0.49'),
(216, 'control', 72, '/control.php', '2015-05-21 11:45:14', '10.1.0.49'),
(217, 'control.educations', 72, '/educations.php', '2015-05-21 11:45:17', '10.1.0.49'),
(218, 'control', 72, '/control.php', '2015-05-21 11:45:19', '10.1.0.49'),
(219, 'control.queues', 72, '/queues.php', '2015-05-21 11:45:20', '10.1.0.49'),
(220, 'control', 72, '/control.php', '2015-05-21 11:45:22', '10.1.0.49'),
(221, 'control.phone_codess', 72, '/phone_codess.php', '2015-05-21 11:45:28', '10.1.0.49'),
(222, 'control', 72, '/control.php', '2015-05-21 11:45:49', '10.1.0.49'),
(223, 'control.lang_levels', 72, '/lang_levels.php', '2015-05-21 11:45:53', '10.1.0.49'),
(224, 'control', 72, '/control.php', '2015-05-21 11:45:55', '10.1.0.49'),
(225, 'control.languages', 72, '/languages.php', '2015-05-21 11:45:57', '10.1.0.49'),
(226, 'control', 72, '/control.php', '2015-05-21 11:45:59', '10.1.0.49'),
(227, 'control.reasons', 72, '/reasons.php', '2015-05-21 11:46:02', '10.1.0.49'),
(228, 'control', 72, '/control.php', '2015-05-21 11:46:04', '10.1.0.49'),
(229, 'control.settings', 72, '/settings.php', '2015-05-21 11:46:07', '10.1.0.49'),
(230, 'control.settings', 72, '/settings.php', '2015-05-21 11:46:17', '10.1.0.49'),
(231, 'control.settings', 72, '/settings.php', '2015-05-21 11:46:17', '10.1.0.49'),
(232, 'phones', 72, '/phones.php', '2015-05-21 11:46:51', '10.1.0.49'),
(233, 'secretary', 72, '/secretary.php', '2015-05-21 11:46:53', '10.1.0.49'),
(234, 'secretary', 72, '/note_secr.php', '2015-05-21 11:46:59', '10.1.0.49'),
(235, 'index', 0, '/', '2015-05-21 11:47:00', '172.20.0.142'),
(236, 'debug', 72, '/debug.php', '2015-05-21 11:47:02', '10.1.0.49'),
(237, 'control', 72, '/control.php', '2015-05-21 11:47:03', '10.1.0.49'),
(238, 'report.discrete_raw', 72, '/discrete_raw.php', '2015-05-21 11:47:04', '10.1.0.49'),
(239, 'control', 72, '/control.php', '2015-05-21 11:47:05', '10.1.0.49'),
(240, 'control.tasks', 72, '/tasks.php', '2015-05-21 11:47:07', '10.1.0.49'),
(241, 'control', 72, '/control.php', '2015-05-21 11:47:09', '10.1.0.49'),
(242, 'control.cuts', 72, '/cuts.php', '2015-05-21 11:47:12', '10.1.0.49'),
(243, 'control', 72, '/control.php', '2015-05-21 11:47:35', '10.1.0.49'),
(244, 'control.querys', 72, '/querys.php', '2015-05-21 11:47:44', '10.1.0.49'),
(245, 'control', 72, '/control.php', '2015-05-21 11:47:47', '10.1.0.49'),
(246, 'control.cuts', 72, '/cuts.php', '2015-05-21 11:48:05', '10.1.0.49'),
(247, 'index', 0, '/', '2015-05-21 11:52:00', '172.20.0.142'),
(248, 'control.cuts', 72, '/cuts.php', '2015-05-21 11:52:41', '10.1.0.49'),
(249, 'index', 72, '/index.php', '2015-05-21 11:52:42', '10.1.0.49'),
(250, 'control', 72, '/control.php', '2015-05-21 11:53:14', '10.1.0.49'),
(251, 'control.field_macros', 72, '/field_macros.php', '2015-05-21 11:53:22', '10.1.0.49'),
(252, 'report.discrete', 0, '/discrete.php?fc=1&tf=1&ef=1&afx=0&mfx=0&raw=on', '2015-05-21 11:53:23', '172.20.0.22'),
(253, 'report.discrete', 0, '/discrete.php?fc=2&tf=1&ef=0&afx=0&mfx=0&raw=on', '2015-05-21 11:53:23', '172.20.0.22'),
(254, 'report.discrete', 0, '/discrete.php?fc=3&tf=1&ef=1&afx=0&mfx=0&raw=on', '2015-05-21 11:53:23', '172.20.0.22'),
(255, 'report.discrete', 0, '/discrete.php?fc=4&tf=1&ef=1&afx=0&mfx=0&raw=on', '2015-05-21 11:53:23', '172.20.0.22'),
(256, 'report.discrete', 0, '/discrete.php?fc=5&tf=1&ef=1&afx=0&mfx=0&raw=on', '2015-05-21 11:53:23', '172.20.0.22'),
(257, 'report.discrete', 0, '/discrete.php?fc=6&tf=1&ef=1&afx=0&mfx=0&raw=on', '2015-05-21 11:53:23', '172.20.0.22'),
(258, 'report.discrete', 0, '/discrete_paid.php?fc=0&tf=0&afx=0&mfx=0&raw=on', '2015-05-21 11:53:23', '172.20.0.22'),
(259, 'control', 72, '/control.php', '2015-05-21 11:53:25', '10.1.0.49'),
(260, 'control.field_macros', 72, '/field_macros.php', '2015-05-21 11:53:26', '10.1.0.49'),
(261, 'control', 72, '/control.php', '2015-05-21 11:53:31', '10.1.0.49'),
(262, 'control.macro', 72, '/macro_dict.php', '2015-05-21 11:53:32', '10.1.0.49'),
(263, 'control', 72, '/control.php', '2015-05-21 11:53:35', '10.1.0.49'),
(264, 'control.savefields', 72, '/savefields.php', '2015-05-21 11:53:41', '10.1.0.49'),
(265, 'control', 72, '/control.php', '2015-05-21 11:53:49', '10.1.0.49'),
(266, 'control.po_bsmus', 72, '/po_bsmus.php', '2015-05-21 11:53:52', '10.1.0.49'),
(267, 'control', 72, '/control.php', '2015-05-21 11:53:57', '10.1.0.49'),
(268, 'control.phones_bsmus', 72, '/phones_bsmus.php', '2015-05-21 11:53:59', '10.1.0.49'),
(269, 'control', 72, '/control.php', '2015-05-21 11:54:02', '10.1.0.49'),
(270, 'person.defaults', 72, '/defaults.php', '2015-05-21 11:54:03', '10.1.0.49'),
(271, 'control', 72, '/control.php', '2015-05-21 11:54:07', '10.1.0.49'),
(272, 'control.queues', 72, '/queues.php', '2015-05-21 11:54:13', '10.1.0.49'),
(273, 'control', 72, '/control.php', '2015-05-21 11:54:15', '10.1.0.49'),
(274, 'control.inventory_docs', 72, '/inventory_docs.php', '2015-05-21 11:54:17', '10.1.0.49'),
(275, 'control.inventory_docs', 72, '/inventory_docs.php?id=54', '2015-05-21 11:54:27', '10.1.0.49'),
(276, 'control.inventory_docs', 72, '/inventory_docs.php?id=79', '2015-05-21 11:54:32', '10.1.0.49'),
(277, 'control.inventory_docs', 72, '/inventory_docs.php?id=86', '2015-05-21 11:54:45', '10.1.0.49'),
(278, 'control', 72, '/control.php', '2015-05-21 11:54:53', '10.1.0.49'),
(279, 'control.subdivs', 72, '/subdivs.php', '2015-05-21 11:54:56', '10.1.0.49'),
(280, 'control', 72, '/control.php', '2015-05-21 11:54:58', '10.1.0.49'),
(281, 'control.natios', 72, '/natios.php', '2015-05-21 11:54:59', '10.1.0.49'),
(282, 'control', 72, '/control.php', '2015-05-21 11:55:01', '10.1.0.49'),
(283, 'person.submitted', 72, '/submitted.php', '2015-05-21 11:55:14', '10.1.0.49'),
(284, 'control', 72, '/control.php', '2015-05-21 11:55:20', '10.1.0.49'),
(285, 'control.formacl', 72, '/formacl.php', '2015-05-21 11:55:27', '10.1.0.49'),
(286, 'person.search', 72, '/search.php', '2015-05-21 11:56:11', '10.1.0.49'),
(287, 'person.search', 72, '/rangesearch.php', '2015-05-21 11:56:12', '10.1.0.49'),
(288, 'person.search', 72, '/rev_search.php', '2015-05-21 11:56:13', '10.1.0.49'),
(289, 'person.chain', 72, '/chain.php', '2015-05-21 11:56:14', '10.1.0.49'),
(290, 'person.query', 72, '/query.php', '2015-05-21 11:56:15', '10.1.0.49'),
(291, 'person.stick', 72, '/sticker.php', '2015-05-21 11:56:16', '10.1.0.49'),
(292, 'report.ball', 72, '/freebig.php', '2015-05-21 11:56:16', '10.1.0.49'),
(293, 'report.note', 72, '/note_denis.php', '2015-05-21 11:56:19', '10.1.0.49'),
(294, 'report.analog', 72, '/analog.php', '2015-05-21 11:56:19', '10.1.0.49'),
(295, 'report.note', 72, '/note_denis.php', '2015-05-21 11:56:20', '10.1.0.49'),
(296, 'index', 0, '/', '2015-05-21 11:57:00', '172.20.0.142'),
(297, 'index', 0, '/', '2015-05-21 12:02:00', '172.20.0.142'),
(298, 'index', 0, '/', '2015-05-21 12:07:00', '172.20.0.142'),
(299, 'index', 0, '/', '2015-05-21 12:12:00', '172.20.0.142'),
(300, 'index', 0, '/', '2015-05-21 12:17:00', '172.20.0.142'),
(301, 'index', 0, '/', '2015-05-21 12:22:00', '172.20.0.142'),
(302, 'index', 0, '/', '2015-05-21 12:27:00', '172.20.0.142'),
(303, 'index', 0, '/', '2015-05-21 12:32:00', '172.20.0.142'),
(304, 'index', 0, '/', '2015-05-21 12:37:00', '172.20.0.142'),
(305, 'index', 0, '/', '2015-05-21 12:42:00', '172.20.0.142'),
(306, 'index', 0, '/', '2015-05-21 12:47:00', '172.20.0.142'),
(307, 'index', 0, '/', '2015-05-21 12:52:00', '172.20.0.142'),
(308, 'index', 72, '/index.php', '2015-05-21 12:53:03', '10.1.0.49'),
(309, 'person.precreate', 72, '/precreate.php', '2015-05-21 12:53:05', '10.1.0.49'),
(310, 'person.create', 72, '/create.php', '2015-05-21 12:53:06', '10.1.0.49'),
(311, 'person.rakeup', 72, '/rakeup.php', '2015-05-21 12:53:06', '10.1.0.49'),
(312, 'person.search', 72, '/search.php', '2015-05-21 12:53:08', '10.1.0.49'),
(313, 'person.search', 72, '/rangesearch.php', '2015-05-21 12:53:08', '10.1.0.49'),
(314, 'person.search', 72, '/rangesearch.php', '2015-05-21 12:53:11', '10.1.0.49'),
(315, 'person.search', 72, '/rev_search.php', '2015-05-21 12:53:12', '10.1.0.49'),
(316, 'person.chain', 72, '/chain.php', '2015-05-21 12:53:13', '10.1.0.49'),
(317, 'index', 0, '/', '2015-05-21 12:57:00', '172.20.0.142'),
(318, 'index', 0, '/', '2015-05-21 13:02:00', '172.20.0.142'),
(319, 'index', 0, '/', '2015-05-21 13:07:00', '172.20.0.142'),
(320, 'index', 0, '/', '2015-05-21 13:12:00', '172.20.0.142'),
(321, 'index', 0, '/', '2015-05-21 13:17:00', '172.20.0.142'),
(322, 'index', 72, '/index.php', '2015-05-21 13:20:11', '10.1.0.49'),
(323, 'person.precreate', 72, '/precreate.php', '2015-05-21 13:20:13', '10.1.0.49'),
(324, 'person.create', 72, '/create.php', '2015-05-21 13:20:14', '10.1.0.49'),
(325, 'control', 72, '/control.php', '2015-05-21 13:21:15', '10.1.0.49'),
(326, 'control.ct_info_load', 72, '/ct_info_load.php', '2015-05-21 13:21:17', '10.1.0.49'),
(327, 'control', 72, '/control.php', '2015-05-21 13:21:22', '10.1.0.49'),
(328, 'control.planform', 72, '/planform.php', '2015-05-21 13:21:24', '10.1.0.49'),
(329, 'control', 72, '/control.php', '2015-05-21 13:21:29', '10.1.0.49'),
(330, 'control.hostels', 72, '/hostels.php', '2015-05-21 13:21:59', '10.1.0.49'),
(331, 'index', 0, '/', '2015-05-21 13:22:00', '172.20.0.142'),
(332, 'control', 72, '/control.php', '2015-05-21 13:22:02', '10.1.0.49'),
(333, 'person.submitted', 72, '/submitted.php', '2015-05-21 13:23:48', '10.1.0.49'),
(334, 'control', 72, '/control.php', '2015-05-21 13:23:51', '10.1.0.49'),
(335, 'control.targetcells', 72, '/targetcells.php', '2015-05-21 13:23:56', '10.1.0.49'),
(336, 'control.targetcells', 72, '/targetcells.php?id=2', '2015-05-21 13:23:59', '10.1.0.49'),
(337, 'person.search', 72, '/rangesearch.php', '2015-05-21 13:24:04', '10.1.0.49'),
(338, 'control', 72, '/control.php', '2015-05-21 13:24:21', '10.1.0.49'),
(339, 'index', 72, '/cron_config.php', '2015-05-21 13:24:47', '10.1.0.49'),
(340, 'control', 72, '/control.php', '2015-05-21 13:25:11', '10.1.0.49'),
(341, 'control.presidents', 72, '/presidents.php', '2015-05-21 13:25:25', '10.1.0.49'),
(342, 'control', 72, '/control.php', '2015-05-21 13:25:34', '10.1.0.49'),
(343, 'control.formacl', 72, '/formacl.php', '2015-05-21 13:25:36', '10.1.0.49'),
(344, 'control', 72, '/control.php', '2015-05-21 13:25:39', '10.1.0.49'),
(345, 'control.targetacl', 72, '/targetacl.php', '2015-05-21 13:25:40', '10.1.0.49'),
(346, 'control', 72, '/control.php', '2015-05-21 13:25:46', '10.1.0.49'),
(347, 'control.planform', 72, '/planform.php', '2015-05-21 13:25:53', '10.1.0.49'),
(348, 'control', 72, '/control.php', '2015-05-21 13:25:57', '10.1.0.49'),
(349, 'control.plancells', 72, '/plancells.php', '2015-05-21 13:25:59', '10.1.0.49'),
(350, 'index', 72, '/index.php', '2015-05-21 13:26:07', '10.1.0.49'),
(351, 'index', 0, '/', '2015-05-21 13:27:00', '172.20.0.142'),
(352, 'index', 0, '/', '2015-05-21 13:32:00', '172.20.0.142'),
(353, 'index', 0, '/', '2015-05-21 13:37:00', '172.20.0.142'),
(354, 'index', 0, '/', '2015-05-21 13:42:00', '172.20.0.142'),
(355, 'index', 0, '/', '2015-05-21 13:47:00', '172.20.0.142'),
(356, 'index', 0, '/', '2015-05-21 13:52:00', '172.20.0.142'),
(357, 'index', 0, '/', '2015-05-21 13:57:00', '172.20.0.142'),
(358, 'index', 0, '/', '2015-05-21 14:02:00', '172.20.0.142'),
(359, 'index', 0, '/', '2015-05-21 14:07:00', '172.20.0.142'),
(360, 'index', 0, '/', '2015-05-21 14:12:00', '172.20.0.142'),
(361, 'index', 0, '/', '2015-05-21 14:17:00', '172.20.0.142'),
(362, 'index', 0, '/', '2015-05-21 14:22:00', '172.20.0.142'),
(363, 'index', 0, '/', '2015-05-21 14:27:00', '172.20.0.142'),
(364, 'index', 0, '/', '2015-05-21 14:32:00', '172.20.0.142'),
(365, 'index', 0, '/', '2015-05-21 14:37:00', '172.20.0.142'),
(366, 'index', 0, '/', '2015-05-21 14:42:00', '172.20.0.142'),
(367, 'index', 0, '/', '2015-05-21 14:47:00', '172.20.0.142'),
(368, 'index', 0, '/', '2015-05-21 14:52:00', '172.20.0.142'),
(369, 'index', 0, '/', '2015-05-21 14:57:00', '172.20.0.142'),
(370, 'index', 0, '/', '2015-05-21 15:02:00', '172.20.0.142'),
(371, 'index', 0, '/', '2015-05-21 15:07:00', '172.20.0.142'),
(372, 'index', 0, '/', '2015-05-21 15:12:00', '172.20.0.142'),
(373, 'index', 0, '/', '2015-05-21 15:17:00', '172.20.0.142'),
(374, 'index', 0, '/', '2015-05-21 15:22:00', '172.20.0.142'),
(375, 'index', 0, '/', '2015-05-21 15:27:00', '172.20.0.142'),
(376, 'index', 0, '/', '2015-05-21 15:32:00', '172.20.0.142'),
(377, 'index', 0, '/', '2015-05-21 15:37:01', '172.20.0.142'),
(378, 'index', 0, '/', '2015-05-21 15:42:01', '172.20.0.142'),
(379, 'index', 0, '/', '2015-05-21 15:47:01', '172.20.0.142'),
(380, 'index', 0, '/', '2015-05-21 15:52:01', '172.20.0.142'),
(381, 'index', 0, '/', '2015-05-21 15:57:01', '172.20.0.142'),
(382, 'index', 0, '/', '2015-05-21 16:02:01', '172.20.0.142'),
(383, 'index', 0, '/', '2015-05-21 16:07:01', '172.20.0.142'),
(384, 'index', 0, '/', '2015-05-21 16:12:01', '172.20.0.142'),
(385, 'index', 0, '/', '2015-05-21 16:17:01', '172.20.0.142'),
(386, 'index', 0, '/', '2015-05-21 16:22:01', '172.20.0.142'),
(387, 'index', 0, '/', '2015-05-21 16:27:01', '172.20.0.142'),
(388, 'index', 0, '/', '2015-05-21 16:32:01', '172.20.0.142'),
(389, 'index', 0, '/', '2015-05-21 16:37:01', '172.20.0.142'),
(390, 'index', 0, '/', '2015-05-21 16:42:01', '172.20.0.142'),
(391, 'index', 0, '/', '2015-05-21 16:47:01', '172.20.0.142'),
(392, 'index', 0, '/', '2015-05-21 16:52:01', '172.20.0.142'),
(393, 'index', 0, '/', '2015-05-21 16:57:01', '172.20.0.142'),
(394, 'index', 0, '/', '2015-05-21 17:02:01', '172.20.0.142'),
(395, 'index', 0, '/', '2015-05-21 17:07:01', '172.20.0.142'),
(396, 'index', 0, '/', '2015-05-21 17:12:01', '172.20.0.142'),
(397, 'index', 0, '/', '2015-05-21 17:17:01', '172.20.0.142'),
(398, 'index', 0, '/', '2015-05-21 17:22:01', '172.20.0.142'),
(399, 'index', 0, '/', '2015-05-21 17:27:01', '172.20.0.142'),
(400, 'index', 0, '/', '2015-05-21 17:32:01', '172.20.0.142'),
(401, 'index', 0, '/', '2015-05-21 17:37:01', '172.20.0.142'),
(402, 'index', 0, '/', '2015-05-21 17:42:01', '172.20.0.142'),
(403, 'index', 0, '/', '2015-05-21 17:47:01', '172.20.0.142'),
(404, 'index', 0, '/', '2015-05-21 17:52:01', '172.20.0.142'),
(405, 'index', 0, '/', '2015-05-21 17:57:01', '172.20.0.142'),
(406, 'index', 0, '/', '2015-05-21 18:02:01', '172.20.0.142'),
(407, 'index', 0, '/', '2015-05-21 18:07:01', '172.20.0.142'),
(408, 'index', 0, '/', '2015-05-21 18:12:01', '172.20.0.142'),
(409, 'index', 0, '/', '2015-05-21 18:17:01', '172.20.0.142'),
(410, 'index', 0, '/', '2015-05-21 18:22:01', '172.20.0.142'),
(411, 'index', 0, '/', '2015-05-21 18:27:01', '172.20.0.142'),
(412, 'index', 0, '/', '2015-05-21 18:32:01', '172.20.0.142'),
(413, 'index', 0, '/', '2015-05-21 18:37:01', '172.20.0.142'),
(414, 'index', 0, '/', '2015-05-21 18:42:01', '172.20.0.142'),
(415, 'index', 0, '/', '2015-05-21 18:47:01', '172.20.0.142'),
(416, 'index', 0, '/', '2015-05-21 18:52:01', '172.20.0.142'),
(417, 'index', 0, '/', '2015-05-21 18:57:01', '172.20.0.142'),
(418, 'index', 0, '/', '2015-05-21 19:02:01', '172.20.0.142'),
(419, 'index', 0, '/', '2015-05-21 19:07:01', '172.20.0.142'),
(420, 'index', 0, '/', '2015-05-21 19:12:01', '172.20.0.142'),
(421, 'index', 0, '/', '2015-05-21 19:17:01', '172.20.0.142'),
(422, 'index', 0, '/', '2015-05-21 19:22:01', '172.20.0.142'),
(423, 'index', 0, '/', '2015-05-21 19:27:01', '172.20.0.142'),
(424, 'index', 0, '/', '2015-05-21 19:32:01', '172.20.0.142'),
(425, 'index', 0, '/', '2015-05-21 19:37:01', '172.20.0.142'),
(426, 'index', 0, '/', '2015-05-21 19:42:01', '172.20.0.142'),
(427, 'index', 0, '/', '2015-05-21 19:47:01', '172.20.0.142'),
(428, 'index', 0, '/', '2015-05-21 19:52:01', '172.20.0.142'),
(429, 'index', 0, '/', '2015-05-21 19:57:01', '172.20.0.142'),
(430, 'index', 0, '/', '2015-05-21 20:02:01', '172.20.0.142'),
(431, 'index', 0, '/', '2015-05-21 20:07:01', '172.20.0.142'),
(432, 'index', 0, '/', '2015-05-21 20:12:01', '172.20.0.142'),
(433, 'index', 0, '/', '2015-05-21 20:17:02', '172.20.0.142'),
(434, 'index', 0, '/', '2015-05-21 20:22:02', '172.20.0.142'),
(435, 'index', 0, '/', '2015-05-21 20:27:02', '172.20.0.142'),
(436, 'index', 0, '/', '2015-05-21 20:32:02', '172.20.0.142'),
(437, 'index', 0, '/', '2015-05-21 20:37:02', '172.20.0.142'),
(438, 'index', 0, '/', '2015-05-21 20:42:02', '172.20.0.142'),
(439, 'index', 0, '/', '2015-05-21 20:47:02', '172.20.0.142'),
(440, 'index', 0, '/', '2015-05-21 20:52:02', '172.20.0.142'),
(441, 'index', 0, '/', '2015-05-21 20:57:02', '172.20.0.142'),
(442, 'index', 0, '/', '2015-05-21 21:02:02', '172.20.0.142'),
(443, 'index', 0, '/', '2015-05-21 21:07:02', '172.20.0.142'),
(444, 'index', 0, '/', '2015-05-21 21:12:02', '172.20.0.142'),
(445, 'index', 0, '/', '2015-05-21 21:17:02', '172.20.0.142'),
(446, 'index', 0, '/', '2015-05-21 21:22:02', '172.20.0.142'),
(447, 'index', 0, '/', '2015-05-21 21:27:02', '172.20.0.142'),
(448, 'index', 0, '/', '2015-05-21 21:32:02', '172.20.0.142'),
(449, 'index', 0, '/', '2015-05-21 21:37:02', '172.20.0.142'),
(450, 'index', 0, '/', '2015-05-21 21:42:02', '172.20.0.142'),
(451, 'index', 0, '/', '2015-05-21 21:47:02', '172.20.0.142'),
(452, 'index', 0, '/', '2015-05-21 21:52:02', '172.20.0.142'),
(453, 'index', 0, '/', '2015-05-21 21:57:02', '172.20.0.142'),
(454, 'index', 0, '/', '2015-05-21 22:02:02', '172.20.0.142'),
(455, 'index', 0, '/', '2015-05-21 22:07:02', '172.20.0.142'),
(456, 'index', 0, '/', '2015-05-21 22:12:02', '172.20.0.142'),
(457, 'index', 0, '/', '2015-05-21 22:17:02', '172.20.0.142'),
(458, 'index', 0, '/', '2015-05-21 22:22:02', '172.20.0.142'),
(459, 'index', 0, '/', '2015-05-21 22:27:02', '172.20.0.142'),
(460, 'index', 0, '/', '2015-05-21 22:32:02', '172.20.0.142'),
(461, 'index', 0, '/', '2015-05-21 22:37:02', '172.20.0.142'),
(462, 'index', 0, '/', '2015-05-21 22:42:02', '172.20.0.142'),
(463, 'index', 0, '/', '2015-05-21 22:47:02', '172.20.0.142'),
(464, 'index', 0, '/', '2015-05-21 22:52:02', '172.20.0.142'),
(465, 'index', 0, '/', '2015-05-21 22:57:02', '172.20.0.142'),
(466, 'index', 0, '/', '2015-05-21 23:02:02', '172.20.0.142'),
(467, 'index', 0, '/', '2015-05-21 23:07:02', '172.20.0.142'),
(468, 'index', 0, '/', '2015-05-21 23:12:02', '172.20.0.142'),
(469, 'index', 0, '/', '2015-05-21 23:17:02', '172.20.0.142'),
(470, 'index', 0, '/', '2015-05-21 23:22:02', '172.20.0.142'),
(471, 'index', 0, '/', '2015-05-21 23:27:02', '172.20.0.142'),
(472, 'index', 0, '/', '2015-05-21 23:32:02', '172.20.0.142'),
(473, 'index', 0, '/', '2015-05-21 23:37:02', '172.20.0.142'),
(474, 'index', 0, '/', '2015-05-21 23:42:02', '172.20.0.142'),
(475, 'index', 0, '/', '2015-05-21 23:47:02', '172.20.0.142'),
(476, 'index', 0, '/', '2015-05-21 23:52:02', '172.20.0.142'),
(477, 'index', 0, '/', '2015-05-21 23:57:02', '172.20.0.142'),
(478, 'index', 0, '/', '2015-05-22 00:02:02', '172.20.0.142'),
(479, 'index', 0, '/', '2015-05-22 00:07:02', '172.20.0.142'),
(480, 'index', 0, '/', '2015-05-22 00:12:02', '172.20.0.142'),
(481, 'index', 0, '/', '2015-05-22 00:17:02', '172.20.0.142'),
(482, 'index', 0, '/', '2015-05-22 00:22:02', '172.20.0.142'),
(483, 'index', 0, '/', '2015-05-22 00:27:02', '172.20.0.142'),
(484, 'index', 0, '/', '2015-05-22 00:32:02', '172.20.0.142'),
(485, 'index', 0, '/', '2015-05-22 00:37:02', '172.20.0.142'),
(486, 'index', 0, '/', '2015-05-22 00:42:02', '172.20.0.142'),
(487, 'index', 0, '/', '2015-05-22 00:47:02', '172.20.0.142'),
(488, 'index', 0, '/', '2015-05-22 00:52:02', '172.20.0.142'),
(489, 'index', 0, '/', '2015-05-22 00:57:02', '172.20.0.142'),
(490, 'index', 0, '/', '2015-05-22 01:02:02', '172.20.0.142'),
(491, 'index', 0, '/', '2015-05-22 01:07:02', '172.20.0.142'),
(492, 'index', 0, '/', '2015-05-22 01:12:02', '172.20.0.142'),
(493, 'index', 0, '/', '2015-05-22 01:17:02', '172.20.0.142'),
(494, 'index', 0, '/', '2015-05-22 01:22:02', '172.20.0.142'),
(495, 'index', 0, '/', '2015-05-22 01:27:02', '172.20.0.142'),
(496, 'index', 0, '/', '2015-05-22 01:32:02', '172.20.0.142'),
(497, 'index', 0, '/', '2015-05-22 01:37:02', '172.20.0.142'),
(498, 'index', 0, '/', '2015-05-22 01:42:02', '172.20.0.142'),
(499, 'index', 0, '/', '2015-05-22 01:47:02', '172.20.0.142'),
(500, 'index', 0, '/', '2015-05-22 01:52:02', '172.20.0.142'),
(501, 'index', 0, '/', '2015-05-22 01:57:03', '172.20.0.142'),
(502, 'index', 0, '/', '2015-05-22 02:02:03', '172.20.0.142'),
(503, 'index', 0, '/', '2015-05-22 02:07:03', '172.20.0.142'),
(504, 'index', 0, '/', '2015-05-22 02:12:03', '172.20.0.142'),
(505, 'index', 0, '/', '2015-05-22 02:17:03', '172.20.0.142'),
(506, 'index', 0, '/', '2015-05-22 02:22:03', '172.20.0.142'),
(507, 'index', 0, '/', '2015-05-22 02:27:03', '172.20.0.142'),
(508, 'index', 0, '/', '2015-05-22 02:32:03', '172.20.0.142'),
(509, 'index', 0, '/', '2015-05-22 02:37:03', '172.20.0.142'),
(510, 'index', 0, '/', '2015-05-22 02:42:03', '172.20.0.142'),
(511, 'index', 0, '/', '2015-05-22 02:47:03', '172.20.0.142'),
(512, 'index', 0, '/', '2015-05-22 02:52:03', '172.20.0.142'),
(513, 'index', 0, '/', '2015-05-22 02:57:03', '172.20.0.142'),
(514, 'index', 0, '/', '2015-05-22 03:02:03', '172.20.0.142'),
(515, 'index', 0, '/', '2015-05-22 03:07:03', '172.20.0.142'),
(516, 'index', 0, '/', '2015-05-22 03:12:03', '172.20.0.142'),
(517, 'index', 0, '/', '2015-05-22 03:17:03', '172.20.0.142'),
(518, 'index', 0, '/', '2015-05-22 03:22:03', '172.20.0.142'),
(519, 'index', 0, '/', '2015-05-22 03:27:03', '172.20.0.142'),
(520, 'index', 0, '/', '2015-05-22 03:32:03', '172.20.0.142'),
(521, 'index', 0, '/', '2015-05-22 03:37:03', '172.20.0.142'),
(522, 'index', 0, '/', '2015-05-22 03:42:03', '172.20.0.142'),
(523, 'index', 0, '/', '2015-05-22 03:47:03', '172.20.0.142'),
(524, 'index', 0, '/', '2015-05-22 03:52:03', '172.20.0.142'),
(525, 'index', 0, '/', '2015-05-22 03:57:03', '172.20.0.142'),
(526, 'index', 0, '/', '2015-05-22 04:02:03', '172.20.0.142'),
(527, 'index', 0, '/', '2015-05-22 04:07:03', '172.20.0.142'),
(528, 'index', 0, '/', '2015-05-22 04:12:03', '172.20.0.142'),
(529, 'index', 0, '/', '2015-05-22 04:17:03', '172.20.0.142'),
(530, 'index', 0, '/', '2015-05-22 04:22:03', '172.20.0.142'),
(531, 'index', 0, '/', '2015-05-22 04:27:03', '172.20.0.142'),
(532, 'index', 0, '/', '2015-05-22 04:32:03', '172.20.0.142'),
(533, 'index', 0, '/', '2015-05-22 04:37:03', '172.20.0.142'),
(534, 'index', 0, '/', '2015-05-22 04:42:03', '172.20.0.142'),
(535, 'index', 0, '/', '2015-05-22 04:47:03', '172.20.0.142'),
(536, 'index', 0, '/', '2015-05-22 04:52:03', '172.20.0.142'),
(537, 'index', 0, '/', '2015-05-22 04:57:03', '172.20.0.142'),
(538, 'index', 0, '/', '2015-05-22 05:02:03', '172.20.0.142'),
(539, 'index', 0, '/', '2015-05-22 05:07:03', '172.20.0.142'),
(540, 'index', 0, '/', '2015-05-22 05:12:03', '172.20.0.142'),
(541, 'index', 0, '/', '2015-05-22 05:17:03', '172.20.0.142'),
(542, 'index', 0, '/', '2015-05-22 05:22:03', '172.20.0.142'),
(543, 'index', 0, '/', '2015-05-22 05:27:03', '172.20.0.142'),
(544, 'index', 0, '/', '2015-05-22 05:32:03', '172.20.0.142'),
(545, 'index', 0, '/', '2015-05-22 05:37:03', '172.20.0.142'),
(546, 'index', 0, '/', '2015-05-22 05:42:03', '172.20.0.142'),
(547, 'index', 0, '/', '2015-05-22 05:47:03', '172.20.0.142'),
(548, 'index', 0, '/', '2015-05-22 05:52:03', '172.20.0.142'),
(549, 'index', 0, '/', '2015-05-22 05:57:03', '172.20.0.142'),
(550, 'index', 0, '/', '2015-05-22 06:02:03', '172.20.0.142'),
(551, 'index', 0, '/', '2015-05-22 06:07:03', '172.20.0.142'),
(552, 'index', 0, '/', '2015-05-22 06:12:03', '172.20.0.142'),
(553, 'index', 0, '/', '2015-05-22 06:17:03', '172.20.0.142'),
(554, 'index', 0, '/', '2015-05-22 06:22:03', '172.20.0.142'),
(555, 'index', 0, '/', '2015-05-22 06:27:03', '172.20.0.142'),
(556, 'index', 0, '/', '2015-05-22 06:32:03', '172.20.0.142'),
(557, 'index', 0, '/', '2015-05-22 06:37:03', '172.20.0.142'),
(558, 'index', 0, '/', '2015-05-22 06:42:03', '172.20.0.142'),
(559, 'index', 0, '/', '2015-05-22 06:47:03', '172.20.0.142'),
(560, 'index', 0, '/', '2015-05-22 06:52:03', '172.20.0.142'),
(561, 'index', 0, '/', '2015-05-22 06:57:04', '172.20.0.142'),
(562, 'index', 0, '/', '2015-05-22 07:02:04', '172.20.0.142'),
(563, 'index', 0, '/', '2015-05-22 07:07:04', '172.20.0.142'),
(564, 'index', 0, '/', '2015-05-22 07:12:04', '172.20.0.142'),
(565, 'index', 0, '/', '2015-05-22 07:17:04', '172.20.0.142'),
(566, 'index', 0, '/', '2015-05-22 07:22:04', '172.20.0.142'),
(567, 'index', 0, '/', '2015-05-22 07:27:04', '172.20.0.142'),
(568, 'index', 0, '/', '2015-05-22 07:32:04', '172.20.0.142'),
(569, 'index', 0, '/', '2015-05-22 07:37:04', '172.20.0.142'),
(570, 'index', 0, '/', '2015-05-22 07:42:04', '172.20.0.142'),
(571, 'index', 0, '/', '2015-05-22 07:47:04', '172.20.0.142'),
(572, 'index', 0, '/', '2015-05-22 07:52:04', '172.20.0.142'),
(573, 'index', 0, '/', '2015-05-22 07:57:04', '172.20.0.142'),
(574, 'index', 0, '/', '2015-05-22 08:02:04', '172.20.0.142'),
(575, 'index', 0, '/', '2015-05-22 08:07:04', '172.20.0.142'),
(576, 'index', 0, '/', '2015-05-22 08:12:04', '172.20.0.142'),
(577, 'index', 0, '/', '2015-05-22 08:17:04', '172.20.0.142'),
(578, 'index', 0, '/', '2015-05-22 08:22:04', '172.20.0.142'),
(579, 'index', 0, '/', '2015-05-22 08:27:04', '172.20.0.142'),
(580, 'index', 0, '/', '2015-05-22 08:32:04', '172.20.0.142'),
(581, 'index', 72, '/index.php', '2015-05-22 08:36:58', '10.1.0.49'),
(582, 'index', 0, '/', '2015-05-22 08:37:04', '172.20.0.142'),
(583, 'index', 0, '/', '2015-05-22 08:42:04', '172.20.0.142'),
(584, 'index', 0, '/', '2015-05-22 08:47:04', '172.20.0.142'),
(585, 'index', 0, '/', '2015-05-22 08:52:04', '172.20.0.142'),
(586, 'index', 0, '/', '2015-05-22 08:57:04', '172.20.0.142'),
(587, 'index', 0, '/', '2015-05-22 09:02:04', '172.20.0.142'),
(588, 'index', 72, '/index.php', '2015-05-22 09:02:34', '10.1.0.49'),
(589, 'person.precreate', 72, '/precreate.php', '2015-05-22 09:02:35', '10.1.0.49'),
(590, 'person.create', 72, '/create.php', '2015-05-22 09:02:37', '10.1.0.49'),
(591, 'person.search', 72, '/search.php', '2015-05-22 09:02:40', '10.1.0.49'),
(592, 'person.query', 72, '/query.php', '2015-05-22 09:03:33', '10.1.0.49'),
(593, 'report.note', 72, '/note_denis.php', '2015-05-22 09:03:36', '10.1.0.49'),
(594, 'report.discrete', 72, '/discrete_paid.php', '2015-05-22 09:03:46', '10.1.0.49'),
(595, 'index', 0, '/', '2015-05-22 09:07:04', '172.20.0.142'),
(596, 'index', 0, '/', '2015-05-22 09:12:04', '172.20.0.142'),
(597, 'index', 0, '/', '2015-05-22 09:17:04', '172.20.0.142'),
(598, 'index', 0, '/', '2015-05-22 09:22:04', '172.20.0.142'),
(599, 'index', 0, '/', '2015-05-22 09:27:04', '172.20.0.142'),
(600, 'index', 0, '/', '2015-05-22 09:32:04', '172.20.0.142'),
(601, 'index', 0, '/', '2015-05-22 09:37:04', '172.20.0.142'),
(602, 'index', 0, '/', '2015-05-22 09:42:04', '172.20.0.142'),
(603, 'index', 0, '/', '2015-05-22 09:47:04', '172.20.0.142'),
(604, 'index', 0, '/', '2015-05-22 09:52:04', '172.20.0.142'),
(605, 'index', 0, '/', '2015-05-22 09:57:04', '172.20.0.142'),
(606, 'index', 0, '/', '2015-05-22 10:02:04', '172.20.0.142'),
(607, 'person.precreate', 72, '/precreate.php', '2015-05-22 10:02:35', '10.1.0.49'),
(608, 'person.create', 72, '/create.php', '2015-05-22 10:02:36', '10.1.0.49'),
(609, 'report.ball', 72, '/freebig.php', '2015-05-22 10:02:39', '10.1.0.49'),
(610, 'report.discrete', 72, '/discrete.php', '2015-05-22 10:02:40', '10.1.0.49'),
(611, 'index', 72, '/kanckill.php', '2015-05-22 10:02:42', '10.1.0.49'),
(612, 'files', 72, '/files.php', '2015-05-22 10:02:44', '10.1.0.49'),
(613, 'person.stick', 72, '/sticker.php', '2015-05-22 10:02:46', '10.1.0.49'),
(614, 'index', 72, '/index.php', '2015-05-22 10:06:13', '10.1.0.49'),
(615, 'index', 0, '/', '2015-05-22 10:07:04', '172.20.0.142'),
(616, 'index', 0, '/', '2015-05-22 10:12:04', '172.20.0.142'),
(617, 'index', 0, '/', '2015-05-22 10:17:04', '172.20.0.142'),
(618, 'index', 0, '/', '2015-05-22 10:22:04', '172.20.0.142'),
(619, 'index', 0, '/', '2015-05-22 10:27:04', '172.20.0.142'),
(620, 'index', 0, '/', '2015-05-22 10:32:04', '172.20.0.142'),
(621, 'index', 0, '/', '2015-05-22 10:37:04', '172.20.0.142'),
(622, 'index', 0, '/', '2015-05-22 10:42:04', '172.20.0.142'),
(623, 'index', 0, '/', '2015-05-22 10:47:04', '172.20.0.142'),
(624, 'index', 0, '/', '2015-05-22 10:52:04', '172.20.0.142'),
(625, 'index', 0, '/', '2015-05-22 10:57:04', '172.20.0.142'),
(626, 'index', 0, '/', '2015-05-22 11:02:04', '172.20.0.142'),
(627, 'index', 0, '/', '2015-05-22 11:07:04', '172.20.0.142'),
(628, 'index', 0, '/', '2015-05-22 11:12:04', '172.20.0.142'),
(629, 'index', 0, '/', '2015-05-22 11:17:04', '172.20.0.142'),
(630, 'index', 0, '/', '2015-05-22 11:22:04', '172.20.0.142'),
(631, 'index', 0, '/', '2015-05-22 11:27:04', '172.20.0.142'),
(632, 'index', 0, '/', '2015-05-22 11:32:04', '172.20.0.142'),
(633, 'index', 0, '/', '2015-05-22 11:37:04', '172.20.0.142'),
(634, 'index', 0, '/', '2015-05-22 11:42:04', '172.20.0.142'),
(635, 'index', 0, '/', '2015-05-22 11:47:04', '172.20.0.142'),
(636, 'index', 0, '/', '2015-05-22 11:52:04', '172.20.0.142'),
(637, 'index', 0, '/', '2015-05-22 11:57:04', '172.20.0.142'),
(638, 'index', 0, '/', '2015-05-22 12:02:04', '172.20.0.142'),
(639, 'index', 0, '/', '2015-05-22 12:07:04', '172.20.0.142'),
(640, 'index', 0, '/', '2015-05-22 12:12:04', '172.20.0.142'),
(641, 'index', 0, '/', '2015-05-22 12:17:05', '172.20.0.142'),
(642, 'index', 0, '/', '2015-05-22 12:22:05', '172.20.0.142'),
(643, 'index', 0, '/', '2015-05-22 12:27:05', '172.20.0.142'),
(644, 'index', 0, '/', '2015-05-22 12:32:05', '172.20.0.142'),
(645, 'index', 0, '/', '2015-05-22 12:37:05', '172.20.0.142'),
(646, 'index', 0, '/', '2015-05-22 12:42:05', '172.20.0.142'),
(647, 'index', 0, '/', '2015-05-22 12:47:05', '172.20.0.142'),
(648, 'index', 0, '/', '2015-05-22 12:52:05', '172.20.0.142'),
(649, 'index', 0, '/', '2015-05-22 12:57:05', '172.20.0.142'),
(650, 'index', 0, '/', '2015-05-22 13:02:03', '10.1.0.49'),
(651, 'login', 0, '/login.php', '2015-05-22 13:02:03', '10.1.0.49'),
(652, 'index', 0, '/', '2015-05-22 13:02:05', '172.20.0.142'),
(653, 'index', 0, '/', '2015-05-22 13:07:05', '172.20.0.142'),
(654, 'index', 0, '/', '2015-05-22 13:12:05', '172.20.0.142'),
(655, 'index', 0, '/', '2015-05-22 13:17:05', '172.20.0.142'),
(656, 'index', 0, '/', '2015-05-22 13:22:05', '172.20.0.142'),
(657, 'index', 0, '/', '2015-05-22 13:27:05', '172.20.0.142'),
(658, 'index', 0, '/', '2015-05-22 13:32:05', '172.20.0.142'),
(659, 'index', 0, '/', '2015-05-22 13:37:05', '172.20.0.142'),
(660, 'index', 0, '/', '2015-05-22 13:42:05', '172.20.0.142'),
(661, 'index', 0, '/', '2015-05-22 13:47:05', '172.20.0.142'),
(662, 'index', 0, '/', '2015-05-22 13:52:05', '172.20.0.142'),
(663, 'index', 0, '/', '2015-05-22 13:57:05', '172.20.0.142'),
(664, 'index', 0, '/', '2015-05-22 14:02:05', '172.20.0.142'),
(665, 'index', 0, '/', '2015-05-22 14:07:05', '172.20.0.142'),
(666, 'index', 0, '/', '2015-05-22 14:12:05', '172.20.0.142'),
(667, 'index', 0, '/', '2015-05-22 14:17:05', '172.20.0.142'),
(668, 'index', 0, '/', '2015-05-22 14:22:05', '172.20.0.142'),
(669, 'index', 0, '/', '2015-05-22 14:27:05', '172.20.0.142'),
(670, 'index', 0, '/', '2015-05-22 14:32:05', '172.20.0.142'),
(671, 'index', 0, '/', '2015-05-22 14:37:05', '172.20.0.142'),
(672, 'index', 0, '/', '2015-05-22 14:42:05', '172.20.0.142'),
(673, 'index', 0, '/', '2015-05-22 14:47:05', '172.20.0.142'),
(674, 'index', 0, '/', '2015-05-22 14:52:05', '172.20.0.142'),
(675, 'index', 0, '/', '2015-05-22 14:57:05', '172.20.0.142'),
(676, 'index', 0, '/', '2015-05-22 15:02:05', '172.20.0.142'),
(677, 'index', 0, '/', '2015-05-22 15:07:05', '172.20.0.142'),
(678, 'index', 0, '/', '2015-05-22 15:12:05', '172.20.0.142'),
(679, 'index', 0, '/', '2015-05-22 15:17:05', '172.20.0.142'),
(680, 'index', 0, '/', '2015-05-22 15:22:05', '172.20.0.142'),
(681, 'index', 0, '/', '2015-05-22 15:27:05', '172.20.0.142'),
(682, 'index', 0, '/', '2015-05-22 15:32:05', '172.20.0.142'),
(683, 'index', 0, '/', '2015-05-22 15:37:05', '172.20.0.142'),
(684, 'index', 0, '/', '2015-05-22 15:42:05', '172.20.0.142'),
(685, 'index', 0, '/', '2015-05-22 15:47:05', '172.20.0.142'),
(686, 'index', 0, '/', '2015-05-22 15:52:05', '172.20.0.142'),
(687, 'index', 0, '/', '2015-05-22 15:57:05', '172.20.0.142'),
(688, 'index', 0, '/', '2015-05-22 16:02:05', '172.20.0.142'),
(689, 'index', 0, '/', '2015-05-22 16:07:05', '172.20.0.142'),
(690, 'index', 0, '/', '2015-05-22 16:12:05', '172.20.0.142'),
(691, 'index', 0, '/', '2015-05-22 16:17:05', '172.20.0.142'),
(692, 'index', 0, '/', '2015-05-22 16:22:05', '172.20.0.142'),
(693, 'index', 0, '/', '2015-05-22 16:27:05', '172.20.0.142'),
(694, 'index', 0, '/', '2015-05-22 16:32:05', '172.20.0.142'),
(695, 'index', 0, '/', '2015-05-22 16:37:05', '172.20.0.142'),
(696, 'index', 0, '/', '2015-05-22 16:42:05', '172.20.0.142'),
(697, 'index', 0, '/', '2015-05-22 16:47:05', '172.20.0.142'),
(698, 'index', 0, '/', '2015-05-22 16:52:05', '172.20.0.142'),
(699, 'index', 0, '/', '2015-05-22 16:57:05', '172.20.0.142'),
(700, 'index', 0, '/', '2015-05-22 17:02:05', '172.20.0.142'),
(701, 'index', 0, '/', '2015-05-22 17:07:05', '172.20.0.142'),
(702, 'index', 0, '/', '2015-05-22 17:12:05', '172.20.0.142'),
(703, 'index', 0, '/', '2015-05-22 17:17:06', '172.20.0.142'),
(704, 'index', 0, '/', '2015-05-22 17:22:06', '172.20.0.142'),
(705, 'index', 0, '/', '2015-05-22 17:27:06', '172.20.0.142'),
(706, 'index', 0, '/', '2015-05-22 17:32:06', '172.20.0.142'),
(707, 'index', 0, '/', '2015-05-22 17:37:06', '172.20.0.142'),
(708, 'index', 0, '/', '2015-05-22 17:42:06', '172.20.0.142'),
(709, 'index', 0, '/', '2015-05-22 17:47:06', '172.20.0.142'),
(710, 'index', 0, '/', '2015-05-22 17:52:06', '172.20.0.142'),
(711, 'index', 0, '/', '2015-05-22 17:57:06', '172.20.0.142'),
(712, 'index', 0, '/', '2015-05-22 18:02:06', '172.20.0.142'),
(713, 'index', 0, '/', '2015-05-22 18:07:06', '172.20.0.142'),
(714, 'index', 0, '/', '2015-05-22 18:12:06', '172.20.0.142'),
(715, 'index', 0, '/', '2015-05-22 18:17:06', '172.20.0.142'),
(716, 'index', 0, '/', '2015-05-22 18:22:06', '172.20.0.142'),
(717, 'index', 0, '/', '2015-05-22 18:27:06', '172.20.0.142'),
(718, 'index', 0, '/', '2015-05-22 18:32:06', '172.20.0.142'),
(719, 'index', 0, '/', '2015-05-22 18:37:06', '172.20.0.142'),
(720, 'index', 0, '/', '2015-05-22 18:42:06', '172.20.0.142'),
(721, 'index', 0, '/', '2015-05-22 18:47:06', '172.20.0.142'),
(722, 'index', 0, '/', '2015-05-22 18:52:06', '172.20.0.142'),
(723, 'index', 0, '/', '2015-05-22 18:57:06', '172.20.0.142'),
(724, 'index', 0, '/', '2015-05-22 19:02:06', '172.20.0.142'),
(725, 'index', 0, '/', '2015-05-22 19:07:06', '172.20.0.142'),
(726, 'index', 0, '/', '2015-05-22 19:12:06', '172.20.0.142'),
(727, 'index', 0, '/', '2015-05-22 19:17:06', '172.20.0.142'),
(728, 'index', 0, '/', '2015-05-22 19:22:06', '172.20.0.142'),
(729, 'index', 0, '/', '2015-05-22 19:27:06', '172.20.0.142'),
(730, 'index', 0, '/', '2015-05-22 19:32:06', '172.20.0.142'),
(731, 'index', 0, '/', '2015-05-22 19:37:06', '172.20.0.142'),
(732, 'index', 0, '/', '2015-05-22 19:42:06', '172.20.0.142'),
(733, 'index', 0, '/', '2015-05-22 19:47:06', '172.20.0.142'),
(734, 'index', 0, '/', '2015-05-22 19:52:06', '172.20.0.142'),
(735, 'index', 0, '/', '2015-05-22 19:57:06', '172.20.0.142'),
(736, 'index', 0, '/', '2015-05-22 20:02:06', '172.20.0.142'),
(737, 'index', 0, '/', '2015-05-22 20:07:06', '172.20.0.142'),
(738, 'index', 0, '/', '2015-05-22 20:12:06', '172.20.0.142'),
(739, 'index', 0, '/', '2015-05-22 20:17:06', '172.20.0.142'),
(740, 'index', 0, '/', '2015-05-22 20:22:06', '172.20.0.142'),
(741, 'index', 0, '/', '2015-05-22 20:27:06', '172.20.0.142'),
(742, 'index', 0, '/', '2015-05-22 20:32:06', '172.20.0.142'),
(743, 'index', 0, '/', '2015-05-22 20:37:06', '172.20.0.142'),
(744, 'index', 0, '/', '2015-05-22 20:42:06', '172.20.0.142'),
(745, 'index', 0, '/', '2015-05-22 20:47:06', '172.20.0.142'),
(746, 'index', 0, '/', '2015-05-22 20:52:06', '172.20.0.142'),
(747, 'index', 0, '/', '2015-05-22 20:57:06', '172.20.0.142'),
(748, 'index', 0, '/', '2015-05-22 21:02:06', '172.20.0.142'),
(749, 'index', 0, '/', '2015-05-22 21:07:06', '172.20.0.142'),
(750, 'index', 0, '/', '2015-05-22 21:12:06', '172.20.0.142'),
(751, 'index', 0, '/', '2015-05-22 21:17:06', '172.20.0.142'),
(752, 'index', 0, '/', '2015-05-22 21:22:06', '172.20.0.142'),
(753, 'index', 0, '/', '2015-05-22 21:27:06', '172.20.0.142'),
(754, 'index', 0, '/', '2015-05-22 21:32:06', '172.20.0.142'),
(755, 'index', 0, '/', '2015-05-22 21:37:06', '172.20.0.142'),
(756, 'index', 0, '/', '2015-05-22 21:42:06', '172.20.0.142'),
(757, 'index', 0, '/', '2015-05-22 21:47:06', '172.20.0.142'),
(758, 'index', 0, '/', '2015-05-22 21:52:06', '172.20.0.142'),
(759, 'index', 0, '/', '2015-05-22 21:57:06', '172.20.0.142'),
(760, 'index', 0, '/', '2015-05-22 22:02:06', '172.20.0.142'),
(761, 'index', 0, '/', '2015-05-22 22:07:06', '172.20.0.142'),
(762, 'index', 0, '/', '2015-05-22 22:12:06', '172.20.0.142'),
(763, 'index', 0, '/', '2015-05-22 22:17:06', '172.20.0.142'),
(764, 'index', 0, '/', '2015-05-22 22:22:07', '172.20.0.142'),
(765, 'index', 0, '/', '2015-05-22 22:27:07', '172.20.0.142'),
(766, 'index', 0, '/', '2015-05-22 22:32:07', '172.20.0.142'),
(767, 'index', 0, '/', '2015-05-22 22:37:07', '172.20.0.142'),
(768, 'index', 0, '/', '2015-05-22 22:42:07', '172.20.0.142'),
(769, 'index', 0, '/', '2015-05-22 22:47:07', '172.20.0.142'),
(770, 'index', 0, '/', '2015-05-22 22:52:07', '172.20.0.142'),
(771, 'index', 0, '/', '2015-05-22 22:57:07', '172.20.0.142'),
(772, 'index', 0, '/', '2015-05-22 23:02:07', '172.20.0.142'),
(773, 'index', 0, '/', '2015-05-22 23:07:07', '172.20.0.142'),
(774, 'index', 0, '/', '2015-05-22 23:12:07', '172.20.0.142'),
(775, 'index', 0, '/', '2015-05-22 23:17:07', '172.20.0.142'),
(776, 'index', 0, '/', '2015-05-22 23:22:07', '172.20.0.142'),
(777, 'index', 0, '/', '2015-05-22 23:27:07', '172.20.0.142'),
(778, 'index', 0, '/', '2015-05-22 23:32:07', '172.20.0.142'),
(779, 'index', 0, '/', '2015-05-22 23:37:07', '172.20.0.142'),
(780, 'index', 0, '/', '2015-05-22 23:42:07', '172.20.0.142'),
(781, 'index', 0, '/', '2015-05-22 23:47:07', '172.20.0.142'),
(782, 'index', 0, '/', '2015-05-22 23:52:07', '172.20.0.142'),
(783, 'index', 0, '/', '2015-05-22 23:57:07', '172.20.0.142'),
(784, 'index', 0, '/', '2015-05-23 00:02:07', '172.20.0.142'),
(785, 'index', 0, '/', '2015-05-23 00:07:07', '172.20.0.142'),
(786, 'index', 0, '/', '2015-05-23 00:12:07', '172.20.0.142'),
(787, 'index', 0, '/', '2015-05-23 00:17:07', '172.20.0.142'),
(788, 'index', 0, '/', '2015-05-23 00:22:07', '172.20.0.142'),
(789, 'index', 0, '/', '2015-05-23 00:27:07', '172.20.0.142'),
(790, 'index', 0, '/', '2015-05-23 00:32:07', '172.20.0.142'),
(791, 'index', 0, '/', '2015-05-23 00:37:07', '172.20.0.142'),
(792, 'index', 0, '/', '2015-05-23 00:42:07', '172.20.0.142'),
(793, 'index', 0, '/', '2015-05-23 00:47:07', '172.20.0.142'),
(794, 'index', 0, '/', '2015-05-23 00:52:07', '172.20.0.142'),
(795, 'index', 0, '/', '2015-05-23 00:57:07', '172.20.0.142'),
(796, 'index', 0, '/', '2015-05-23 01:02:07', '172.20.0.142'),
(797, 'index', 0, '/', '2015-05-23 01:07:07', '172.20.0.142'),
(798, 'index', 0, '/', '2015-05-23 01:12:07', '172.20.0.142'),
(799, 'index', 0, '/', '2015-05-23 01:17:07', '172.20.0.142'),
(800, 'index', 0, '/', '2015-05-23 01:22:07', '172.20.0.142'),
(801, 'index', 0, '/', '2015-05-23 01:27:07', '172.20.0.142'),
(802, 'index', 0, '/', '2015-05-23 01:32:07', '172.20.0.142'),
(803, 'index', 0, '/', '2015-05-23 01:37:07', '172.20.0.142'),
(804, 'index', 0, '/', '2015-05-23 01:42:07', '172.20.0.142'),
(805, 'index', 0, '/', '2015-05-23 01:47:07', '172.20.0.142'),
(806, 'index', 0, '/', '2015-05-23 01:52:07', '172.20.0.142'),
(807, 'index', 0, '/', '2015-05-23 01:57:07', '172.20.0.142'),
(808, 'index', 0, '/', '2015-05-23 02:02:07', '172.20.0.142'),
(809, 'index', 0, '/', '2015-05-23 02:07:07', '172.20.0.142'),
(810, 'index', 0, '/', '2015-05-23 02:12:07', '172.20.0.142'),
(811, 'index', 0, '/', '2015-05-23 02:17:07', '172.20.0.142'),
(812, 'index', 0, '/', '2015-05-23 02:22:07', '172.20.0.142'),
(813, 'index', 0, '/', '2015-05-23 02:27:07', '172.20.0.142'),
(814, 'index', 0, '/', '2015-05-23 02:32:07', '172.20.0.142'),
(815, 'index', 0, '/', '2015-05-23 02:37:07', '172.20.0.142'),
(816, 'index', 0, '/', '2015-05-23 02:42:07', '172.20.0.142'),
(817, 'index', 0, '/', '2015-05-23 02:47:07', '172.20.0.142'),
(818, 'index', 0, '/', '2015-05-23 02:52:07', '172.20.0.142'),
(819, 'index', 0, '/', '2015-05-23 02:57:07', '172.20.0.142'),
(820, 'index', 0, '/', '2015-05-23 03:02:07', '172.20.0.142'),
(821, 'index', 0, '/', '2015-05-23 03:07:07', '172.20.0.142'),
(822, 'index', 0, '/', '2015-05-23 03:12:07', '172.20.0.142'),
(823, 'index', 0, '/', '2015-05-23 03:17:07', '172.20.0.142'),
(824, 'index', 0, '/', '2015-05-23 03:22:07', '172.20.0.142'),
(825, 'index', 0, '/', '2015-05-23 03:27:08', '172.20.0.142'),
(826, 'index', 0, '/', '2015-05-23 03:32:08', '172.20.0.142'),
(827, 'index', 0, '/', '2015-05-23 03:37:08', '172.20.0.142'),
(828, 'index', 0, '/', '2015-05-23 03:42:08', '172.20.0.142'),
(829, 'index', 0, '/', '2015-05-23 03:47:08', '172.20.0.142'),
(830, 'index', 0, '/', '2015-05-23 03:52:08', '172.20.0.142'),
(831, 'index', 0, '/', '2015-05-23 03:57:08', '172.20.0.142'),
(832, 'index', 0, '/', '2015-05-23 04:02:08', '172.20.0.142'),
(833, 'index', 0, '/', '2015-05-23 04:07:08', '172.20.0.142'),
(834, 'index', 0, '/', '2015-05-23 04:12:08', '172.20.0.142'),
(835, 'index', 0, '/', '2015-05-23 04:17:08', '172.20.0.142'),
(836, 'index', 0, '/', '2015-05-23 04:22:08', '172.20.0.142'),
(837, 'index', 0, '/', '2015-05-23 04:27:08', '172.20.0.142'),
(838, 'index', 0, '/', '2015-05-23 04:32:08', '172.20.0.142'),
(839, 'index', 0, '/', '2015-05-23 04:37:08', '172.20.0.142'),
(840, 'index', 0, '/', '2015-05-23 04:42:08', '172.20.0.142'),
(841, 'index', 0, '/', '2015-05-23 04:47:08', '172.20.0.142'),
(842, 'index', 0, '/', '2015-05-23 04:52:08', '172.20.0.142'),
(843, 'index', 0, '/', '2015-05-23 04:57:08', '172.20.0.142'),
(844, 'index', 0, '/', '2015-05-23 05:02:08', '172.20.0.142'),
(845, 'index', 0, '/', '2015-05-23 05:07:08', '172.20.0.142'),
(846, 'index', 0, '/', '2015-05-23 05:12:08', '172.20.0.142'),
(847, 'index', 0, '/', '2015-05-23 05:17:08', '172.20.0.142'),
(848, 'index', 0, '/', '2015-05-23 05:22:08', '172.20.0.142'),
(849, 'index', 0, '/', '2015-05-23 05:27:08', '172.20.0.142'),
(850, 'index', 0, '/', '2015-05-23 05:32:08', '172.20.0.142'),
(851, 'index', 0, '/', '2015-05-23 05:37:08', '172.20.0.142'),
(852, 'index', 0, '/', '2015-05-23 05:42:08', '172.20.0.142'),
(853, 'index', 0, '/', '2015-05-23 05:47:08', '172.20.0.142'),
(854, 'index', 0, '/', '2015-05-23 05:52:08', '172.20.0.142'),
(855, 'index', 0, '/', '2015-05-23 05:57:08', '172.20.0.142'),
(856, 'index', 0, '/', '2015-05-23 06:02:08', '172.20.0.142'),
(857, 'index', 0, '/', '2015-05-23 06:07:08', '172.20.0.142'),
(858, 'index', 0, '/', '2015-05-23 06:12:08', '172.20.0.142'),
(859, 'index', 0, '/', '2015-05-23 06:17:08', '172.20.0.142'),
(860, 'index', 0, '/', '2015-05-23 06:22:08', '172.20.0.142'),
(861, 'index', 0, '/', '2015-05-23 06:27:08', '172.20.0.142'),
(862, 'index', 0, '/', '2015-05-23 06:32:08', '172.20.0.142'),
(863, 'index', 0, '/', '2015-05-23 06:37:08', '172.20.0.142'),
(864, 'index', 0, '/', '2015-05-23 06:42:08', '172.20.0.142'),
(865, 'index', 0, '/', '2015-05-23 06:47:08', '172.20.0.142'),
(866, 'index', 0, '/', '2015-05-23 06:52:08', '172.20.0.142'),
(867, 'index', 0, '/', '2015-05-23 06:57:08', '172.20.0.142'),
(868, 'index', 0, '/', '2015-05-23 07:02:08', '172.20.0.142'),
(869, 'index', 0, '/', '2015-05-23 07:07:08', '172.20.0.142'),
(870, 'index', 0, '/', '2015-05-23 07:12:08', '172.20.0.142'),
(871, 'index', 0, '/', '2015-05-23 07:17:08', '172.20.0.142'),
(872, 'index', 0, '/', '2015-05-23 07:22:08', '172.20.0.142'),
(873, 'index', 0, '/', '2015-05-23 07:27:08', '172.20.0.142'),
(874, 'index', 0, '/', '2015-05-23 07:32:08', '172.20.0.142'),
(875, 'index', 0, '/', '2015-05-23 07:37:08', '172.20.0.142'),
(876, 'index', 0, '/', '2015-05-23 07:42:08', '172.20.0.142'),
(877, 'index', 0, '/', '2015-05-23 07:47:08', '172.20.0.142'),
(878, 'index', 0, '/', '2015-05-23 07:52:08', '172.20.0.142'),
(879, 'index', 0, '/', '2015-05-23 07:57:08', '172.20.0.142'),
(880, 'index', 0, '/', '2015-05-23 08:02:08', '172.20.0.142'),
(881, 'index', 0, '/', '2015-05-23 08:07:08', '172.20.0.142'),
(882, 'index', 0, '/', '2015-05-23 08:12:08', '172.20.0.142'),
(883, 'index', 0, '/', '2015-05-23 08:17:08', '172.20.0.142'),
(884, 'index', 0, '/', '2015-05-23 08:22:08', '172.20.0.142'),
(885, 'index', 0, '/', '2015-05-23 08:27:08', '172.20.0.142'),
(886, 'index', 0, '/', '2015-05-23 08:32:08', '172.20.0.142'),
(887, 'index', 0, '/', '2015-05-23 08:37:08', '172.20.0.142'),
(888, 'index', 0, '/', '2015-05-23 08:42:08', '172.20.0.142'),
(889, 'index', 0, '/', '2015-05-23 08:47:09', '172.20.0.142'),
(890, 'index', 0, '/', '2015-05-23 08:52:09', '172.20.0.142'),
(891, 'index', 0, '/', '2015-05-23 08:57:09', '172.20.0.142'),
(892, 'index', 0, '/', '2015-05-23 09:02:09', '172.20.0.142'),
(893, 'index', 0, '/', '2015-05-23 09:07:09', '172.20.0.142'),
(894, 'index', 0, '/', '2015-05-23 09:12:09', '172.20.0.142'),
(895, 'index', 0, '/', '2015-05-23 09:17:09', '172.20.0.142'),
(896, 'index', 0, '/', '2015-05-23 09:22:09', '172.20.0.142'),
(897, 'index', 0, '/', '2015-05-23 09:27:09', '172.20.0.142'),
(898, 'index', 0, '/', '2015-05-23 09:32:09', '172.20.0.142'),
(899, 'index', 0, '/', '2015-05-23 09:37:09', '172.20.0.142'),
(900, 'index', 0, '/', '2015-05-23 09:42:09', '172.20.0.142'),
(901, 'index', 0, '/', '2015-05-23 09:47:09', '172.20.0.142'),
(902, 'index', 0, '/', '2015-05-23 09:52:09', '172.20.0.142'),
(903, 'index', 0, '/', '2015-05-23 09:57:09', '172.20.0.142'),
(904, 'index', 0, '/', '2015-05-23 10:02:09', '172.20.0.142'),
(905, 'index', 0, '/', '2015-05-23 10:07:09', '172.20.0.142'),
(906, 'index', 0, '/', '2015-05-23 10:12:09', '172.20.0.142'),
(907, 'index', 0, '/', '2015-05-23 10:17:09', '172.20.0.142'),
(908, 'index', 0, '/', '2015-05-23 10:22:09', '172.20.0.142'),
(909, 'index', 0, '/', '2015-05-23 10:27:09', '172.20.0.142'),
(910, 'index', 0, '/', '2015-05-23 10:32:09', '172.20.0.142'),
(911, 'index', 0, '/', '2015-05-23 10:37:09', '172.20.0.142'),
(912, 'index', 0, '/', '2015-05-23 10:42:09', '172.20.0.142'),
(913, 'index', 0, '/', '2015-05-23 10:47:09', '172.20.0.142'),
(914, 'index', 0, '/', '2015-05-23 10:52:09', '172.20.0.142'),
(915, 'index', 0, '/', '2015-05-23 10:57:09', '172.20.0.142'),
(916, 'index', 0, '/', '2015-05-23 11:02:09', '172.20.0.142'),
(917, 'index', 0, '/', '2015-05-23 11:07:09', '172.20.0.142'),
(918, 'index', 0, '/', '2015-05-23 11:12:09', '172.20.0.142'),
(919, 'index', 0, '/', '2015-05-23 11:17:09', '172.20.0.142'),
(920, 'index', 0, '/', '2015-05-23 11:22:09', '172.20.0.142'),
(921, 'index', 0, '/', '2015-05-23 11:27:09', '172.20.0.142'),
(922, 'index', 0, '/', '2015-05-23 11:32:09', '172.20.0.142'),
(923, 'index', 0, '/', '2015-05-23 11:37:09', '172.20.0.142'),
(924, 'index', 0, '/', '2015-05-23 11:42:09', '172.20.0.142'),
(925, 'index', 0, '/', '2015-05-23 11:47:09', '172.20.0.142'),
(926, 'index', 0, '/', '2015-05-23 11:52:09', '172.20.0.142'),
(927, 'index', 0, '/', '2015-05-23 11:57:09', '172.20.0.142'),
(928, 'index', 0, '/', '2015-05-23 12:02:09', '172.20.0.142'),
(929, 'index', 0, '/', '2015-05-23 12:07:09', '172.20.0.142'),
(930, 'index', 0, '/', '2015-05-23 12:12:09', '172.20.0.142'),
(931, 'index', 0, '/', '2015-05-23 12:17:09', '172.20.0.142'),
(932, 'index', 0, '/', '2015-05-23 12:22:09', '172.20.0.142'),
(933, 'index', 0, '/', '2015-05-23 12:27:09', '172.20.0.142'),
(934, 'index', 0, '/', '2015-05-23 12:32:09', '172.20.0.142'),
(935, 'index', 0, '/', '2015-05-23 12:37:09', '172.20.0.142'),
(936, 'index', 0, '/', '2015-05-23 12:42:09', '172.20.0.142'),
(937, 'index', 0, '/', '2015-05-23 12:47:09', '172.20.0.142'),
(938, 'index', 0, '/', '2015-05-23 12:52:09', '172.20.0.142'),
(939, 'index', 0, '/', '2015-05-23 12:57:09', '172.20.0.142'),
(940, 'index', 0, '/', '2015-05-23 13:02:09', '172.20.0.142'),
(941, 'index', 0, '/', '2015-05-23 13:07:09', '172.20.0.142'),
(942, 'index', 0, '/', '2015-05-23 13:12:09', '172.20.0.142'),
(943, 'index', 0, '/', '2015-05-23 13:17:09', '172.20.0.142'),
(944, 'index', 0, '/', '2015-05-23 13:22:09', '172.20.0.142'),
(945, 'index', 0, '/', '2015-05-23 13:27:09', '172.20.0.142'),
(946, 'index', 0, '/', '2015-05-23 13:32:09', '172.20.0.142'),
(947, 'index', 0, '/', '2015-05-23 13:37:09', '172.20.0.142'),
(948, 'index', 0, '/', '2015-05-23 13:42:10', '172.20.0.142'),
(949, 'index', 0, '/', '2015-05-23 13:47:10', '172.20.0.142'),
(950, 'index', 0, '/', '2015-05-23 13:52:10', '172.20.0.142'),
(951, 'index', 0, '/', '2015-05-23 13:57:10', '172.20.0.142'),
(952, 'index', 0, '/', '2015-05-23 14:02:10', '172.20.0.142'),
(953, 'index', 0, '/', '2015-05-23 14:07:10', '172.20.0.142'),
(954, 'index', 0, '/', '2015-05-23 14:12:10', '172.20.0.142'),
(955, 'index', 0, '/', '2015-05-23 14:17:10', '172.20.0.142'),
(956, 'index', 0, '/', '2015-05-23 14:22:10', '172.20.0.142'),
(957, 'index', 0, '/', '2015-05-23 14:27:10', '172.20.0.142'),
(958, 'index', 0, '/', '2015-05-23 14:32:10', '172.20.0.142'),
(959, 'index', 0, '/', '2015-05-23 14:37:10', '172.20.0.142'),
(960, 'index', 0, '/', '2015-05-23 14:42:10', '172.20.0.142'),
(961, 'index', 0, '/', '2015-05-23 14:47:10', '172.20.0.142'),
(962, 'index', 0, '/', '2015-05-23 14:52:10', '172.20.0.142'),
(963, 'index', 0, '/', '2015-05-23 14:57:10', '172.20.0.142'),
(964, 'index', 0, '/', '2015-05-23 15:02:10', '172.20.0.142'),
(965, 'index', 0, '/', '2015-05-23 15:07:10', '172.20.0.142'),
(966, 'index', 0, '/', '2015-05-23 15:12:10', '172.20.0.142'),
(967, 'index', 0, '/', '2015-05-23 15:17:10', '172.20.0.142'),
(968, 'index', 0, '/', '2015-05-23 15:22:10', '172.20.0.142'),
(969, 'index', 0, '/', '2015-05-23 15:27:10', '172.20.0.142'),
(970, 'index', 0, '/', '2015-05-23 15:32:10', '172.20.0.142'),
(971, 'index', 0, '/', '2015-05-23 15:37:10', '172.20.0.142'),
(972, 'index', 0, '/', '2015-05-23 15:42:10', '172.20.0.142'),
(973, 'index', 0, '/', '2015-05-23 15:47:10', '172.20.0.142'),
(974, 'index', 0, '/', '2015-05-23 15:52:10', '172.20.0.142'),
(975, 'index', 0, '/', '2015-05-23 15:57:10', '172.20.0.142'),
(976, 'index', 0, '/', '2015-05-23 16:02:10', '172.20.0.142'),
(977, 'index', 0, '/', '2015-05-23 16:07:10', '172.20.0.142'),
(978, 'index', 0, '/', '2015-05-23 16:12:10', '172.20.0.142'),
(979, 'index', 0, '/', '2015-05-23 16:17:10', '172.20.0.142'),
(980, 'index', 0, '/', '2015-05-23 16:22:10', '172.20.0.142'),
(981, 'index', 0, '/', '2015-05-23 16:27:10', '172.20.0.142'),
(982, 'index', 0, '/', '2015-05-23 16:32:10', '172.20.0.142'),
(983, 'index', 0, '/', '2015-05-23 16:37:10', '172.20.0.142'),
(984, 'index', 0, '/', '2015-05-23 16:42:10', '172.20.0.142'),
(985, 'index', 0, '/', '2015-05-23 16:47:10', '172.20.0.142'),
(986, 'index', 0, '/', '2015-05-23 16:52:10', '172.20.0.142'),
(987, 'index', 0, '/', '2015-05-23 16:57:10', '172.20.0.142'),
(988, 'index', 0, '/', '2015-05-23 17:02:10', '172.20.0.142'),
(989, 'index', 0, '/', '2015-05-23 17:07:10', '172.20.0.142'),
(990, 'index', 0, '/', '2015-05-23 17:12:10', '172.20.0.142'),
(991, 'index', 0, '/', '2015-05-23 17:17:10', '172.20.0.142'),
(992, 'index', 0, '/', '2015-05-23 17:22:10', '172.20.0.142'),
(993, 'index', 0, '/', '2015-05-23 17:27:10', '172.20.0.142'),
(994, 'index', 0, '/', '2015-05-23 17:32:10', '172.20.0.142'),
(995, 'index', 0, '/', '2015-05-23 17:37:10', '172.20.0.142'),
(996, 'index', 0, '/', '2015-05-23 17:42:10', '172.20.0.142'),
(997, 'index', 0, '/', '2015-05-23 17:47:10', '172.20.0.142'),
(998, 'index', 0, '/', '2015-05-23 17:52:10', '172.20.0.142'),
(999, 'index', 0, '/', '2015-05-23 17:57:10', '172.20.0.142'),
(1000, 'index', 0, '/', '2015-05-23 18:02:10', '172.20.0.142'),
(1001, 'index', 0, '/', '2015-05-23 18:07:10', '172.20.0.142'),
(1002, 'index', 0, '/', '2015-05-23 18:12:10', '172.20.0.142'),
(1003, 'index', 0, '/', '2015-05-23 18:17:10', '172.20.0.142'),
(1004, 'index', 0, '/', '2015-05-23 18:22:10', '172.20.0.142'),
(1005, 'index', 0, '/', '2015-05-23 18:27:10', '172.20.0.142'),
(1006, 'index', 0, '/', '2015-05-23 18:32:10', '172.20.0.142'),
(1007, 'index', 0, '/', '2015-05-23 18:37:10', '172.20.0.142'),
(1008, 'index', 0, '/', '2015-05-23 18:42:10', '172.20.0.142'),
(1009, 'index', 0, '/', '2015-05-23 18:47:10', '172.20.0.142'),
(1010, 'index', 0, '/', '2015-05-23 18:52:10', '172.20.0.142'),
(1011, 'index', 0, '/', '2015-05-23 18:57:10', '172.20.0.142'),
(1012, 'index', 0, '/', '2015-05-23 19:02:11', '172.20.0.142'),
(1013, 'index', 0, '/', '2015-05-23 19:07:11', '172.20.0.142'),
(1014, 'index', 0, '/', '2015-05-23 19:12:11', '172.20.0.142'),
(1015, 'index', 0, '/', '2015-05-23 19:17:11', '172.20.0.142'),
(1016, 'index', 0, '/', '2015-05-23 19:22:11', '172.20.0.142'),
(1017, 'index', 0, '/', '2015-05-23 19:27:11', '172.20.0.142'),
(1018, 'index', 0, '/', '2015-05-23 19:32:11', '172.20.0.142'),
(1019, 'index', 0, '/', '2015-05-23 19:37:11', '172.20.0.142'),
(1020, 'index', 0, '/', '2015-05-23 19:42:11', '172.20.0.142'),
(1021, 'index', 0, '/', '2015-05-23 19:47:11', '172.20.0.142'),
(1022, 'index', 0, '/', '2015-05-23 19:52:11', '172.20.0.142'),
(1023, 'index', 0, '/', '2015-05-23 19:57:11', '172.20.0.142'),
(1024, 'index', 0, '/', '2015-05-23 20:02:11', '172.20.0.142'),
(1025, 'index', 0, '/', '2015-05-23 20:07:11', '172.20.0.142'),
(1026, 'index', 0, '/', '2015-05-23 20:12:11', '172.20.0.142'),
(1027, 'index', 0, '/', '2015-05-23 20:17:11', '172.20.0.142'),
(1028, 'index', 0, '/', '2015-05-23 20:22:11', '172.20.0.142'),
(1029, 'index', 0, '/', '2015-05-23 20:27:11', '172.20.0.142'),
(1030, 'index', 0, '/', '2015-05-23 20:32:11', '172.20.0.142'),
(1031, 'index', 0, '/', '2015-05-23 20:37:11', '172.20.0.142'),
(1032, 'index', 0, '/', '2015-05-23 20:42:11', '172.20.0.142'),
(1033, 'index', 0, '/', '2015-05-23 20:47:11', '172.20.0.142'),
(1034, 'index', 0, '/', '2015-05-23 20:52:11', '172.20.0.142'),
(1035, 'index', 0, '/', '2015-05-23 20:57:11', '172.20.0.142'),
(1036, 'index', 0, '/', '2015-05-23 21:02:11', '172.20.0.142'),
(1037, 'index', 0, '/', '2015-05-23 21:07:11', '172.20.0.142'),
(1038, 'index', 0, '/', '2015-05-23 21:12:11', '172.20.0.142'),
(1039, 'index', 0, '/', '2015-05-23 21:17:11', '172.20.0.142'),
(1040, 'index', 0, '/', '2015-05-23 21:22:11', '172.20.0.142'),
(1041, 'index', 0, '/', '2015-05-23 21:27:11', '172.20.0.142'),
(1042, 'index', 0, '/', '2015-05-23 21:32:11', '172.20.0.142'),
(1043, 'index', 0, '/', '2015-05-23 21:37:11', '172.20.0.142'),
(1044, 'index', 0, '/', '2015-05-23 21:42:11', '172.20.0.142'),
(1045, 'index', 0, '/', '2015-05-23 21:47:11', '172.20.0.142'),
(1046, 'index', 0, '/', '2015-05-23 21:52:11', '172.20.0.142'),
(1047, 'index', 0, '/', '2015-05-23 21:57:11', '172.20.0.142'),
(1048, 'index', 0, '/', '2015-05-23 22:02:11', '172.20.0.142'),
(1049, 'index', 0, '/', '2015-05-23 22:07:11', '172.20.0.142'),
(1050, 'index', 0, '/', '2015-05-23 22:12:11', '172.20.0.142'),
(1051, 'index', 0, '/', '2015-05-23 22:17:11', '172.20.0.142'),
(1052, 'index', 0, '/', '2015-05-23 22:22:11', '172.20.0.142'),
(1053, 'index', 0, '/', '2015-05-23 22:27:11', '172.20.0.142'),
(1054, 'index', 0, '/', '2015-05-23 22:32:11', '172.20.0.142'),
(1055, 'index', 0, '/', '2015-05-23 22:37:11', '172.20.0.142'),
(1056, 'index', 0, '/', '2015-05-23 22:42:11', '172.20.0.142'),
(1057, 'index', 0, '/', '2015-05-23 22:47:11', '172.20.0.142'),
(1058, 'index', 0, '/', '2015-05-23 22:52:11', '172.20.0.142'),
(1059, 'index', 0, '/', '2015-05-23 22:57:11', '172.20.0.142'),
(1060, 'index', 0, '/', '2015-05-23 23:02:11', '172.20.0.142'),
(1061, 'index', 0, '/', '2015-05-23 23:07:11', '172.20.0.142'),
(1062, 'index', 0, '/', '2015-05-23 23:12:11', '172.20.0.142'),
(1063, 'index', 0, '/', '2015-05-23 23:17:11', '172.20.0.142'),
(1064, 'index', 0, '/', '2015-05-23 23:22:11', '172.20.0.142'),
(1065, 'index', 0, '/', '2015-05-23 23:27:11', '172.20.0.142'),
(1066, 'index', 0, '/', '2015-05-23 23:32:11', '172.20.0.142'),
(1067, 'index', 0, '/', '2015-05-23 23:37:11', '172.20.0.142'),
(1068, 'index', 0, '/', '2015-05-23 23:42:11', '172.20.0.142'),
(1069, 'index', 0, '/', '2015-05-23 23:47:11', '172.20.0.142'),
(1070, 'index', 0, '/', '2015-05-23 23:52:11', '172.20.0.142'),
(1071, 'index', 0, '/', '2015-05-23 23:57:11', '172.20.0.142'),
(1072, 'index', 0, '/', '2015-05-24 00:02:11', '172.20.0.142'),
(1073, 'index', 0, '/', '2015-05-24 00:07:12', '172.20.0.142'),
(1074, 'index', 0, '/', '2015-05-24 00:12:12', '172.20.0.142'),
(1075, 'index', 0, '/', '2015-05-24 00:17:12', '172.20.0.142'),
(1076, 'index', 0, '/', '2015-05-24 00:22:12', '172.20.0.142'),
(1077, 'index', 0, '/', '2015-05-24 00:27:12', '172.20.0.142'),
(1078, 'index', 0, '/', '2015-05-24 00:32:12', '172.20.0.142'),
(1079, 'index', 0, '/', '2015-05-24 00:37:12', '172.20.0.142'),
(1080, 'index', 0, '/', '2015-05-24 00:42:12', '172.20.0.142'),
(1081, 'index', 0, '/', '2015-05-24 00:47:12', '172.20.0.142'),
(1082, 'index', 0, '/', '2015-05-24 00:52:12', '172.20.0.142'),
(1083, 'index', 0, '/', '2015-05-24 00:57:12', '172.20.0.142'),
(1084, 'index', 0, '/', '2015-05-24 01:02:12', '172.20.0.142'),
(1085, 'index', 0, '/', '2015-05-24 01:07:12', '172.20.0.142'),
(1086, 'index', 0, '/', '2015-05-24 01:12:12', '172.20.0.142'),
(1087, 'index', 0, '/', '2015-05-24 01:17:12', '172.20.0.142'),
(1088, 'index', 0, '/', '2015-05-24 01:22:12', '172.20.0.142'),
(1089, 'index', 0, '/', '2015-05-24 01:27:12', '172.20.0.142'),
(1090, 'index', 0, '/', '2015-05-24 01:32:12', '172.20.0.142'),
(1091, 'index', 0, '/', '2015-05-24 01:37:12', '172.20.0.142'),
(1092, 'index', 0, '/', '2015-05-24 01:42:12', '172.20.0.142'),
(1093, 'index', 0, '/', '2015-05-24 01:47:12', '172.20.0.142'),
(1094, 'index', 0, '/', '2015-05-24 01:52:12', '172.20.0.142'),
(1095, 'index', 0, '/', '2015-05-24 01:57:12', '172.20.0.142'),
(1096, 'index', 0, '/', '2015-05-24 02:02:12', '172.20.0.142'),
(1097, 'index', 0, '/', '2015-05-24 02:07:12', '172.20.0.142'),
(1098, 'index', 0, '/', '2015-05-24 02:12:12', '172.20.0.142'),
(1099, 'index', 0, '/', '2015-05-24 02:17:12', '172.20.0.142'),
(1100, 'index', 0, '/', '2015-05-24 02:22:12', '172.20.0.142'),
(1101, 'index', 0, '/', '2015-05-24 02:27:12', '172.20.0.142'),
(1102, 'index', 0, '/', '2015-05-24 02:32:12', '172.20.0.142'),
(1103, 'index', 0, '/', '2015-05-24 02:37:12', '172.20.0.142'),
(1104, 'index', 0, '/', '2015-05-24 02:42:12', '172.20.0.142'),
(1105, 'index', 0, '/', '2015-05-24 02:47:12', '172.20.0.142'),
(1106, 'index', 0, '/', '2015-05-24 02:52:12', '172.20.0.142'),
(1107, 'index', 0, '/', '2015-05-24 02:57:12', '172.20.0.142'),
(1108, 'index', 0, '/', '2015-05-24 03:02:12', '172.20.0.142'),
(1109, 'index', 0, '/', '2015-05-24 03:07:12', '172.20.0.142'),
(1110, 'index', 0, '/', '2015-05-24 03:12:12', '172.20.0.142'),
(1111, 'index', 0, '/', '2015-05-24 03:17:12', '172.20.0.142'),
(1112, 'index', 0, '/', '2015-05-24 03:22:12', '172.20.0.142'),
(1113, 'index', 0, '/', '2015-05-24 03:27:12', '172.20.0.142'),
(1114, 'index', 0, '/', '2015-05-24 03:32:12', '172.20.0.142'),
(1115, 'index', 0, '/', '2015-05-24 03:37:12', '172.20.0.142'),
(1116, 'index', 0, '/', '2015-05-24 03:42:12', '172.20.0.142'),
(1117, 'index', 0, '/', '2015-05-24 03:47:12', '172.20.0.142'),
(1118, 'index', 0, '/', '2015-05-24 03:52:12', '172.20.0.142'),
(1119, 'index', 0, '/', '2015-05-24 03:57:12', '172.20.0.142'),
(1120, 'index', 0, '/', '2015-05-24 04:02:12', '172.20.0.142'),
(1121, 'index', 0, '/', '2015-05-24 04:07:12', '172.20.0.142'),
(1122, 'index', 0, '/', '2015-05-24 04:12:12', '172.20.0.142'),
(1123, 'index', 0, '/', '2015-05-24 04:17:12', '172.20.0.142'),
(1124, 'index', 0, '/', '2015-05-24 04:22:12', '172.20.0.142'),
(1125, 'index', 0, '/', '2015-05-24 04:27:12', '172.20.0.142'),
(1126, 'index', 0, '/', '2015-05-24 04:32:12', '172.20.0.142'),
(1127, 'index', 0, '/', '2015-05-24 04:37:12', '172.20.0.142'),
(1128, 'index', 0, '/', '2015-05-24 04:42:12', '172.20.0.142'),
(1129, 'index', 0, '/', '2015-05-24 04:47:12', '172.20.0.142'),
(1130, 'index', 0, '/', '2015-05-24 04:52:12', '172.20.0.142'),
(1131, 'index', 0, '/', '2015-05-24 04:57:12', '172.20.0.142'),
(1132, 'index', 0, '/', '2015-05-24 05:02:12', '172.20.0.142'),
(1133, 'index', 0, '/', '2015-05-24 05:07:12', '172.20.0.142'),
(1134, 'index', 0, '/', '2015-05-24 05:12:12', '172.20.0.142'),
(1135, 'index', 0, '/', '2015-05-24 05:17:12', '172.20.0.142'),
(1136, 'index', 0, '/', '2015-05-24 05:22:13', '172.20.0.142'),
(1137, 'index', 0, '/', '2015-05-24 05:27:13', '172.20.0.142'),
(1138, 'index', 0, '/', '2015-05-24 05:32:13', '172.20.0.142'),
(1139, 'index', 0, '/', '2015-05-24 05:37:13', '172.20.0.142'),
(1140, 'index', 0, '/', '2015-05-24 05:42:13', '172.20.0.142'),
(1141, 'index', 0, '/', '2015-05-24 05:47:13', '172.20.0.142'),
(1142, 'index', 0, '/', '2015-05-24 05:52:13', '172.20.0.142'),
(1143, 'index', 0, '/', '2015-05-24 05:57:13', '172.20.0.142'),
(1144, 'index', 0, '/', '2015-05-24 06:02:13', '172.20.0.142'),
(1145, 'index', 0, '/', '2015-05-24 06:07:13', '172.20.0.142'),
(1146, 'index', 0, '/', '2015-05-24 06:12:13', '172.20.0.142'),
(1147, 'index', 0, '/', '2015-05-24 06:17:13', '172.20.0.142'),
(1148, 'index', 0, '/', '2015-05-24 06:22:13', '172.20.0.142'),
(1149, 'index', 0, '/', '2015-05-24 06:27:13', '172.20.0.142'),
(1150, 'index', 0, '/', '2015-05-24 06:32:13', '172.20.0.142'),
(1151, 'index', 0, '/', '2015-05-24 06:37:13', '172.20.0.142'),
(1152, 'index', 0, '/', '2015-05-24 06:42:13', '172.20.0.142'),
(1153, 'index', 0, '/', '2015-05-24 06:47:13', '172.20.0.142'),
(1154, 'index', 0, '/', '2015-05-24 06:52:13', '172.20.0.142'),
(1155, 'index', 0, '/', '2015-05-24 06:57:13', '172.20.0.142'),
(1156, 'index', 0, '/', '2015-05-24 07:02:13', '172.20.0.142'),
(1157, 'index', 0, '/', '2015-05-24 07:07:13', '172.20.0.142'),
(1158, 'index', 0, '/', '2015-05-24 07:12:13', '172.20.0.142'),
(1159, 'index', 0, '/', '2015-05-24 07:17:13', '172.20.0.142'),
(1160, 'index', 0, '/', '2015-05-24 07:22:13', '172.20.0.142'),
(1161, 'index', 0, '/', '2015-05-24 07:27:13', '172.20.0.142'),
(1162, 'index', 0, '/', '2015-05-24 07:32:13', '172.20.0.142'),
(1163, 'index', 0, '/', '2015-05-24 07:37:13', '172.20.0.142'),
(1164, 'index', 0, '/', '2015-05-24 07:42:13', '172.20.0.142'),
(1165, 'index', 0, '/', '2015-05-24 07:47:13', '172.20.0.142'),
(1166, 'index', 0, '/', '2015-05-24 07:52:13', '172.20.0.142'),
(1167, 'index', 0, '/', '2015-05-24 07:57:13', '172.20.0.142'),
(1168, 'index', 0, '/', '2015-05-24 08:02:13', '172.20.0.142'),
(1169, 'index', 0, '/', '2015-05-24 08:07:13', '172.20.0.142'),
(1170, 'index', 0, '/', '2015-05-24 08:12:13', '172.20.0.142'),
(1171, 'index', 0, '/', '2015-05-24 08:17:13', '172.20.0.142'),
(1172, 'index', 0, '/', '2015-05-24 08:22:13', '172.20.0.142'),
(1173, 'index', 0, '/', '2015-05-24 08:27:13', '172.20.0.142'),
(1174, 'index', 0, '/', '2015-05-24 08:32:13', '172.20.0.142'),
(1175, 'index', 0, '/', '2015-05-24 08:37:13', '172.20.0.142'),
(1176, 'index', 0, '/', '2015-05-24 08:42:13', '172.20.0.142'),
(1177, 'index', 0, '/', '2015-05-24 08:47:13', '172.20.0.142'),
(1178, 'index', 0, '/', '2015-05-24 08:52:13', '172.20.0.142'),
(1179, 'index', 0, '/', '2015-05-24 08:57:13', '172.20.0.142'),
(1180, 'index', 0, '/', '2015-05-24 09:02:13', '172.20.0.142'),
(1181, 'index', 0, '/', '2015-05-24 09:07:13', '172.20.0.142'),
(1182, 'index', 0, '/', '2015-05-24 09:12:13', '172.20.0.142'),
(1183, 'index', 0, '/', '2015-05-24 09:17:13', '172.20.0.142'),
(1184, 'index', 0, '/', '2015-05-24 09:22:13', '172.20.0.142'),
(1185, 'index', 0, '/', '2015-05-24 09:27:13', '172.20.0.142'),
(1186, 'index', 0, '/', '2015-05-24 09:32:13', '172.20.0.142'),
(1187, 'index', 0, '/', '2015-05-24 09:37:13', '172.20.0.142'),
(1188, 'index', 0, '/', '2015-05-24 09:42:13', '172.20.0.142'),
(1189, 'index', 0, '/', '2015-05-24 09:47:13', '172.20.0.142'),
(1190, 'index', 0, '/', '2015-05-24 09:52:13', '172.20.0.142'),
(1191, 'index', 0, '/', '2015-05-24 09:57:13', '172.20.0.142'),
(1192, 'index', 0, '/', '2015-05-24 10:02:13', '172.20.0.142'),
(1193, 'index', 0, '/', '2015-05-24 10:07:13', '172.20.0.142'),
(1194, 'index', 0, '/', '2015-05-24 10:12:13', '172.20.0.142'),
(1195, 'index', 0, '/', '2015-05-24 10:17:13', '172.20.0.142'),
(1196, 'index', 0, '/', '2015-05-24 10:22:13', '172.20.0.142'),
(1197, 'index', 0, '/', '2015-05-24 10:27:13', '172.20.0.142'),
(1198, 'index', 0, '/', '2015-05-24 10:32:14', '172.20.0.142'),
(1199, 'index', 0, '/', '2015-05-24 10:37:14', '172.20.0.142'),
(1200, 'index', 0, '/', '2015-05-24 10:42:14', '172.20.0.142'),
(1201, 'index', 0, '/', '2015-05-24 10:47:14', '172.20.0.142'),
(1202, 'index', 0, '/', '2015-05-24 10:52:14', '172.20.0.142'),
(1203, 'index', 0, '/', '2015-05-24 10:57:14', '172.20.0.142'),
(1204, 'index', 0, '/', '2015-05-24 11:02:14', '172.20.0.142'),
(1205, 'index', 0, '/', '2015-05-24 11:07:14', '172.20.0.142'),
(1206, 'index', 0, '/', '2015-05-24 11:12:14', '172.20.0.142'),
(1207, 'index', 0, '/', '2015-05-24 11:17:14', '172.20.0.142'),
(1208, 'index', 0, '/', '2015-05-24 11:22:14', '172.20.0.142'),
(1209, 'index', 0, '/', '2015-05-24 11:27:14', '172.20.0.142'),
(1210, 'index', 0, '/', '2015-05-24 11:32:14', '172.20.0.142'),
(1211, 'index', 0, '/', '2015-05-24 11:37:14', '172.20.0.142'),
(1212, 'index', 0, '/', '2015-05-24 11:42:14', '172.20.0.142'),
(1213, 'index', 0, '/', '2015-05-24 11:47:14', '172.20.0.142'),
(1214, 'index', 0, '/', '2015-05-24 11:52:14', '172.20.0.142'),
(1215, 'index', 0, '/', '2015-05-24 11:57:14', '172.20.0.142'),
(1216, 'index', 0, '/', '2015-05-24 12:02:14', '172.20.0.142'),
(1217, 'index', 0, '/', '2015-05-24 12:07:14', '172.20.0.142'),
(1218, 'index', 0, '/', '2015-05-24 12:12:14', '172.20.0.142'),
(1219, 'index', 0, '/', '2015-05-24 12:17:14', '172.20.0.142'),
(1220, 'index', 0, '/', '2015-05-24 12:22:14', '172.20.0.142'),
(1221, 'index', 0, '/', '2015-05-24 12:27:14', '172.20.0.142'),
(1222, 'index', 0, '/', '2015-05-24 12:32:14', '172.20.0.142'),
(1223, 'index', 0, '/', '2015-05-24 12:37:14', '172.20.0.142'),
(1224, 'index', 0, '/', '2015-05-24 12:42:14', '172.20.0.142'),
(1225, 'index', 0, '/', '2015-05-24 12:47:14', '172.20.0.142'),
(1226, 'index', 0, '/', '2015-05-24 12:52:14', '172.20.0.142'),
(1227, 'index', 0, '/', '2015-05-24 12:57:14', '172.20.0.142'),
(1228, 'index', 0, '/', '2015-05-24 13:02:14', '172.20.0.142'),
(1229, 'index', 0, '/', '2015-05-24 13:07:14', '172.20.0.142'),
(1230, 'index', 0, '/', '2015-05-24 13:12:14', '172.20.0.142'),
(1231, 'index', 0, '/', '2015-05-24 13:17:14', '172.20.0.142'),
(1232, 'index', 0, '/', '2015-05-24 13:22:14', '172.20.0.142'),
(1233, 'index', 0, '/', '2015-05-24 13:27:14', '172.20.0.142'),
(1234, 'index', 0, '/', '2015-05-24 13:32:14', '172.20.0.142'),
(1235, 'index', 0, '/', '2015-05-24 13:37:14', '172.20.0.142'),
(1236, 'index', 0, '/', '2015-05-24 13:42:14', '172.20.0.142'),
(1237, 'index', 0, '/', '2015-05-24 13:47:14', '172.20.0.142'),
(1238, 'index', 0, '/', '2015-05-24 13:52:14', '172.20.0.142'),
(1239, 'index', 0, '/', '2015-05-24 13:57:14', '172.20.0.142'),
(1240, 'index', 0, '/', '2015-05-24 14:02:14', '172.20.0.142'),
(1241, 'index', 0, '/', '2015-05-24 14:07:14', '172.20.0.142'),
(1242, 'index', 0, '/', '2015-05-24 14:12:14', '172.20.0.142'),
(1243, 'index', 0, '/', '2015-05-24 14:17:14', '172.20.0.142'),
(1244, 'index', 0, '/', '2015-05-24 14:22:14', '172.20.0.142'),
(1245, 'index', 0, '/', '2015-05-24 14:27:14', '172.20.0.142'),
(1246, 'index', 0, '/', '2015-05-24 14:32:14', '172.20.0.142'),
(1247, 'index', 0, '/', '2015-05-24 14:37:14', '172.20.0.142'),
(1248, 'index', 0, '/', '2015-05-24 14:42:14', '172.20.0.142'),
(1249, 'index', 0, '/', '2015-05-24 14:47:14', '172.20.0.142'),
(1250, 'index', 0, '/', '2015-05-24 14:52:14', '172.20.0.142'),
(1251, 'index', 0, '/', '2015-05-24 14:57:14', '172.20.0.142'),
(1252, 'index', 0, '/', '2015-05-24 15:02:14', '172.20.0.142'),
(1253, 'index', 0, '/', '2015-05-24 15:07:14', '172.20.0.142'),
(1254, 'index', 0, '/', '2015-05-24 15:12:14', '172.20.0.142'),
(1255, 'index', 0, '/', '2015-05-24 15:17:14', '172.20.0.142'),
(1256, 'index', 0, '/', '2015-05-24 15:22:14', '172.20.0.142'),
(1257, 'index', 0, '/', '2015-05-24 15:27:14', '172.20.0.142'),
(1258, 'index', 0, '/', '2015-05-24 15:32:14', '172.20.0.142'),
(1259, 'index', 0, '/', '2015-05-24 15:37:14', '172.20.0.142'),
(1260, 'index', 0, '/', '2015-05-24 15:42:15', '172.20.0.142'),
(1261, 'index', 0, '/', '2015-05-24 15:47:15', '172.20.0.142'),
(1262, 'index', 0, '/', '2015-05-24 15:52:15', '172.20.0.142'),
(1263, 'index', 0, '/', '2015-05-24 15:57:15', '172.20.0.142'),
(1264, 'index', 0, '/', '2015-05-24 16:02:15', '172.20.0.142'),
(1265, 'index', 0, '/', '2015-05-24 16:07:15', '172.20.0.142'),
(1266, 'index', 0, '/', '2015-05-24 16:12:15', '172.20.0.142'),
(1267, 'index', 0, '/', '2015-05-24 16:17:15', '172.20.0.142'),
(1268, 'index', 0, '/', '2015-05-24 16:22:15', '172.20.0.142'),
(1269, 'index', 0, '/', '2015-05-24 16:27:15', '172.20.0.142'),
(1270, 'index', 0, '/', '2015-05-24 16:32:15', '172.20.0.142'),
(1271, 'index', 0, '/', '2015-05-24 16:37:15', '172.20.0.142'),
(1272, 'index', 0, '/', '2015-05-24 16:42:15', '172.20.0.142'),
(1273, 'index', 0, '/', '2015-05-24 16:47:15', '172.20.0.142'),
(1274, 'index', 0, '/', '2015-05-24 16:52:15', '172.20.0.142'),
(1275, 'index', 0, '/', '2015-05-24 16:57:15', '172.20.0.142'),
(1276, 'index', 0, '/', '2015-05-24 17:02:15', '172.20.0.142'),
(1277, 'index', 0, '/', '2015-05-24 17:07:15', '172.20.0.142'),
(1278, 'index', 0, '/', '2015-05-24 17:12:15', '172.20.0.142'),
(1279, 'index', 0, '/', '2015-05-24 17:17:15', '172.20.0.142'),
(1280, 'index', 0, '/', '2015-05-24 17:22:15', '172.20.0.142'),
(1281, 'index', 0, '/', '2015-05-24 17:27:15', '172.20.0.142'),
(1282, 'index', 0, '/', '2015-05-24 17:32:15', '172.20.0.142'),
(1283, 'index', 0, '/', '2015-05-24 17:37:15', '172.20.0.142'),
(1284, 'index', 0, '/', '2015-05-24 17:42:15', '172.20.0.142'),
(1285, 'index', 0, '/', '2015-05-24 17:47:15', '172.20.0.142'),
(1286, 'index', 0, '/', '2015-05-24 17:52:15', '172.20.0.142'),
(1287, 'index', 0, '/', '2015-05-24 17:57:15', '172.20.0.142'),
(1288, 'index', 0, '/', '2015-05-24 18:02:15', '172.20.0.142'),
(1289, 'index', 0, '/', '2015-05-24 18:07:15', '172.20.0.142'),
(1290, 'index', 0, '/', '2015-05-24 18:12:15', '172.20.0.142'),
(1291, 'index', 0, '/', '2015-05-24 18:17:15', '172.20.0.142'),
(1292, 'index', 0, '/', '2015-05-24 18:22:15', '172.20.0.142'),
(1293, 'index', 0, '/', '2015-05-24 18:27:15', '172.20.0.142'),
(1294, 'index', 0, '/', '2015-05-24 18:32:15', '172.20.0.142'),
(1295, 'index', 0, '/', '2015-05-24 18:37:15', '172.20.0.142'),
(1296, 'index', 0, '/', '2015-05-24 18:42:15', '172.20.0.142'),
(1297, 'index', 0, '/', '2015-05-24 18:47:15', '172.20.0.142'),
(1298, 'index', 0, '/', '2015-05-24 18:52:15', '172.20.0.142'),
(1299, 'index', 0, '/', '2015-05-24 18:57:15', '172.20.0.142'),
(1300, 'index', 0, '/', '2015-05-24 19:02:15', '172.20.0.142'),
(1301, 'index', 0, '/', '2015-05-24 19:07:15', '172.20.0.142'),
(1302, 'index', 0, '/', '2015-05-24 19:12:15', '172.20.0.142'),
(1303, 'index', 0, '/', '2015-05-24 19:17:15', '172.20.0.142'),
(1304, 'index', 0, '/', '2015-05-24 19:22:15', '172.20.0.142'),
(1305, 'index', 0, '/', '2015-05-24 19:27:15', '172.20.0.142'),
(1306, 'index', 0, '/', '2015-05-24 19:32:15', '172.20.0.142'),
(1307, 'index', 0, '/', '2015-05-24 19:37:15', '172.20.0.142'),
(1308, 'index', 0, '/', '2015-05-24 19:42:15', '172.20.0.142'),
(1309, 'index', 0, '/', '2015-05-24 19:47:15', '172.20.0.142'),
(1310, 'index', 0, '/', '2015-05-24 19:52:15', '172.20.0.142'),
(1311, 'index', 0, '/', '2015-05-24 19:57:15', '172.20.0.142'),
(1312, 'index', 0, '/', '2015-05-24 20:02:15', '172.20.0.142'),
(1313, 'index', 0, '/', '2015-05-24 20:07:15', '172.20.0.142'),
(1314, 'index', 0, '/', '2015-05-24 20:12:15', '172.20.0.142'),
(1315, 'index', 0, '/', '2015-05-24 20:17:15', '172.20.0.142'),
(1316, 'index', 0, '/', '2015-05-24 20:22:15', '172.20.0.142'),
(1317, 'index', 0, '/', '2015-05-24 20:27:15', '172.20.0.142'),
(1318, 'index', 0, '/', '2015-05-24 20:32:16', '172.20.0.142'),
(1319, 'index', 0, '/', '2015-05-24 20:37:16', '172.20.0.142'),
(1320, 'index', 0, '/', '2015-05-24 20:42:16', '172.20.0.142'),
(1321, 'index', 0, '/', '2015-05-24 20:47:16', '172.20.0.142'),
(1322, 'index', 0, '/', '2015-05-24 20:52:16', '172.20.0.142'),
(1323, 'index', 0, '/', '2015-05-24 20:57:16', '172.20.0.142'),
(1324, 'index', 0, '/', '2015-05-24 21:02:16', '172.20.0.142'),
(1325, 'index', 0, '/', '2015-05-24 21:07:16', '172.20.0.142'),
(1326, 'index', 0, '/', '2015-05-24 21:12:16', '172.20.0.142'),
(1327, 'index', 0, '/', '2015-05-24 21:17:16', '172.20.0.142'),
(1328, 'index', 0, '/', '2015-05-24 21:22:16', '172.20.0.142'),
(1329, 'index', 0, '/', '2015-05-24 21:27:16', '172.20.0.142'),
(1330, 'index', 0, '/', '2015-05-24 21:32:16', '172.20.0.142'),
(1331, 'index', 0, '/', '2015-05-24 21:37:16', '172.20.0.142'),
(1332, 'index', 0, '/', '2015-05-24 21:42:16', '172.20.0.142'),
(1333, 'index', 0, '/', '2015-05-24 21:47:16', '172.20.0.142'),
(1334, 'index', 0, '/', '2015-05-24 21:52:16', '172.20.0.142'),
(1335, 'index', 0, '/', '2015-05-24 21:57:16', '172.20.0.142'),
(1336, 'index', 0, '/', '2015-05-24 22:02:16', '172.20.0.142'),
(1337, 'index', 0, '/', '2015-05-24 22:07:16', '172.20.0.142'),
(1338, 'index', 0, '/', '2015-05-24 22:12:16', '172.20.0.142'),
(1339, 'index', 0, '/', '2015-05-24 22:17:16', '172.20.0.142'),
(1340, 'index', 0, '/', '2015-05-24 22:22:16', '172.20.0.142'),
(1341, 'index', 0, '/', '2015-05-24 22:27:16', '172.20.0.142'),
(1342, 'index', 0, '/', '2015-05-24 22:32:16', '172.20.0.142'),
(1343, 'index', 0, '/', '2015-05-24 22:37:16', '172.20.0.142'),
(1344, 'index', 0, '/', '2015-05-24 22:42:16', '172.20.0.142'),
(1345, 'index', 0, '/', '2015-05-24 22:47:16', '172.20.0.142'),
(1346, 'index', 0, '/', '2015-05-24 22:52:16', '172.20.0.142'),
(1347, 'index', 0, '/', '2015-05-24 22:57:16', '172.20.0.142'),
(1348, 'index', 0, '/', '2015-05-24 23:02:16', '172.20.0.142'),
(1349, 'index', 0, '/', '2015-05-24 23:07:16', '172.20.0.142'),
(1350, 'index', 0, '/', '2015-05-24 23:12:16', '172.20.0.142'),
(1351, 'index', 0, '/', '2015-05-24 23:17:16', '172.20.0.142'),
(1352, 'index', 0, '/', '2015-05-24 23:22:16', '172.20.0.142'),
(1353, 'index', 0, '/', '2015-05-24 23:27:16', '172.20.0.142'),
(1354, 'index', 0, '/', '2015-05-24 23:32:16', '172.20.0.142'),
(1355, 'index', 0, '/', '2015-05-24 23:37:16', '172.20.0.142'),
(1356, 'index', 0, '/', '2015-05-24 23:42:16', '172.20.0.142'),
(1357, 'index', 0, '/', '2015-05-24 23:47:16', '172.20.0.142'),
(1358, 'index', 0, '/', '2015-05-24 23:52:16', '172.20.0.142'),
(1359, 'index', 0, '/', '2015-05-24 23:57:16', '172.20.0.142'),
(1360, 'index', 0, '/', '2015-05-25 00:02:16', '172.20.0.142'),
(1361, 'index', 0, '/', '2015-05-25 00:07:16', '172.20.0.142'),
(1362, 'index', 0, '/', '2015-05-25 00:12:16', '172.20.0.142'),
(1363, 'index', 0, '/', '2015-05-25 00:17:16', '172.20.0.142'),
(1364, 'index', 0, '/', '2015-05-25 00:22:16', '172.20.0.142'),
(1365, 'index', 0, '/', '2015-05-25 00:27:16', '172.20.0.142'),
(1366, 'index', 0, '/', '2015-05-25 00:32:16', '172.20.0.142'),
(1367, 'index', 0, '/', '2015-05-25 00:37:16', '172.20.0.142'),
(1368, 'index', 0, '/', '2015-05-25 00:42:16', '172.20.0.142'),
(1369, 'index', 0, '/', '2015-05-25 00:47:16', '172.20.0.142'),
(1370, 'index', 0, '/', '2015-05-25 00:52:16', '172.20.0.142'),
(1371, 'index', 0, '/', '2015-05-25 00:57:16', '172.20.0.142'),
(1372, 'index', 0, '/', '2015-05-25 01:02:16', '172.20.0.142'),
(1373, 'index', 0, '/', '2015-05-25 01:07:16', '172.20.0.142'),
(1374, 'index', 0, '/', '2015-05-25 01:12:16', '172.20.0.142'),
(1375, 'index', 0, '/', '2015-05-25 01:17:16', '172.20.0.142'),
(1376, 'index', 0, '/', '2015-05-25 01:22:16', '172.20.0.142'),
(1377, 'index', 0, '/', '2015-05-25 01:27:16', '172.20.0.142'),
(1378, 'index', 0, '/', '2015-05-25 01:32:16', '172.20.0.142'),
(1379, 'index', 0, '/', '2015-05-25 01:37:16', '172.20.0.142'),
(1380, 'index', 0, '/', '2015-05-25 01:42:16', '172.20.0.142'),
(1381, 'index', 0, '/', '2015-05-25 01:47:17', '172.20.0.142'),
(1382, 'index', 0, '/', '2015-05-25 01:52:17', '172.20.0.142'),
(1383, 'index', 0, '/', '2015-05-25 01:57:17', '172.20.0.142'),
(1384, 'index', 0, '/', '2015-05-25 02:02:17', '172.20.0.142'),
(1385, 'index', 0, '/', '2015-05-25 02:07:17', '172.20.0.142'),
(1386, 'index', 0, '/', '2015-05-25 02:12:17', '172.20.0.142'),
(1387, 'index', 0, '/', '2015-05-25 02:17:17', '172.20.0.142'),
(1388, 'index', 0, '/', '2015-05-25 02:22:17', '172.20.0.142'),
(1389, 'index', 0, '/', '2015-05-25 02:27:17', '172.20.0.142'),
(1390, 'index', 0, '/', '2015-05-25 02:32:17', '172.20.0.142'),
(1391, 'index', 0, '/', '2015-05-25 02:37:17', '172.20.0.142'),
(1392, 'index', 0, '/', '2015-05-25 02:42:17', '172.20.0.142'),
(1393, 'index', 0, '/', '2015-05-25 02:47:17', '172.20.0.142'),
(1394, 'index', 0, '/', '2015-05-25 02:52:17', '172.20.0.142'),
(1395, 'index', 0, '/', '2015-05-25 02:57:17', '172.20.0.142'),
(1396, 'index', 0, '/', '2015-05-25 03:02:17', '172.20.0.142'),
(1397, 'index', 0, '/', '2015-05-25 03:07:17', '172.20.0.142'),
(1398, 'index', 0, '/', '2015-05-25 03:12:17', '172.20.0.142'),
(1399, 'index', 0, '/', '2015-05-25 03:17:17', '172.20.0.142'),
(1400, 'index', 0, '/', '2015-05-25 03:22:17', '172.20.0.142'),
(1401, 'index', 0, '/', '2015-05-25 03:27:17', '172.20.0.142'),
(1402, 'index', 0, '/', '2015-05-25 03:32:17', '172.20.0.142'),
(1403, 'index', 0, '/', '2015-05-25 03:37:17', '172.20.0.142'),
(1404, 'index', 0, '/', '2015-05-25 03:42:17', '172.20.0.142'),
(1405, 'index', 0, '/', '2015-05-25 03:47:17', '172.20.0.142'),
(1406, 'index', 0, '/', '2015-05-25 03:52:17', '172.20.0.142'),
(1407, 'index', 0, '/', '2015-05-25 03:57:17', '172.20.0.142'),
(1408, 'index', 0, '/', '2015-05-25 04:02:17', '172.20.0.142'),
(1409, 'index', 0, '/', '2015-05-25 04:07:17', '172.20.0.142'),
(1410, 'index', 0, '/', '2015-05-25 04:12:17', '172.20.0.142'),
(1411, 'index', 0, '/', '2015-05-25 04:17:17', '172.20.0.142'),
(1412, 'index', 0, '/', '2015-05-25 04:22:17', '172.20.0.142'),
(1413, 'index', 0, '/', '2015-05-25 04:27:17', '172.20.0.142'),
(1414, 'index', 0, '/', '2015-05-25 04:32:17', '172.20.0.142'),
(1415, 'index', 0, '/', '2015-05-25 04:37:17', '172.20.0.142'),
(1416, 'index', 0, '/', '2015-05-25 04:42:17', '172.20.0.142'),
(1417, 'index', 0, '/', '2015-05-25 04:47:17', '172.20.0.142'),
(1418, 'index', 0, '/', '2015-05-25 04:52:17', '172.20.0.142'),
(1419, 'index', 0, '/', '2015-05-25 04:57:17', '172.20.0.142'),
(1420, 'index', 0, '/', '2015-05-25 05:02:17', '172.20.0.142'),
(1421, 'index', 0, '/', '2015-05-25 05:07:17', '172.20.0.142'),
(1422, 'index', 0, '/', '2015-05-25 05:12:17', '172.20.0.142'),
(1423, 'index', 0, '/', '2015-05-25 05:17:17', '172.20.0.142'),
(1424, 'index', 0, '/', '2015-05-25 05:22:17', '172.20.0.142'),
(1425, 'index', 0, '/', '2015-05-25 05:27:17', '172.20.0.142'),
(1426, 'index', 0, '/', '2015-05-25 05:32:17', '172.20.0.142'),
(1427, 'index', 0, '/', '2015-05-25 05:37:17', '172.20.0.142'),
(1428, 'index', 0, '/', '2015-05-25 05:42:17', '172.20.0.142'),
(1429, 'index', 0, '/', '2015-05-25 05:47:17', '172.20.0.142'),
(1430, 'index', 0, '/', '2015-05-25 05:52:17', '172.20.0.142'),
(1431, 'index', 0, '/', '2015-05-25 05:57:17', '172.20.0.142'),
(1432, 'index', 0, '/', '2015-05-25 06:02:17', '172.20.0.142'),
(1433, 'index', 0, '/', '2015-05-25 06:07:17', '172.20.0.142'),
(1434, 'index', 0, '/', '2015-05-25 06:12:17', '172.20.0.142'),
(1435, 'index', 0, '/', '2015-05-25 06:17:17', '172.20.0.142'),
(1436, 'index', 0, '/', '2015-05-25 06:22:17', '172.20.0.142'),
(1437, 'index', 0, '/', '2015-05-25 06:27:17', '172.20.0.142'),
(1438, 'index', 0, '/', '2015-05-25 06:32:17', '172.20.0.142'),
(1439, 'index', 0, '/', '2015-05-25 06:37:17', '172.20.0.142'),
(1440, 'index', 0, '/', '2015-05-25 06:42:17', '172.20.0.142'),
(1441, 'index', 0, '/', '2015-05-25 06:47:17', '172.20.0.142'),
(1442, 'index', 0, '/', '2015-05-25 06:52:17', '172.20.0.142'),
(1443, 'index', 0, '/', '2015-05-25 06:57:17', '172.20.0.142'),
(1444, 'index', 0, '/', '2015-05-25 07:02:17', '172.20.0.142'),
(1445, 'index', 0, '/', '2015-05-25 07:07:18', '172.20.0.142'),
(1446, 'index', 0, '/', '2015-05-25 07:12:18', '172.20.0.142'),
(1447, 'index', 0, '/', '2015-05-25 07:17:18', '172.20.0.142'),
(1448, 'index', 0, '/', '2015-05-25 07:22:18', '172.20.0.142'),
(1449, 'index', 0, '/', '2015-05-25 07:27:18', '172.20.0.142'),
(1450, 'index', 0, '/', '2015-05-25 07:32:18', '172.20.0.142'),
(1451, 'index', 0, '/', '2015-05-25 07:37:18', '172.20.0.142'),
(1452, 'index', 0, '/', '2015-05-25 07:42:18', '172.20.0.142'),
(1453, 'index', 0, '/', '2015-05-25 07:47:18', '172.20.0.142'),
(1454, 'index', 0, '/', '2015-05-25 07:52:18', '172.20.0.142'),
(1455, 'index', 0, '/', '2015-05-25 07:57:18', '172.20.0.142'),
(1456, 'index', 0, '/', '2015-05-25 08:02:18', '172.20.0.142'),
(1457, 'index', 0, '/', '2015-05-25 08:07:18', '172.20.0.142'),
(1458, 'index', 0, '/', '2015-05-25 08:12:18', '172.20.0.142'),
(1459, 'index', 0, '/', '2015-05-25 08:17:18', '172.20.0.142'),
(1460, 'index', 0, '/', '2015-05-25 08:22:18', '172.20.0.142'),
(1461, 'index', 0, '/', '2015-05-25 08:27:18', '172.20.0.142'),
(1462, 'index', 0, '/', '2015-05-25 08:32:18', '172.20.0.142'),
(1463, 'index', 0, '/', '2015-05-25 08:37:18', '172.20.0.142'),
(1464, 'index', 0, '/', '2015-05-25 08:42:18', '172.20.0.142'),
(1465, 'index', 0, '/', '2015-05-25 08:47:18', '172.20.0.142'),
(1466, 'index', 0, '/', '2015-05-25 08:52:18', '172.20.0.142'),
(1467, 'index', 0, '/', '2015-05-25 08:57:18', '172.20.0.142'),
(1468, 'index', 0, '/', '2015-05-25 09:02:18', '172.20.0.142'),
(1469, 'index', 0, '/', '2015-05-25 09:07:18', '172.20.0.142'),
(1470, 'index', 0, '/', '2015-05-25 09:12:18', '172.20.0.142'),
(1471, 'index', 0, '/', '2015-05-25 09:17:18', '172.20.0.142'),
(1472, 'index', 0, '/', '2015-05-25 09:22:18', '172.20.0.142'),
(1473, 'index', 0, '/', '2015-05-25 09:27:18', '172.20.0.142'),
(1474, 'index', 0, '/', '2015-05-25 09:32:18', '172.20.0.142'),
(1475, 'index', 0, '/', '2015-05-25 09:37:18', '172.20.0.142'),
(1476, 'index', 0, '/', '2015-05-25 09:42:18', '172.20.0.142'),
(1477, 'index', 0, '/', '2015-05-25 09:47:18', '172.20.0.142'),
(1478, 'index', 0, '/', '2015-05-25 09:52:18', '172.20.0.142'),
(1479, 'index', 0, '/', '2015-05-25 09:57:18', '172.20.0.142'),
(1480, 'index', 0, '/', '2015-05-25 10:02:18', '172.20.0.142'),
(1481, 'index', 0, '/', '2015-05-25 10:07:18', '172.20.0.142'),
(1482, 'index', 0, '/', '2015-05-25 10:12:18', '172.20.0.142'),
(1483, 'index', 0, '/', '2015-05-25 10:17:18', '172.20.0.142'),
(1484, 'index', 0, '/', '2015-05-25 10:18:03', '10.1.0.49'),
(1485, 'login', 0, '/login.php', '2015-05-25 10:18:03', '10.1.0.49'),
(1486, 'login', 0, '/login.php', '2015-05-25 10:18:14', '10.1.0.49'),
(1487, 'login', 0, '/login.php', '2015-05-25 10:18:14', '10.1.0.49'),
(1488, 'login', 0, '/login.php', '2015-05-25 10:18:22', '10.1.0.49'),
(1489, 'index', 72, '/index.php', '2015-05-25 10:18:22', '10.1.0.49'),
(1490, 'index', 72, '/index.php', '2015-05-25 10:18:42', '10.1.0.49'),
(1491, 'person.precreate', 72, '/precreate.php', '2015-05-25 10:18:43', '10.1.0.49'),
(1492, 'person.create', 72, '/create.php', '2015-05-25 10:18:44', '10.1.0.49'),
(1493, 'person.rakeup', 72, '/rakeup.php', '2015-05-25 10:18:45', '10.1.0.49'),
(1494, 'person.rakeup', 72, '/rakeup.php', '2015-05-25 10:18:46', '10.1.0.49'),
(1495, 'person.search', 72, '/search.php', '2015-05-25 10:18:47', '10.1.0.49'),
(1496, 'person.search', 72, '/rangesearch.php', '2015-05-25 10:18:48', '10.1.0.49'),
(1497, 'person.search', 72, '/rev_search.php', '2015-05-25 10:18:50', '10.1.0.49'),
(1498, 'person.chain', 72, '/chain.php', '2015-05-25 10:18:51', '10.1.0.49'),
(1499, 'person.query', 72, '/query.php', '2015-05-25 10:18:52', '10.1.0.49'),
(1500, 'person.stick', 72, '/sticker.php', '2015-05-25 10:18:53', '10.1.0.49'),
(1501, 'report.ball', 72, '/freebig.php', '2015-05-25 10:18:53', '10.1.0.49'),
(1502, 'report.ball', 72, '/paidball.php', '2015-05-25 10:18:54', '10.1.0.49'),
(1503, 'report.note', 72, '/note_denis.php', '2015-05-25 10:18:56', '10.1.0.49'),
(1504, 'report.note', 72, '/note_denis.php', '2015-05-25 10:18:58', '10.1.0.49'),
(1505, 'report.analog', 72, '/analog.php', '2015-05-25 10:18:58', '10.1.0.49'),
(1506, 'report.analog', 72, '/analog.php', '2015-05-25 10:19:00', '10.1.0.49'),
(1507, 'report.analog', 72, '/analog_raw.php', '2015-05-25 10:19:01', '10.1.0.49'),
(1508, 'report.discrete', 72, '/analog_paid.php', '2015-05-25 10:19:01', '10.1.0.49'),
(1509, 'report.discrete', 72, '/discrete.php', '2015-05-25 10:19:01', '10.1.0.49'),
(1510, 'report.discrete', 72, '/discrete.php?fc=1&tf=1&ef=1', '2015-05-25 10:19:03', '10.1.0.49'),
(1511, 'index', 72, '/index.php', '2015-05-25 10:19:05', '10.1.0.49'),
(1512, 'index', 0, '/', '2015-05-25 10:22:18', '172.20.0.142'),
(1513, 'index', 0, '/', '2015-05-25 10:27:18', '172.20.0.142'),
(1514, 'index', 0, '/', '2015-05-25 10:32:18', '172.20.0.142'),
(1515, 'index', 0, '/', '2015-05-25 10:37:18', '172.20.0.142'),
(1516, 'person.precreate', 72, '/precreate.php', '2015-05-25 10:40:33', '10.1.0.49'),
(1517, 'index', 0, '/', '2015-05-25 10:42:18', '172.20.0.142'),
(1518, 'index', 0, '/', '2015-05-25 10:47:18', '172.20.0.142'),
(1519, 'index', 0, '/', '2015-05-25 10:52:18', '172.20.0.142'),
(1520, 'index', 0, '/', '2015-05-25 10:57:18', '172.20.0.142'),
(1521, 'index', 0, '/', '2015-05-25 11:02:18', '172.20.0.142'),
(1522, 'index', 0, '/', '2015-05-25 11:07:18', '172.20.0.142'),
(1523, 'index', 0, '/', '2015-05-25 11:12:18', '172.20.0.142'),
(1524, 'index', 0, '/', '2015-05-25 11:17:18', '172.20.0.142'),
(1525, 'index', 0, '/', '2015-05-25 11:22:18', '172.20.0.142'),
(1526, 'index', 0, '/', '2015-05-25 11:27:18', '172.20.0.142'),
(1527, 'index', 0, '/', '2015-05-25 11:32:18', '172.20.0.142'),
(1528, 'index', 0, '/', '2015-05-25 11:37:18', '172.20.0.142'),
(1529, 'index', 0, '/', '2015-05-25 11:42:18', '172.20.0.142'),
(1530, 'index', 0, '/', '2015-05-25 11:47:18', '172.20.0.142'),
(1531, 'index', 0, '/', '2015-05-25 11:52:18', '172.20.0.142'),
(1532, 'index', 0, '/', '2015-05-25 11:57:18', '172.20.0.142'),
(1533, 'index', 0, '/', '2015-05-25 12:02:18', '172.20.0.142'),
(1534, 'index', 0, '/', '2015-05-25 12:07:18', '172.20.0.142'),
(1535, 'index', 0, '/', '2015-05-25 12:12:18', '172.20.0.142'),
(1536, 'index', 0, '/', '2015-05-25 12:17:18', '172.20.0.142'),
(1537, 'index', 0, '/', '2015-05-25 12:22:19', '172.20.0.142'),
(1538, 'index', 0, '/', '2015-05-25 12:27:19', '172.20.0.142'),
(1539, 'index', 0, '/', '2015-05-25 12:32:19', '172.20.0.142'),
(1540, 'index', 0, '/', '2015-05-25 12:37:19', '172.20.0.142'),
(1541, 'index', 0, '/', '2015-05-25 12:42:19', '172.20.0.142'),
(1542, 'index', 0, '/', '2015-05-25 12:47:19', '172.20.0.142'),
(1543, 'index', 0, '/', '2015-05-25 12:52:19', '172.20.0.142'),
(1544, 'index', 0, '/', '2015-05-25 12:57:19', '172.20.0.142'),
(1545, 'index', 0, '/', '2015-05-25 13:02:19', '172.20.0.142'),
(1546, 'index', 0, '/', '2015-05-25 13:07:19', '172.20.0.142'),
(1547, 'index', 72, '/index.php', '2015-05-25 13:10:29', '10.1.0.49'),
(1548, 'person.precreate', 72, '/precreate.php', '2015-05-25 13:10:32', '10.1.0.49'),
(1549, 'index', 0, '/', '2015-05-25 13:12:19', '172.20.0.142'),
(1550, 'index', 0, '/', '2015-05-25 13:17:19', '172.20.0.142'),
(1551, 'index', 0, '/', '2015-05-25 13:22:19', '172.20.0.142'),
(1552, 'index', 0, '/', '2015-05-25 13:27:19', '172.20.0.142'),
(1553, 'person.rakeup', 72, '/rakeup.php', '2015-05-25 13:30:39', '10.1.0.49'),
(1554, 'person.search', 72, '/search.php', '2015-05-25 13:30:41', '10.1.0.49'),
(1555, 'person.chain', 72, '/chain.php', '2015-05-25 13:30:53', '10.1.0.49'),
(1556, 'report.ball', 72, '/freebig.php', '2015-05-25 13:30:54', '10.1.0.49'),
(1557, 'report.note', 72, '/note_denis.php', '2015-05-25 13:30:56', '10.1.0.49'),
(1558, 'report.analog', 72, '/analog_raw.php', '2015-05-25 13:30:58', '10.1.0.49'),
(1559, 'report.discrete', 72, '/discrete.php', '2015-05-25 13:31:00', '10.1.0.49'),
(1560, 'control', 72, '/control.php', '2015-05-25 13:31:02', '10.1.0.49'),
(1561, 'debug', 72, '/debug.php', '2015-05-25 13:31:17', '10.1.0.49'),
(1562, 'control', 72, '/control.php', '2015-05-25 13:31:35', '10.1.0.49');

DROP TABLE IF EXISTS `db_ball_temp`;
CREATE TABLE `db_ball_temp` (
  `id_ball_temp` int(11) NOT NULL AUTO_INCREMENT,
  `faculty` int(11) NOT NULL,
  `time_form_id` int(11) NOT NULL,
  `edu_form` int(11) NOT NULL,
  `target` int(11) NOT NULL,
  `target_type` int(11) NOT NULL,
  `target_cell` int(11) NOT NULL,
  `region_cell` int(11) NOT NULL,
  `total` int(11) NOT NULL,
  `delo_name` varchar(10) NOT NULL,
  `person_id` int(11) NOT NULL,
  PRIMARY KEY (`id_ball_temp`)
) ENGINE=InnoDB /*!40101 DEFAULT CHARSET=cp1251 */;

DROP TABLE IF EXISTS `db_balls`;
CREATE TABLE `db_balls` (
  `id_balls` int(11) NOT NULL AUTO_INCREMENT,
  `person_id` int(11) NOT NULL,
  `sum` int(11) NOT NULL,
  PRIMARY KEY (`id_balls`)
) ENGINE=InnoDB /*!40101 DEFAULT CHARSET=cp1251 */;

DROP TABLE IF EXISTS `db_benefit`;
CREATE TABLE `db_benefit` (
  `id_benefit` int(11) NOT NULL AUTO_INCREMENT,
  `name` varchar(60) NOT NULL,
  `sname` varchar(60) NOT NULL,
  `abbr` varchar(50) NOT NULL,
  PRIMARY KEY (`id_benefit`)
) ENGINE=InnoDB AUTO_INCREMENT=11 /*!40101 DEFAULT CHARSET=cp1251 */;

INSERT INTO `db_benefit` VALUES
(1, ' /   ', '', ''),
(2, '18', '', '18'),
(3, '13 / 21 - 23', '', '13'),
(4, '1-3', '', ''),
(5, '', '', ''),
(6, '-', '', ''),
(7, '2-3  ', '', '23'),
(8, '', '', ''),
(9, ' ', '', ''),
(10, '', '', '');

DROP TABLE IF EXISTS `db_call`;
CREATE TABLE `db_call` (
  `id_call` int(11) NOT NULL AUTO_INCREMENT,
  `name` varchar(60) NOT NULL,
  `sname` varchar(60) NOT NULL,
  `abbr` varchar(50) NOT NULL,
  `person_id` int(11) NOT NULL,
  `call_date` timestamp NOT NULL /*!40101 DEFAULT CURRENT_TIMESTAMP ON UPDATE CURRENT_TIMESTAMP */,
  `call_request` text NOT NULL,
  `call_response` text NOT NULL,
  `caller_id` int(11) NOT NULL,
  PRIMARY KEY (`id_call`)
) ENGINE=InnoDB /*!40101 DEFAULT CHARSET=cp1251 */;

DROP TABLE IF EXISTS `db_certificate`;
CREATE TABLE `db_certificate` (
  `id_certificate` int(11) NOT NULL AUTO_INCREMENT,
  `name` varchar(60) NOT NULL,
  `sname` varchar(60) NOT NULL,
  `abbr` varchar(50) NOT NULL,
  PRIMARY KEY (`id_certificate`)
) ENGINE=InnoDB AUTO_INCREMENT=3 /*!40101 DEFAULT CHARSET=cp1251 */;

INSERT INTO `db_certificate` VALUES
(1, '', '', ''),
(2, '', '', '');

DROP TABLE IF EXISTS `db_chain`;
CREATE TABLE `db_chain` (
  `id_chain` int(11) NOT NULL AUTO_INCREMENT,
  `name` text NOT NULL,
  `sname` varchar(60) NOT NULL,
  `abbr` varchar(50) NOT NULL,
  `owner_id` int(11) NOT NULL,
  `save_date` timestamp NOT NULL /*!40101 DEFAULT CURRENT_TIMESTAMP ON UPDATE CURRENT_TIMESTAMP */,
  PRIMARY KEY (`id_chain`)
) ENGINE=InnoDB /*!40101 DEFAULT CHARSET=cp1251 */;

DROP TABLE IF EXISTS `db_chid`;
CREATE TABLE `db_chid` (
  `id_chid` int(11) NOT NULL AUTO_INCREMENT,
  `name` varchar(60) NOT NULL,
  `sname` varchar(60) NOT NULL,
  `abbr` varchar(50) NOT NULL,
  `chain_id` int(11) NOT NULL,
  `person_id` int(11) NOT NULL,
  `owner_id` int(11) NOT NULL,
  PRIMARY KEY (`id_chid`)
) ENGINE=InnoDB /*!40101 DEFAULT CHARSET=cp1251 */;

DROP TABLE IF EXISTS `db_city_rang`;
CREATE TABLE `db_city_rang` (
  `id_city_rang` int(11) NOT NULL AUTO_INCREMENT,
  `name` varchar(60) NOT NULL,
  `sname` varchar(60) NOT NULL,
  `abbr` varchar(50) NOT NULL,
  PRIMARY KEY (`id_city_rang`)
) ENGINE=InnoDB AUTO_INCREMENT=3 /*!40101 DEFAULT CHARSET=cp1251 */;

INSERT INTO `db_city_rang` VALUES
(1, '', '', ''),
(2, '', '', '');

DROP TABLE IF EXISTS `db_community`;
CREATE TABLE `db_community` (
  `id_community` int(11) NOT NULL AUTO_INCREMENT,
  `name` varchar(60) NOT NULL,
  `sname` varchar(60) NOT NULL,
  `abbr` varchar(50) NOT NULL,
  PRIMARY KEY (`id_community`)
) ENGINE=InnoDB AUTO_INCREMENT=4 /*!40101 DEFAULT CHARSET=cp1251 */;

INSERT INTO `db_community` VALUES
(1, '', '', ''),
(2, ' ', '', ''),
(3, '', '', '');

DROP TABLE IF EXISTS `db_country`;
CREATE TABLE `db_country` (
  `id_country` int(11) NOT NULL AUTO_INCREMENT,
  `name` varchar(60) NOT NULL,
  `sname` varchar(60) NOT NULL,
  `abbr` varchar(60) NOT NULL,
  PRIMARY KEY (`id_country`)
) ENGINE=InnoDB AUTO_INCREMENT=10 /*!40101 DEFAULT CHARSET=cp1251 */;

INSERT INTO `db_country` VALUES
(1, ' ', '', ''),
(2, ' ', '', ''),
(3, ' ', '', ''),
(4, ' ', '', ''),
(5, ' ', '', ''),
(6, '', '', ''),
(7, ' ', '', ''),
(8, ' ', '', ''),
(9, ' ', '', '');

DROP TABLE IF EXISTS `db_course`;
CREATE TABLE `db_course` (
  `id_course` int(11) NOT NULL AUTO_INCREMENT,
  `name` varchar(60) NOT NULL,
  `sname` varchar(60) NOT NULL,
  `abbr` varchar(50) NOT NULL,
  PRIMARY KEY (`id_course`)
) ENGINE=InnoDB AUTO_INCREMENT=2 /*!40101 DEFAULT CHARSET=cp1251 */;

INSERT INTO `db_course` VALUES
(1, ' ', '', '');

DROP TABLE IF EXISTS `db_cron_config`;
CREATE TABLE `db_cron_config` (
  `id` int(3) NOT NULL AUTO_INCREMENT,
  `date` date NOT NULL,
  `time` int(2) NOT NULL,
  `status` varchar(5) NOT NULL,
  `fields` varchar(100) NOT NULL,
  PRIMARY KEY (`id`)
) ENGINE=InnoDB AUTO_INCREMENT=177 /*!40101 DEFAULT CHARSET=cp1251 */;

INSERT INTO `db_cron_config` VALUES
(80, '2014-07-08', 9, 'OK', 'budget'),
(81, '2014-07-08', 12, 'OK', 'budget'),
(82, '2014-07-08', 15, 'OK', 'budget'),
(83, '2014-07-08', 18, 'OK', 'budget'),
(84, '2014-07-09', 9, 'OK', 'budget'),
(85, '2014-07-09', 12, 'OK', 'budget'),
(86, '2014-07-09', 15, 'OK', 'budget'),
(87, '2014-07-09', 18, 'OK', 'budget'),
(88, '2014-07-10', 9, 'OK', 'budget'),
(89, '2014-07-10', 12, 'OK', 'budget'),
(90, '2014-07-10', 15, 'OK', 'budget'),
(91, '2014-07-10', 18, 'OK', 'budget'),
(92, '2014-07-11', 9, 'OK', 'budget'),
(93, '2014-07-11', 12, 'OK', 'budget'),
(94, '2014-07-11', 15, 'OK', 'budget'),
(95, '2014-07-11', 18, 'OK', 'budget'),
(96, '2014-07-12', 9, 'OK', 'budget'),
(97, '2014-07-12', 12, 'OK', 'budget'),
(98, '2014-07-12', 15, 'OK', 'budget'),
(101, '2014-07-12', 18, 'OK', 'paid'),
(102, '2014-07-14', 9, 'OK', 'paid'),
(103, '2014-07-14', 12, 'OK', 'paid'),
(104, '2014-07-14', 15, 'OK', 'paid'),
(105, '2014-07-14', 18, 'OK', 'paid'),
(106, '2014-07-15', 18, 'OK', 'paid'),
(107, '2014-07-15', 9, 'OK', 'paid'),
(108, '2014-07-15', 12, 'OK', 'paid'),
(109, '2014-07-15', 15, 'OK', 'paid'),
(111, '2014-07-16', 12, 'OK', 'paid'),
(112, '2014-07-16', 15, 'OK', 'paid'),
(113, '2014-07-16', 18, 'OK', 'paid'),
(114, '2014-07-17', 9, 'OK', 'paid'),
(115, '2014-07-17', 12, 'OK', 'paid'),
(116, '2014-07-17', 15, 'OK', 'paid'),
(117, '2014-07-17', 18, 'OK', 'paid'),
(118, '2014-07-18', 9, 'OK', 'paid'),
(119, '2014-07-18', 12, 'OK', 'paid'),
(120, '2014-07-18', 15, 'OK', 'paid'),
(121, '2014-07-18', 18, 'OK', 'paid'),
(122, '2014-07-19', 9, 'OK', 'paid'),
(123, '2014-07-19', 12, 'OK', 'paid'),
(124, '2014-07-19', 15, 'OK', 'paid'),
(125, '2014-07-19', 18, 'OK', 'paid'),
(126, '2014-07-21', 9, 'OK', 'paid'),
(127, '2014-07-21', 12, 'OK', 'paid'),
(128, '2014-07-21', 15, 'OK', 'paid'),
(129, '2014-07-21', 18, 'OK', 'paid'),
(130, '2014-07-22', 9, 'OK', 'paid'),
(131, '2014-07-22', 12, 'OK', 'paid'),
(132, '2014-07-22', 15, 'OK', 'paid'),
(133, '2014-07-22', 18, 'OK', 'paid'),
(134, '2014-07-23', 9, 'OK', 'paid'),
(135, '2014-07-23', 12, 'OK', 'paid'),
(136, '2014-07-23', 15, 'OK', 'paid'),
(137, '2014-07-23', 18, 'OK', 'paid'),
(138, '2014-07-24', 9, 'OK', 'paid'),
(139, '2014-07-24', 12, 'OK', 'paid'),
(140, '2014-07-24', 15, 'OK', 'paid'),
(141, '2014-07-24', 18, 'OK', 'paid'),
(142, '2014-07-25', 9, 'OK', 'paid'),
(143, '2014-07-25', 12, 'OK', 'paid'),
(144, '2014-07-25', 15, 'OK', 'paid'),
(145, '2014-07-25', 18, 'OK', 'paid'),
(146, '2014-07-26', 9, 'READY', 'paid'),
(147, '2014-07-26', 12, 'OK', 'paid'),
(148, '2014-07-26', 15, 'OK', 'paid'),
(149, '2014-07-26', 18, 'OK', 'paid'),
(150, '2014-07-28', 9, 'OK', 'paid'),
(151, '2014-07-28', 12, 'OK', 'paid'),
(152, '2014-07-28', 15, 'OK', 'paid'),
(153, '2014-07-28', 18, 'OK', 'paid'),
(154, '2014-07-29', 9, 'OK', 'paid'),
(155, '2014-07-29', 12, 'OK', 'paid'),
(156, '2014-07-29', 15, 'OK', 'paid'),
(157, '2014-07-29', 18, 'OK', 'paid'),
(158, '2014-07-30', 9, 'OK', 'paid'),
(159, '2014-07-30', 12, 'OK', 'paid'),
(160, '2014-07-30', 15, 'OK', 'paid'),
(161, '2014-07-30', 18, 'OK', 'paid'),
(162, '2014-07-31', 9, 'OK', 'paid'),
(163, '2014-07-31', 12, 'OK', 'paid'),
(164, '2014-07-31', 15, 'OK', 'paid'),
(165, '2014-07-31', 18, 'OK', 'paid'),
(166, '2014-08-01', 9, 'OK', 'paid'),
(167, '2014-08-01', 12, 'OK', 'paid'),
(168, '2014-08-01', 15, 'OK', 'paid'),
(169, '2014-08-01', 18, 'OK', 'paid'),
(170, '2014-08-02', 9, 'OK', 'paid'),
(171, '2014-08-02', 12, 'OK', 'paid'),
(172, '2014-08-02', 15, 'OK', 'paid'),
(173, '2014-08-02', 18, 'OK', 'paid'),
(174, '2014-08-04', 9, 'OK', 'paid'),
(175, '2014-08-04', 12, 'OK', 'paid'),
(176, '2014-08-04', 15, 'OK', 'paid');

DROP TABLE IF EXISTS `db_ct`;
CREATE TABLE `db_ct` (
  `id_ct` int(11) NOT NULL AUTO_INCREMENT,
  `name` varchar(60) NOT NULL,
  `sname` varchar(60) NOT NULL,
  `abbr` varchar(50) NOT NULL,
  PRIMARY KEY (`id_ct`)
) ENGINE=InnoDB AUTO_INCREMENT=4 /*!40101 DEFAULT CHARSET=cp1251 */;

INSERT INTO `db_ct` VALUES
(1, '', '', ''),
(2, 'I  ', '', ''),
(3, '', '', '');

DROP TABLE IF EXISTS `db_ct_info`;
CREATE TABLE `db_ct_info` (
  `id_ct_info` int(11) NOT NULL AUTO_INCREMENT,
  `surname` varchar(60) NOT NULL,
  `name` varchar(60) NOT NULL,
  `midname` varchar(60) NOT NULL,
  `serial` varchar(10) NOT NULL,
  `number` varchar(10) NOT NULL,
  `lct_sum` int(11) NOT NULL,
  `lct_sn` varchar(50) NOT NULL,
  `lct_xn` varchar(50) NOT NULL,
  `cct_sum` int(11) NOT NULL,
  `cct_sn` varchar(50) NOT NULL,
  `cct_xn` varchar(50) NOT NULL,
  `bct_sum` int(11) NOT NULL,
  `bct_sn` varchar(50) NOT NULL,
  `bct_xn` varchar(50) NOT NULL,
  PRIMARY KEY (`id_ct_info`),
  UNIQUE KEY `serial` (`serial`,`number`)
) ENGINE=InnoDB /*!40101 DEFAULT CHARSET=cp1251 */;

DROP TABLE IF EXISTS `db_cut`;
CREATE TABLE `db_cut` (
  `id_cut` int(11) NOT NULL AUTO_INCREMENT,
  `name` varchar(60) NOT NULL,
  `sname` varchar(60) NOT NULL,
  `abbr` varchar(50) NOT NULL,
  `dt` datetime NOT NULL,
  `owner_id` int(11) NOT NULL,
  PRIMARY KEY (`id_cut`)
) ENGINE=InnoDB /*!40101 DEFAULT CHARSET=cp1251 */;

DROP TABLE IF EXISTS `db_dicttemp`;
CREATE TABLE `db_dicttemp` (
  `id_dicttemp` int(11) NOT NULL AUTO_INCREMENT,
  `value` int(11) NOT NULL,
  PRIMARY KEY (`id_dicttemp`)
) ENGINE=InnoDB AUTO_INCREMENT=3 /*!40101 DEFAULT CHARSET=cp1251 */;

INSERT INTO `db_dicttemp` VALUES
(1, 1),
(2, 2);

DROP TABLE IF EXISTS `db_dual_mode`;
CREATE TABLE `db_dual_mode` (
  `id_dual_mode` int(11) NOT NULL AUTO_INCREMENT,
  `name` varchar(60) NOT NULL,
  `sname` varchar(60) NOT NULL,
  `abbr` varchar(50) NOT NULL,
  PRIMARY KEY (`id_dual_mode`)
) ENGINE=InnoDB AUTO_INCREMENT=2 /*!40101 DEFAULT CHARSET=cp1251 */;

INSERT INTO `db_dual_mode` VALUES
(1, ' ', '', '+/');

DROP TABLE IF EXISTS `db_education`;
CREATE TABLE `db_education` (
  `id_education` int(11) NOT NULL AUTO_INCREMENT,
  `name` varchar(50) NOT NULL,
  `sname` varchar(50) NOT NULL,
  `abbr` varchar(50) NOT NULL,
  PRIMARY KEY (`id_education`)
) ENGINE=InnoDB AUTO_INCREMENT=3 /*!40101 DEFAULT CHARSET=cp1251 */;

INSERT INTO `db_education` VALUES
(1, ' ', ' ', '/'),
(2, '  ', ' ', '/');

DROP TABLE IF EXISTS `db_ef`;
CREATE TABLE `db_ef` (
  `id_ef` int(11) NOT NULL AUTO_INCREMENT,
  `name` varchar(60) NOT NULL,
  `sname` varchar(60) NOT NULL,
  `abbr` varchar(11) NOT NULL,
  `order_extract` varchar(100) NOT NULL,
  `notification` varchar(100) NOT NULL,
  PRIMARY KEY (`id_ef`)
) ENGINE=InnoDB AUTO_INCREMENT=3 /*!40101 DEFAULT CHARSET=cp1251 */;

INSERT INTO `db_ef` VALUES
(1, '', '', '', '    ', ''),
(2, '', '', '', '  ', '');

DROP TABLE IF EXISTS `db_experience`;
CREATE TABLE `db_experience` (
  `id_experience` int(11) NOT NULL AUTO_INCREMENT,
  `name` varchar(60) NOT NULL,
  `sname` varchar(60) NOT NULL,
  `abbr` varchar(50) NOT NULL,
  PRIMARY KEY (`id_experience`)
) ENGINE=InnoDB AUTO_INCREMENT=5 /*!40101 DEFAULT CHARSET=cp1251 */;

INSERT INTO `db_experience` VALUES
(1, ' ', '', ''),
(2, ' ', '', ''),
(3, '  ', '', ''),
(4, ' ', '', '');

DROP TABLE IF EXISTS `db_faculty`;
CREATE TABLE `db_faculty` (
  `id` int(11) NOT NULL AUTO_INCREMENT,
  `name` varchar(60) NOT NULL,
  `sname` varchar(60) NOT NULL,
  `abbr` varchar(60) NOT NULL,
  `idelo` int(11) NOT NULL,
  `spec` varchar(50) NOT NULL,
  `speccode` varchar(50) NOT NULL,
  `place` varchar(200) NOT NULL,
  `chief` varchar(200) NOT NULL,
  `chief_phone` varchar(200) NOT NULL,
  `order_extract` varchar(100) NOT NULL,
  PRIMARY KEY (`id`)
) ENGINE=InnoDB AUTO_INCREMENT=8 /*!40101 DEFAULT CHARSET=cp1251 */;

INSERT INTO `db_faculty` VALUES
(1, '', '', '', 0, ' ', '1-79 01 01', ' 5   ', '  ', '(+375 17) 272 61 02', ''),
(2, '-', '-', '', 0, '- ', '1-79 01 03', ' 4   ', '  ', '(+375 17) 272 67 56', '-'),
(3, '', '', '', 0, '', '1-79 01 02', ' 5   ', '  ', '(+375 17) 272 55 95', ''),
(4, '', '', '', 0, '', '1-79 01 07', ' 5   ', '  ', '(+ 375 17)  272 67 58', ''),
(5, '-', '-', '', 0, ' ', '1-79 01 01', '  1', '.   ', '(+ 375 17) 285 66 83', '-'),
(6, '', '', '', 0, '', '1-79 01 08', ' 10   ', '.   ', '(+ 375 17) 271 03 54', ''),
(7, '', '', '', 0, '', '', '', '', '', '');

DROP TABLE IF EXISTS `db_fax`;
CREATE TABLE `db_fax` (
  `id_fax` int(11) NOT NULL AUTO_INCREMENT,
  `name` varchar(60) NOT NULL,
  `sname` varchar(60) NOT NULL,
  `abbr` varchar(50) NOT NULL,
  `person_id` int(11) NOT NULL,
  `call_date` timestamp NOT NULL /*!40101 DEFAULT CURRENT_TIMESTAMP ON UPDATE CURRENT_TIMESTAMP */,
  `call_request` text NOT NULL,
  `call_response` text NOT NULL,
  `caller_id` int(11) NOT NULL,
  PRIMARY KEY (`id_fax`)
) ENGINE=InnoDB /*!40101 DEFAULT CHARSET=cp1251 */;

DROP TABLE IF EXISTS `db_field_macro`;
CREATE TABLE `db_field_macro` (
  `id_field_macro` int(11) NOT NULL AUTO_INCREMENT,
  `name` text NOT NULL,
  `sname` text NOT NULL,
  `abbr` varchar(50) NOT NULL,
  PRIMARY KEY (`id_field_macro`),
  UNIQUE KEY `abbr` (`abbr`)
) ENGINE=InnoDB /*!40101 DEFAULT CHARSET=cp1251 */;

DROP TABLE IF EXISTS `db_files`;
CREATE TABLE `db_files` (
  `id_files` int(11) NOT NULL AUTO_INCREMENT,
  `name` varchar(200) NOT NULL,
  `cuid` int(11) NOT NULL,
  `ctime` datetime NOT NULL,
  `size` int(11) NOT NULL,
  `block` longblob NOT NULL,
  PRIMARY KEY (`id_files`)
) ENGINE=InnoDB /*!40101 DEFAULT CHARSET=cp1251 */;

DROP TABLE IF EXISTS `db_fixation`;
CREATE TABLE `db_fixation` (
  `id_fixation` int(11) NOT NULL AUTO_INCREMENT,
  `name` varchar(200) NOT NULL,
  `ts` datetime NOT NULL,
  PRIMARY KEY (`id_fixation`)
) ENGINE=InnoDB /*!40101 DEFAULT CHARSET=utf8 */;

DROP TABLE IF EXISTS `db_fixed_target`;
CREATE TABLE `db_fixed_target` (
  `id_fixed_target` int(11) NOT NULL AUTO_INCREMENT,
  `fixation_id` int(11) NOT NULL,
  `faculty` int(11) NOT NULL,
  `time_form_id` int(11) NOT NULL,
  `edu_form` int(11) NOT NULL,
  `target` int(11) NOT NULL,
  `target_type` int(11) NOT NULL,
  `target_cell` int(11) NOT NULL,
  `region_cell` int(11) NOT NULL,
  `total` int(11) NOT NULL,
  `person_id` int(11) NOT NULL,
  `delo_name` varchar(10) NOT NULL,
  `state_id` int(11) NOT NULL,
  PRIMARY KEY (`id_fixed_target`)
) ENGINE=InnoDB /*!40101 DEFAULT CHARSET=utf8 */;

DROP TABLE IF EXISTS `db_grade`;
CREATE TABLE `db_grade` (
  `id_grade` int(11) NOT NULL AUTO_INCREMENT,
  `name` varchar(60) NOT NULL,
  `sname` varchar(60) NOT NULL,
  `abbr` varchar(50) NOT NULL,
  PRIMARY KEY (`id_grade`)
) ENGINE=InnoDB AUTO_INCREMENT=4 /*!40101 DEFAULT CHARSET=cp1251 */;

INSERT INTO `db_grade` VALUES
(1, '', '', ''),
(2, '', '', ''),
(3, ' ', '', '');

DROP TABLE IF EXISTS `db_groups`;
CREATE TABLE `db_groups` (
  `id_group` int(11) NOT NULL AUTO_INCREMENT,
  `groupkey` varchar(60) NOT NULL,
  `groupname` varchar(60) NOT NULL,
  PRIMARY KEY (`id_group`)
) ENGINE=InnoDB AUTO_INCREMENT=11 /*!40101 DEFAULT CHARSET=cp1251 */;

INSERT INTO `db_groups` VALUES
(1, '', 'Admins'),
(3, 'Editors', ''),
(4, 'ex', ' '),
(5, 'sec', ''),
(6, 'phone', ''),
(7, '', ''),
(8, 'kanc', ''),
(9, 'valid', ''),
(10, 'tso', '');

DROP TABLE IF EXISTS `db_help`;
CREATE TABLE `db_help` (
  `id_help` int(11) NOT NULL AUTO_INCREMENT,
  `name` varchar(60) NOT NULL,
  `sname` varchar(60) NOT NULL,
  `abbr` varchar(50) NOT NULL,
  `page` varchar(60) NOT NULL,
  `par` text NOT NULL,
  PRIMARY KEY (`id_help`)
) ENGINE=InnoDB AUTO_INCREMENT=6 /*!40101 DEFAULT CHARSET=cp1251 */;

INSERT INTO `db_help` VALUES
(1, '', '', '', 'login.php', '      .     -   .'),
(2, ' ', '', '', 'index.php', '     .'),
(3, '', '', '', 'precreate.php', '         .'),
(4, '', '', '', 'precreate.php', '    .  MC, KH  ..'),
(5, '', '', '', 'precreate.php', '     (     2 ,  1234567).');

DROP TABLE IF EXISTS `db_history`;
CREATE TABLE `db_history` (
  `id_history` int(11) NOT NULL AUTO_INCREMENT,
  `ts` timestamp NOT NULL /*!40101 DEFAULT CURRENT_TIMESTAMP ON UPDATE CURRENT_TIMESTAMP */,
  `person_id` int(11) NOT NULL,
  `user_id` int(11) NOT NULL,
  `field` varchar(50) NOT NULL,
  `value_old` varchar(100) NOT NULL,
  `value_new` varchar(100) NOT NULL,
  PRIMARY KEY (`id_history`)
) ENGINE=InnoDB /*!40101 DEFAULT CHARSET=cp1251 */;

DROP TABLE IF EXISTS `db_hostel`;
CREATE TABLE `db_hostel` (
  `id_hostel` int(11) NOT NULL AUTO_INCREMENT,
  `name` varchar(60) NOT NULL,
  `sname` varchar(60) NOT NULL,
  `abbr` varchar(50) NOT NULL,
  PRIMARY KEY (`id_hostel`)
) ENGINE=InnoDB AUTO_INCREMENT=3 /*!40101 DEFAULT CHARSET=cp1251 */;

INSERT INTO `db_hostel` VALUES
(1, '', '', ''),
(2, ' ', '', '');

DROP TABLE IF EXISTS `db_inst_rank`;
CREATE TABLE `db_inst_rank` (
  `id_inst_rank` int(11) NOT NULL AUTO_INCREMENT,
  `name` varchar(60) NOT NULL,
  `sname` varchar(60) NOT NULL,
  `abbr` varchar(50) NOT NULL,
  PRIMARY KEY (`id_inst_rank`)
) ENGINE=InnoDB AUTO_INCREMENT=5 /*!40101 DEFAULT CHARSET=cp1251 */;

INSERT INTO `db_inst_rank` VALUES
(1, ' ', '', ''),
(2, 'e ', '', ''),
(3, '-', '', ''),
(4, '', '', '');

DROP TABLE IF EXISTS `db_institution`;
CREATE TABLE `db_institution` (
  `id_institution` int(11) NOT NULL AUTO_INCREMENT,
  `name` varchar(60) NOT NULL,
  `sname` varchar(60) NOT NULL,
  `abbr` varchar(60) NOT NULL,
  `issued` varchar(50) NOT NULL,
  PRIMARY KEY (`id_institution`)
) ENGINE=InnoDB AUTO_INCREMENT=10 /*!40101 DEFAULT CHARSET=cp1251 */;

INSERT INTO `db_institution` VALUES
(1, ' ', '', '', ''),
(2, '', '', '', ''),
(3, '', '', '', ''),
(4, '', '', '', ''),
(5, '', '', '', ''),
(6, '', '', '', ''),
(7, '', '', '', ''),
(8, '', '', '', ''),
(9, ' ', '', '', '. -');

DROP TABLE IF EXISTS `db_invalid`;
CREATE TABLE `db_invalid` (
  `id_invalid` int(11) NOT NULL AUTO_INCREMENT,
  `name` varchar(60) NOT NULL,
  `sname` varchar(60) NOT NULL,
  `abbr` varchar(50) NOT NULL,
  PRIMARY KEY (`id_invalid`)
) ENGINE=InnoDB AUTO_INCREMENT=8 /*!40101 DEFAULT CHARSET=cp1251 */;

INSERT INTO `db_invalid` VALUES
(1, 'I .', '', ''),
(2, 'II .', '', ''),
(3, 'III .', '', ''),
(4, '4 ', '', ''),
(5, '3 ', '', ''),
(6, '2 ', '', ''),
(7, '1 ', '', '');

DROP TABLE IF EXISTS `db_inventory_doc`;
CREATE TABLE `db_inventory_doc` (
  `id_inventory_doc` int(11) NOT NULL AUTO_INCREMENT,
  `name` varchar(60) NOT NULL,
  `sname` varchar(60) NOT NULL,
  `abbr` varchar(50) NOT NULL,
  `code` text NOT NULL,
  PRIMARY KEY (`id_inventory_doc`)
) ENGINE=InnoDB AUTO_INCREMENT=87 /*!40101 DEFAULT CHARSET=cp1251 */;

INSERT INTO `db_inventory_doc` VALUES
(1, '', '', '', 'return \'\';'),
(2, '  ', '', '', 'return \'\';\\return \' \';'),
(3, '/', '', '', 'return $edu_doc;'),
(4, ' /', '', '', 'return \' \'.lowercase($edu_doc).\'\';'),
(5, '  /', '', '', 'return \' \'.lowercase($edu_doc).\'\';'),
(6, '  /', '', '', 'return \'  \'.lowercase($edu_doc).\'\';'),
(7, '  III . . ', '', '', 'return \' \';\\return \'III . . \';'),
(8, '    ', '', '', 'return \' \';\\return \'  \';'),
(9, '   - ', '', '', 'return \' \';\\return \' -\';\\return \'\';'),
(10, '   ', '', '', 'return \' \';\\ return \' \';'),
(11, ' ', '', '', 'return \' \';'),
(12, '   ', '', '', 'return \' \';\\ return \' \';'),
(13, '    ', '', '', 'return \' \';\\return \' \';\\return \' \';'),
(14, '    ', '', '', 'return \' \';\\ return \'  \';'),
(15, '   ', '', '', 'return \' \';\\return \' \';'),
(16, '   ', '', '', 'return \'  \';\\return \'\';'),
(17, '   ', '', '', 'return \'  \';\\return \'\';'),
(18, '  ', '', '', 'return \'  \';'),
(19, '  ', '', '', 'return \'\';\\return \' \';'),
(20, '  ', '', '', 'return \'\';\\return \' \';'),
(21, ' ', '', '', 'return \' \';'),
(22, ' ', '', '', 'return \' \';'),
(23, ' ', '', '', 'return \' \';'),
(24, '  ', '', '', 'return \'\';\\return \' \';'),
(25, '  ', '', '', 'return \'\';\\return \' \';'),
(26, ' ', '', '', 'return \' \';'),
(27, '   ', '', '', 'return \'   \';'),
(28, '   ', '', '', 'return \'   \';'),
(29, '    ', '', '', 'return \' \';\\return \'  \';'),
(30, '    ', '', '', 'return \' \';\\return \'  \';'),
(31, ' ', '', '', 'return \' \';'),
(32, '   ', '', '', 'return \' \';\\return \' \';'),
(33, '  ', '', '', 'return \'  \';'),
(34, '    ', '', '', 'return \' \';\\return \'  \';'),
(35, '  ', '', '', 'return \' \';\\return \'\';'),
(36, '  ', '', '', 'return \'\';\\return \' \';'),
(37, ' ', '', '', 'return \' \';'),
(38, ' ', '', '', 'return \' :\';\\return \' \'.$p->lct_sn.\' \'.$p->lct_xn;\\return \'. \'.$p->bct_sn.\' \'.$p->bct_xn;\\return \'. \'.$p->cct_sn.\' \'.$p->cct_xn;'),
(39, '      ', '', '', 'return \'  \';\\return \'   \';'),
(40, '  ', '', '', 'return \'  \';'),
(41, '', '', '', 'return \'\';'),
(42, '  ', '', '', 'return \'  \';'),
(43, '     ', '', '', 'return \'  \';\\return \'  \';'),
(44, '   ', '', '', 'return \'  \';\\return \'\';'),
(45, '', '', '', 'return \'\';'),
(46, '   ', '', '', 'return \' \';\\return \'\';\\return  \'\';'),
(47, '    ', '', '', 'return \' \';\\return \'  \';'),
(48, '  ', '', '', 'return \'  \';'),
(49, '  ', '', '', 'return \'  \';'),
(50, '  ', '', '', 'return \'  \';'),
(51, '  ', '', '', 'return \'  \';'),
(52, ' /', '', '', 'return \' \'.lowercase($edu_doc).\'\';'),
(53, '   ', '', '', 'return \' \';\\return \' \';'),
(54, '', '', '', 'return \'\';'),
(55, ' ', '', '', 'return \' \';'),
(56, '', '', '', 'return \'\';'),
(57, '   ', '', '', 'return \' \';\\return \' \';'),
(58, ' ', '', '', 'return \' \';'),
(59, '   /', '', '', 'return \'  \';\\return \' \'.lowercase($edu_doc).\'\';'),
(60, '    ', '', '', 'return \'  \';\\return \' \'.lowercase($edu_doc).\'\';'),
(61, '   ', '', '', 'return \'  \';\\return \'\';'),
(62, '     ', '', '', 'return \'  \';\\return \'  \';\\return \'  \';'),
(63, '    ', '', '', 'return \'  \';\\return \' \';'),
(64, '  ( )', '', '', 'return \' \';'),
(65, '    ( )', '', '', 'return \'  \';\\return \' \';'),
(66, '    ( )', '', '', 'return \'  \';\\return \' \';'),
(67, '    ', '', '', 'return \'    \';\\return lowercase($edu_doc).\'\';'),
(68, '     /', '', '', 'return \'   \';\\return \'  \'.lowercase($edu_doc).\'\';'),
(69, '     ', '', '', 'return \' \';\\ return \'   \';\\ return \' \';'),
(70, '   ', '', '', 'return \' \';\\return \' \';'),
(71, ' ', '', '', 'return \'   \';\\return \'  \';\\return \'  \';'),
(72, '     ', '', '', 'return \' \';\\return \'   \';'),
(73, '  ', '', '', 'return \'  \';'),
(74, '    ', '', '', 'return \' \';\\return \'  \';'),
(75, '   ', '', '', 'return \'  \';\\return \'\';'),
(76, '  ', '', '', 'return \' \';\\return \'\';'),
(77, ' ', '', '', 'return \' \';'),
(78, '  ', '', '', 'return \' \';\\return \'\';'),
(79, '    ', '', '', 'return \' \' ;\\return \'\';\\return \'\' ;\\return \'\';'),
(80, '    ', '', '', 'return \' \';\\ return \'  \';'),
(81, '   ', '', '', 'return \'   \';\\return \'\';'),
(82, '      ', '', '', 'return \'   \';\\return \'  \';'),
(83, '   ', '', '', 'return \' \';\\return \' \';'),
(84, '     ', '', '', 'return \' \';\\ return \'   \';'),
(85, '  ', '', '', 'return \'  \';'),
(86, '  ', '', '', 'return \'  \';');

DROP TABLE IF EXISTS `db_ir_relation`;
CREATE TABLE `db_ir_relation` (
  `id_ir_relation` int(11) NOT NULL AUTO_INCREMENT,
  `inst_rank_id` int(11) NOT NULL,
  `institution_id` int(11) NOT NULL,
  PRIMARY KEY (`id_ir_relation`)
) ENGINE=InnoDB AUTO_INCREMENT=14 /*!40101 DEFAULT CHARSET=cp1251 */;

INSERT INTO `db_ir_relation` VALUES
(1, 1, 1),
(2, 1, 2),
(3, 1, 3),
(4, 1, 4),
(5, 2, 2),
(6, 2, 3),
(7, 2, 7),
(8, 1, 9),
(9, 3, 5),
(10, 3, 7),
(11, 3, 3),
(12, 4, 6),
(13, 2, 8);

DROP TABLE IF EXISTS `db_keys`;
CREATE TABLE `db_keys` (
  `id_keys` int(11) NOT NULL AUTO_INCREMENT,
  `keystring` varchar(60) NOT NULL,
  `keyname` varchar(60) NOT NULL,
  PRIMARY KEY (`id_keys`)
) ENGINE=InnoDB AUTO_INCREMENT=109 /*!40101 DEFAULT CHARSET=cp1251 */;

INSERT INTO `db_keys` VALUES
(1, '*', 'Wildcard'),
(2, 'control.acls', ' '),
(3, 'person.pop_chain', ''),
(4, 'person.advsearch', ' '),
(5, 'report.analog', ''),
(6, 'analog.test', ''),
(7, 'api', ''),
(8, 'control.applog', ''),
(9, 'person.average', '     '),
(10, 'report.ball', ' '),
(11, 'control.benefits', ''),
(12, 'control.certificates', ''),
(13, 'person.change', ' '),
(14, 'person.changes', ' '),
(15, 'person.close', ' '),
(16, 'control.communitys', ' '),
(17, 'control', ''),
(18, 'control.countrys', ''),
(19, 'control.courses', ''),
(20, 'person.create', ' '),
(21, 'control.ct_info_load', '  '),
(22, 'control.cts', ''),
(23, 'debug', ''),
(24, 'person.defaults', '  '),
(25, 'debug.desql', 'SQL'),
(26, 'control.devnull', ''),
(27, 'control.devtest', ''),
(28, 'control.devzero', ''),
(29, 'report.discrete', ''),
(30, 'report.discrete_raw', '   '),
(31, 'control.dual_modes', '. '),
(32, 'person.edit', ' '),
(33, 'control.edu_forms', ' '),
(34, 'control.educations', ''),
(35, 'person.envelop', ''),
(36, 'control.experiences', ''),
(37, 'person.export', ''),
(38, 'control.facultys', ''),
(39, 'control.field_macros', ' '),
(40, 'files', ''),
(41, 'control.grades', ''),
(42, 'person.groupedit', ' '),
(43, 'control.groups', ' '),
(44, 'person.history', ' '),
(45, 'control.hostels', ''),
(46, 'index', ''),
(47, 'control.inst_ranks', ' '),
(48, 'control.institutions', ' '),
(49, 'control.inventory_doc', '   '),
(50, 'control.inventory_docs', ''),
(51, 'control.inventory_wizard', ''),
(52, 'control.keys', ' '),
(53, 'control.lang_levels', ' '),
(54, 'control.languages', ''),
(55, 'person.listcase', ' '),
(56, 'control.macro', ''),
(57, 'control.militarys', ''),
(58, 'control.months', ''),
(59, 'person.move', ''),
(60, 'control.nametowns', ''),
(61, 'report.note', ''),
(62, 'note.test', ''),
(63, 'person.notification', ''),
(64, 'control.others', ''),
(65, 'phones', ''),
(66, 'control.pipelines', ' '),
(67, 'control.plancells', ' '),
(68, 'control.planform', ' '),
(69, 'person.pool', ' '),
(70, 'person.precreate', ''),
(71, 'control.presidents', ''),
(72, 'person.print', ''),
(73, 'person.qs', ' '),
(74, 'person.query', ''),
(75, 'control.querys', ''),
(76, 'person.rakeup', ' '),
(77, 'real_chain.view', ''),
(78, 'control.reasoffs', '  '),
(79, 'control.reasons', '  '),
(80, 'person.receipt', ''),
(81, 'control.regions', ''),
(82, 'control.republics', ' '),
(83, 'control.savefields', '  '),
(84, 'person.search', ''),
(85, 'secretary', ''),
(86, 'control.settings', ''),
(87, 'control.sexs', ''),
(88, 'control.smalltowns', ' '),
(89, 'control.stalkers', ' '),
(90, 'control.states', ' '),
(91, 'control.students', ' '),
(92, 'control.subdivs', ' '),
(93, 'control.submissions', ' '),
(94, 'person.submitted', ' '),
(95, 'control.targetcells', ' '),
(96, 'control.targets', ''),
(97, 'control.targettypes', ' '),
(98, 'control.tasks', ''),
(99, 'temp_chain.view', ''),
(100, 'control.time_forms', ' '),
(101, 'person.transmit', ' '),
(102, 'control.trys', ''),
(103, 'control.users', ''),
(104, 'person.view', ''),
(105, 'control.voenmeds', ' '),
(106, 'person.walking', ''),
(107, 'control.wouldbes', ''),
(108, 'control.xclasss', '');

DROP TABLE IF EXISTS `db_klik`;
CREATE TABLE `db_klik` (
  `id_klik` int(11) NOT NULL AUTO_INCREMENT,
  `name` varchar(60) NOT NULL,
  `sname` varchar(60) NOT NULL,
  `abbr` varchar(50) NOT NULL,
  PRIMARY KEY (`id_klik`)
) ENGINE=InnoDB AUTO_INCREMENT=2 /*!40101 DEFAULT CHARSET=cp1251 */;

INSERT INTO `db_klik` VALUES
(1, '', 'check.php', '');

DROP TABLE IF EXISTS `db_lang_level`;
CREATE TABLE `db_lang_level` (
  `id_lang_level` int(11) NOT NULL AUTO_INCREMENT,
  `name` varchar(60) NOT NULL,
  `sname` varchar(60) NOT NULL,
  `abbr` varchar(50) NOT NULL,
  PRIMARY KEY (`id_lang_level`)
) ENGINE=InnoDB AUTO_INCREMENT=4 /*!40101 DEFAULT CHARSET=cp1251 */;

INSERT INTO `db_lang_level` VALUES
(1, '', '', ''),
(2, '', '', ''),
(3, '', '', '');

DROP TABLE IF EXISTS `db_language`;
CREATE TABLE `db_language` (
  `id_language` int(11) NOT NULL AUTO_INCREMENT,
  `name` varchar(60) NOT NULL,
  `sname` varchar(60) NOT NULL,
  `abbr` varchar(50) NOT NULL,
  PRIMARY KEY (`id_language`)
) ENGINE=InnoDB AUTO_INCREMENT=8 /*!40101 DEFAULT CHARSET=cp1251 */;

INSERT INTO `db_language` VALUES
(1, '', '', ''),
(2, '', '', ''),
(3, 'c', '', ''),
(4, '', '', ''),
(5, '', '', ''),
(6, '', '', ''),
(7, '', '', '');

DROP TABLE IF EXISTS `db_mail`;
CREATE TABLE `db_mail` (
  `id_mail` int(11) NOT NULL AUTO_INCREMENT,
  `name` varchar(60) NOT NULL,
  `sname` varchar(60) NOT NULL,
  `abbr` varchar(50) NOT NULL,
  `person_id` int(11) NOT NULL,
  `call_date` timestamp NOT NULL /*!40101 DEFAULT CURRENT_TIMESTAMP ON UPDATE CURRENT_TIMESTAMP */,
  `call_request` text NOT NULL,
  `call_response` text NOT NULL,
  `caller_id` int(11) NOT NULL,
  PRIMARY KEY (`id_mail`)
) ENGINE=InnoDB /*!40101 DEFAULT CHARSET=cp1251 */;

DROP TABLE IF EXISTS `db_military`;
CREATE TABLE `db_military` (
  `id_military` int(11) NOT NULL AUTO_INCREMENT,
  `name` varchar(60) NOT NULL,
  `sname` varchar(60) NOT NULL,
  `abbr` varchar(50) NOT NULL,
  PRIMARY KEY (`id_military`)
) ENGINE=InnoDB AUTO_INCREMENT=3 /*!40101 DEFAULT CHARSET=cp1251 */;

INSERT INTO `db_military` VALUES
(1, '', '', ''),
(2, '', '', '');

DROP TABLE IF EXISTS `db_month`;
CREATE TABLE `db_month` (
  `id_month` int(11) NOT NULL AUTO_INCREMENT,
  `name` varchar(60) NOT NULL,
  `sname` varchar(60) NOT NULL,
  `abbr` varchar(50) NOT NULL,
  `issued` varchar(60) NOT NULL,
  PRIMARY KEY (`id_month`)
) ENGINE=InnoDB AUTO_INCREMENT=13 /*!40101 DEFAULT CHARSET=cp1251 */;

INSERT INTO `db_month` VALUES
(1, '', '', '', ''),
(2, '', '', '', ''),
(3, '', '', '', ''),
(4, '', '', '', ''),
(5, '', '', '', ''),
(6, '', '', '', ''),
(7, '', '', '', ''),
(8, '', '', '', ''),
(9, '', '', '', ''),
(10, '', '', '', ''),
(11, '', '', '', ''),
(12, '', '', '', '');

DROP TABLE IF EXISTS `db_move_journal`;
CREATE TABLE `db_move_journal` (
  `id_move_journal` int(11) NOT NULL AUTO_INCREMENT,
  `prev_person_id` int(11) NOT NULL,
  `next_person_id` int(11) NOT NULL,
  `mover_id` int(11) NOT NULL,
  `ts` timestamp NOT NULL /*!40101 DEFAULT CURRENT_TIMESTAMP ON UPDATE CURRENT_TIMESTAMP */,
  PRIMARY KEY (`id_move_journal`)
) ENGINE=InnoDB /*!40101 DEFAULT CHARSET=cp1251 */;

DROP TABLE IF EXISTS `db_n`;
CREATE TABLE `db_n` (
  `id` int(11) NOT NULL AUTO_INCREMENT,
  `person_id` int(11) NOT NULL,
  `faculty` int(11) NOT NULL,
  PRIMARY KEY (`id`)
) ENGINE=InnoDB /*!40101 DEFAULT CHARSET=cp1251 */;

DROP TABLE IF EXISTS `db_nametown`;
CREATE TABLE `db_nametown` (
  `id_nametown` int(11) NOT NULL AUTO_INCREMENT,
  `name` varchar(60) NOT NULL,
  `sname` varchar(60) NOT NULL,
  `abbr` varchar(50) NOT NULL,
  `town` varchar(200) NOT NULL,
  `region_by` int(11) NOT NULL,
  PRIMARY KEY (`id_nametown`)
) ENGINE=InnoDB AUTO_INCREMENT=206 /*!40101 DEFAULT CHARSET=cp1251 */;

INSERT INTO `db_nametown` VALUES
(1, '', '', '', '. ', 1),
(2, '', '', '', '. ', 1),
(3, '', '', '', '. ', 1),
(4, '', '', '', '. . ', 1),
(5, '', '', '', '. ', 1),
(6, '', '', '', '. ', 1),
(7, '', '', '', '.. ', 1),
(8, '', '', '', '. ', 1),
(9, '', '', '', '. ', 1),
(10, '', '', '', '.. ', 1),
(11, '', '', '', '. ', 1),
(12, '', '', '', '. ', 1),
(13, '', '', '', '. ', 1),
(14, '', '', '', '. ', 1),
(15, '', '', '', '.. ', 1),
(16, '', '', '', '. ', 1),
(17, '', '', '', '. ', 1),
(18, '', '', '', '. ', 1),
(19, '', '', '', '. ', 1),
(20, '', '', '', '. ', 1),
(21, '', '', '', '. ', 1),
(22, '', '', '', '. ', 1),
(23, '', '', '', '.. ', 1),
(24, '', '', '', '. ', 1),
(25, '', '', '', '.. ', 1),
(26, '', '', '', '.. ', 1),
(27, '', '', '', '. ', 1),
(28, '', '', '', '. -', 1),
(29, '', '', '', '.. ', 1),
(30, '', '', '', '. ', 2),
(31, '', '', '', '.. ', 2),
(32, '', '', '', '. ', 2),
(33, '', '', '', '.. ', 2),
(34, '', '', '', '. ', 2),
(35, '', '', '', '. ', 2),
(36, '', '', '', '.. ', 2),
(37, '', '', '', '. ', 2),
(38, '', '', '', '.. ', 2),
(39, '', '', '', '. ', 2),
(40, '', '', '', '.. ', 2),
(41, '', '', '', '. ', 2),
(42, '', '', '', '.. ', 2),
(43, '', '', '', '.. ', 2),
(44, '', '', '', '.. ', 2),
(45, '', '', '', '. ', 2),
(46, '', '', '', '.. ', 2),
(47, '', '', '', '. ', 2),
(48, '', '', '', '.. ', 2),
(49, '', '', '', '. ', 2),
(50, '', '', '', '.. ', 2),
(51, '', '', '', '. ', 2),
(52, '', '', '', '. ', 2),
(53, '', '', '', '.. ', 2),
(54, '', '', '', '. ', 2),
(55, '', '', '', '. ', 2),
(56, '', '', '', '.. ', 2),
(57, '', '', '', '.. ', 2),
(58, '', '', '', '.. ', 2),
(59, '', '', '', '. ', 2),
(60, '', '', '', '.. ', 2),
(61, '', '', '', '.. ', 2),
(62, '', '', '', '.. ', 2),
(63, '', '', '', '. ', 2),
(64, '', '', '', '.. ', 2),
(65, '', '', '', '. ', 2),
(66, '', '', '', '.. ', 2),
(67, '', '', '', '.. ', 2),
(68, '', '', '', '. ', 2),
(69, '', '', '', '. ', 2),
(70, '', '', '', '.. ', 2),
(71, '', '', '', '.. ', 2),
(72, '', '', '', '.. ', 2),
(73, '', '', '', '. ', 3),
(74, '', '', '', '.. ', 3),
(75, '', '', '', '.. ', 3),
(76, '', '', '', '.. ', 3),
(77, '', '', '', '. -', 3),
(78, '', '', '', '.. ', 3),
(79, '', '', '', '. ', 3),
(80, '', '', '', '.. ', 3),
(81, '', '', '', '. ', 3),
(82, '', '', '', '.. ', 3),
(83, '', '', '', '. ', 3),
(84, '', '', '', '. ', 3),
(85, '', '', '', '. ', 3),
(86, '', '', '', '. ', 3),
(87, '', '', '', '.. ', 3),
(88, '', '', '', '. ', 3),
(89, '', '', '', '.. ', 3),
(90, '', '', '', '.. ', 3),
(91, '', '', '', '.. ', 3),
(92, '', '', '', '.. ', 3),
(93, '', '', '', '. ', 3),
(94, '', '', '', '. ', 3),
(95, '', '', '', '.. ', 3),
(96, '', '', '', '. ', 3),
(97, '', '', '', '.. ', 3),
(98, '', '', '', '. ', 3),
(99, '', '', '', '. ', 3),
(100, '', '', '', '.. ', 3),
(101, '', '', '', '. ', 3),
(103, '', '', '', '. ', 3),
(104, '', '', '', '.. ', 3),
(105, '', '', '', '..  ', 3),
(106, '', '', '', '. ', 3),
(107, '', '', '', '. ', 3),
(108, '', '', '', '. ', 4),
(109, '', '', '', '..  ', 4),
(110, '', '', '', '. ', 4),
(111, '', '', '', '.. ', 4),
(112, '', '', '', '.. ', 4),
(113, '', '', '', '.. ', 4),
(114, '', '', '', '.. ', 4),
(115, '', '', '', '. ', 4),
(116, '', '', '', '.. ', 4),
(117, '', '', '', '. ', 4),
(118, '', '', '', '.. ', 4),
(119, '', '', '', '.. ', 4),
(120, '', '', '', '.. ', 4),
(121, '', '', '', '.. ', 4),
(122, '', '', '', '.. ', 4),
(123, '', '', '', '.. ', 4),
(124, '', '', '', '.. ', 4),
(125, '', '', '', '. ', 4),
(126, '', '', '', '. ', 4),
(127, '', '', '', '. ', 4),
(128, '', '', '', '. ', 4),
(129, '', '', '', '.. ', 4),
(130, '', '', '', '.. ', 4),
(131, '', '', '', '. ', 4),
(132, '', '', '', '. ', 4),
(133, '', '', '', '.. ', 4),
(134, '', '', '', '. ', 4),
(135, '', '', '', '. ', 4),
(136, '', '', '', '. ', 4),
(137, '', '', '', '.. ', 4),
(138, '', '', '', '.. ', 4),
(139, '', '', '', '. ', 5),
(140, '', '', '', '. ', 5),
(141, '', '', '', '. ', 5),
(142, '', '', '', '. ', 5),
(143, '', '', '', '. ', 5),
(144, '', '', '', '. ', 5),
(145, '', '', '', '.. ', 5),
(146, '', '', '', '. ', 5),
(147, '', '', '', '. ', 5),
(148, '', '', '', '. ', 5),
(149, '', '', '', '. ', 5),
(150, '', '', '', '. ', 5),
(151, '', '', '', '.. ', 5),
(152, '', '', '', '.. ', 5),
(153, '', '', '', '. ', 5),
(154, '', '', '', '.. ', 5),
(155, '', '', '', '. ', 5),
(156, '', '', '', '.. ', 5),
(157, '', '', '', '. ', 5),
(158, '', '', '', '.. ', 5),
(159, '', '', '', '. ', 5),
(160, '', '', '', '.. ', 5),
(161, '', '', '', '. ', 5),
(162, '', '', '', '.. ', 5),
(163, '', '', '', '.. ', 5),
(164, '', '', '', '.. ', 5),
(165, '', '', '', '. ', 5),
(166, '', '', '', '.. ', 5),
(167, '', '', '', '.  ', 5),
(168, '', '', '', '.. ', 5),
(169, '', '', '', '.. ', 5),
(170, '', '', '', '.. ', 5),
(171, '', '', '', '. ', 5),
(172, '', '', '', '. ', 5),
(173, '', '', '', '..  ', 5),
(174, '', '', '', '. ', 5),
(175, '', '', '', '..  ', 5),
(176, '', '', '', '.. ', 5),
(177, '', '', '', '.  ', 5),
(178, '', '', '', '. ', 5),
(179, '', '', '', '. ', 5),
(180, '', '', '', '. ', 5),
(181, '', '', '', '.. ', 5),
(182, '', '', '', '. ', 6),
(183, '', '', '', '. ', 6),
(184, '', '', '', '.. ', 6),
(185, '', '', '', '.. ', 6),
(186, '', '', '', '. ', 6),
(187, '', '', '', '.. ', 6),
(188, '', '', '', '. ', 6),
(189, '', '', '', '.. ', 6),
(190, '', '', '', '. ', 6),
(191, '', '', '', '. ', 6),
(192, '', '', '', '. ', 6),
(193, '', '', '', '. ', 6),
(194, '', '', '', '.. ', 6),
(195, '', '', '', '. ', 6),
(196, '', '', '', '.. ', 6),
(197, '', '', '', '. ', 6),
(198, '', '', '', '. ', 6),
(199, '', '', '', '.. ', 6),
(200, '', '', '', '.. ', 6),
(201, '', '', '', '. ', 6),
(202, '', '', '', '.. ', 6),
(203, '', '', '', '. ', 6),
(204, '', '', '', '. ', 6),
(205, '', '', '', '. ', 6);

DROP TABLE IF EXISTS `db_natio`;
CREATE TABLE `db_natio` (
  `id_natio` int(11) NOT NULL AUTO_INCREMENT,
  `name` varchar(60) NOT NULL,
  `sname` varchar(60) NOT NULL,
  `abbr` varchar(50) NOT NULL,
  PRIMARY KEY (`id_natio`)
) ENGINE=InnoDB AUTO_INCREMENT=11 /*!40101 DEFAULT CHARSET=cp1251 */;

INSERT INTO `db_natio` VALUES
(1, ' ', '', ''),
(2, ' ', '', ''),
(3, ' ', '', ''),
(4, ' ', '', ''),
(5, ' ', '', ''),
(6, '', '', ''),
(7, ' ', '', ''),
(8, ' ', '', ''),
(9, ' ', '', ''),
(10, ' /    ', '', '');

DROP TABLE IF EXISTS `db_other`;
CREATE TABLE `db_other` (
  `id_other` int(11) NOT NULL AUTO_INCREMENT,
  `name` varchar(60) NOT NULL,
  `sname` varchar(60) NOT NULL,
  `abbr` varchar(50) NOT NULL,
  PRIMARY KEY (`id_other`)
) ENGINE=InnoDB AUTO_INCREMENT=4 /*!40101 DEFAULT CHARSET=cp1251 */;

INSERT INTO `db_other` VALUES
(1, ' ', ' ', ''),
(2, '   ', '   ', ''),
(3, '  ', '  ', '');

DROP TABLE IF EXISTS `db_person`;
CREATE TABLE `db_person` (
  `id` int(11) NOT NULL AUTO_INCREMENT,
  `inst_city_type` int(11) NOT NULL,
  `inst_city_name` varchar(60) NOT NULL,
  `surname` varchar(60) NOT NULL,
  `name` varchar(60) NOT NULL,
  `midname` varchar(60) NOT NULL,
  `auid` int(11) NOT NULL,
  `cuid` int(11) NOT NULL,
  `vuid` int(11) NOT NULL,
  `xuid` int(11) NOT NULL,
  `faculty` int(11) NOT NULL,
  `edu_form` int(11) NOT NULL,
  `target` int(11) NOT NULL,
  `target_type` int(11) NOT NULL,
  `target_cell` int(11) NOT NULL,
  `out_time_form_id` int(11) NOT NULL,
  `out_edu_form` int(11) NOT NULL,
  `out_target` int(11) NOT NULL,
  `out_target_type` int(11) NOT NULL,
  `out_target_cell` int(11) NOT NULL,
  `out_region_cell` int(11) NOT NULL,
  `sex` int(11) NOT NULL,
  `serial` varchar(60) NOT NULL,
  `private` varchar(60) NOT NULL,
  `natio` int(11) NOT NULL,
  `country` int(11) NOT NULL,
  `region_by` int(11) NOT NULL,
  `region_text` varchar(60) NOT NULL,
  `area` varchar(60) NOT NULL,
  `subdiv` int(11) NOT NULL,
  `city_name` varchar(60) NOT NULL,
  `zip` varchar(10) NOT NULL,
  `microarea` varchar(50) NOT NULL,
  `house` varchar(50) NOT NULL,
  `house_part` varchar(50) NOT NULL,
  `room` varchar(50) NOT NULL,
  `phone` varchar(50) NOT NULL,
  `mobile` varchar(50) NOT NULL,
  `email` varchar(50) NOT NULL,
  `real_addr` varchar(200) NOT NULL,
  `street` varchar(100) NOT NULL,
  `total` int(11) NOT NULL,
  `region_cell` int(11) NOT NULL,
  `state_id` int(11) NOT NULL,
  `atime` timestamp NOT NULL /*!40101 DEFAULT CURRENT_TIMESTAMP ON UPDATE CURRENT_TIMESTAMP */,
  `ctime` timestamp NOT NULL DEFAULT '0000-00-00 00:00:00',
  `vtime` timestamp NOT NULL DEFAULT '0000-00-00 00:00:00',
  `xtime` timestamp NOT NULL DEFAULT '0000-00-00 00:00:00',
  `time_form_id` int(11) NOT NULL,
  `institution_id` int(11) NOT NULL,
  `institution_name` varchar(200) NOT NULL,
  `certificate_id` int(11) NOT NULL,
  `certificate_name` varchar(50) NOT NULL,
  `certificate_sum` int(11) NOT NULL,
  `education_id` int(11) NOT NULL,
  `language_set` int(11) NOT NULL,
  `benefit_set` int(11) NOT NULL,
  `community_set` int(11) NOT NULL,
  `other_set` int(11) NOT NULL,
  `experience_id` int(11) NOT NULL,
  `try_id` int(11) NOT NULL,
  `military_id` int(11) NOT NULL,
  `hostel_id` int(11) NOT NULL,
  `live_num` varchar(60) NOT NULL,
  `live_date` date NOT NULL,
  `live_data` varchar(60) NOT NULL,
  `aes_num` varchar(60) NOT NULL,
  `aes_date` date NOT NULL,
  `aes_data` varchar(60) NOT NULL,
  `uzo_num` varchar(60) NOT NULL,
  `uzo_date` date NOT NULL,
  `uzo_data` varchar(60) NOT NULL,
  `inv_num` text NOT NULL,
  `inv_date` date NOT NULL,
  `inv_data` varchar(60) NOT NULL,
  `course_id` int(11) NOT NULL,
  `grade_id` int(11) NOT NULL,
  `birthday` date NOT NULL,
  `cert_date` date NOT NULL,
  `delo_name` varchar(10) NOT NULL,
  `delo_int` int(11) NOT NULL,
  `lct_id` int(11) NOT NULL,
  `lct_sum` int(11) NOT NULL,
  `lct_sn` varchar(50) NOT NULL,
  `lct_xn` varchar(50) NOT NULL,
  `cct_id` int(11) NOT NULL,
  `cct_sum` int(11) NOT NULL,
  `cct_sn` varchar(50) NOT NULL,
  `cct_xn` varchar(50) NOT NULL,
  `bct_id` int(11) NOT NULL,
  `bct_sum` int(11) NOT NULL,
  `bct_sn` varchar(50) NOT NULL,
  `bct_xn` varchar(50) NOT NULL,
  `uq` varchar(13) NOT NULL,
  `filltime` int(11) NOT NULL,
  `order_num` varchar(10) NOT NULL,
  `order_date` date NOT NULL,
  `arrive_date` date NOT NULL,
  `arrive_time` time NOT NULL,
  `arrive_room` varchar(10) NOT NULL,
  `dual_mode_set` int(11) NOT NULL,
  `student_id` int(11) NOT NULL,
  `xclass_id` int(11) NOT NULL,
  `authority` varchar(500) NOT NULL,
  `authority_date` date NOT NULL,
  `inst_rank_id` int(11) NOT NULL,
  `wouldbe_id` int(11) NOT NULL,
  `f_surname` varchar(50) NOT NULL,
  `f_name` varchar(50) NOT NULL,
  `f_midname` varchar(50) NOT NULL,
  `m_surname` varchar(50) NOT NULL,
  `m_name` varchar(50) NOT NULL,
  `m_midname` varchar(50) NOT NULL,
  `f_addr` varchar(200) NOT NULL,
  `m_addr` varchar(200) NOT NULL,
  `cur_lang_id` int(11) NOT NULL,
  `cur_lang_level` int(11) NOT NULL,
  `in_course` int(11) NOT NULL,
  `out_course` int(11) NOT NULL,
  `proto_num` varchar(50) NOT NULL,
  `proto_date` date NOT NULL,
  `aes_end_date` date DEFAULT NULL,
  `inv_end_date` date DEFAULT NULL,
  `invalid_id` int(11) DEFAULT NULL,
  `live_addr` varchar(200) NOT NULL,
  `target_use_id` int(11) NOT NULL,
  `subgrade_l_id` int(11) NOT NULL,
  `subgrade_c_id` int(11) NOT NULL,
  `subgrade_b_id` int(11) NOT NULL,
  `lang_grade` int(11) NOT NULL,
  `m_org` varchar(200) NOT NULL,
  `m_pos` varchar(200) NOT NULL,
  `m_phone` varchar(200) NOT NULL,
  `f_org` varchar(200) NOT NULL,
  `f_pos` varchar(200) NOT NULL,
  `f_phone` varchar(200) NOT NULL,
  `po_lang_set` int(11) NOT NULL,
  `po_base_id` int(11) NOT NULL,
  `institution_name_full` varchar(300) NOT NULL,
  PRIMARY KEY (`id`)
) ENGINE=InnoDB /*!40101 DEFAULT CHARSET=cp1251 */;

DROP TABLE IF EXISTS `db_person_talks`;
CREATE TABLE `db_person_talks` (
  `id_person_talks` int(11) NOT NULL AUTO_INCREMENT,
  `name` varchar(60) NOT NULL,
  `sname` varchar(60) NOT NULL,
  `abbr` varchar(50) NOT NULL,
  PRIMARY KEY (`id_person_talks`)
) ENGINE=InnoDB /*!40101 DEFAULT CHARSET=cp1251 */;

DROP TABLE IF EXISTS `db_phone_codes`;
CREATE TABLE `db_phone_codes` (
  `id_phones_bsmu` int(11) NOT NULL AUTO_INCREMENT,
  `name` varchar(60) NOT NULL,
  `sname` varchar(60) NOT NULL,
  `abbr` varchar(50) NOT NULL,
  `realname` varchar(100) NOT NULL,
  `phones` varchar(100) NOT NULL,
  PRIMARY KEY (`id_phones_bsmu`)
) ENGINE=InnoDB AUTO_INCREMENT=124 /*!40101 DEFAULT CHARSET=cp1251 */;

INSERT INTO `db_phone_codes` VALUES
(1, '', '', '', '', '8-0163'),
(2, '', '', '', '', '8-02232'),
(3, '', '', '', '', '8-01643'),
(4, '', '', '', '', '8-01715'),
(5, '', '', '', '', '8-01511'),
(6, '', '', '', '', '8-02131'),
(7, '', '', '', '', '8-0225'),
(8, '', '', '', '', '8-0177'),
(9, '', '', '', '', '8-02344'),
(10, '', '', '', '', '8-02153'),
(11, '', '', '', '', '8-016(2)'),
(12, '', '', '', '-', '8-02336'),
(13, '', '', '', '', '8-02231'),
(14, '', '', '', '', '8-02151'),
(15, '', '', '', '', '8-02330'),
(16, '', '', '', '', '8-01771'),
(17, '', '', '', '', '8-021(2)'),
(18, '', '', '', '', '8-01512'),
(19, '', '', '', '', '8-01772'),
(20, '', '', '', '', '8-01594'),
(21, '', '', '', '', '8-01646'),
(22, '', '', '', '', '8-02156'),
(23, '', '', '', '', '8-02230'),
(24, '', '', '', '', '8-023(2)'),
(25, '', '', '', '', '8-02233'),
(26, '', '', '', '', '8-02139'),
(27, '', '', '', '', '8-015(2)'),
(28, '', '', '', '', '8-01716'),
(29, '', '', '', '', '8-02333'),
(30, '', '', '', '', '8-02157'),
(31, '', '', '', '', '8-02248'),
(32, '', '', '', '', '8-01644'),
(33, '', '', '', '', '8-02137'),
(34, '', '', '', '', '8-01563'),
(35, '', '', '', '', '8-02354'),
(36, '', '', '', '', '8-01641'),
(37, '', '', '', '', '8-02353'),
(38, '', '', '', '', '8-02334'),
(39, '', '', '', '', '8-01775'),
(40, '', '', '', '', '8-01564'),
(41, '', '', '', '', '8-01652'),
(42, '', '', '', '', '8-01645'),
(43, '', '', '', '', '8-01595'),
(44, '', '', '', '', '8-02345'),
(45, '', '', '', '', '8-01631'),
(46, '', '', '', '', '8-02237'),
(47, '', '', '', '', '8-01793'),
(48, '', '', '', '', '8-02244'),
(49, '', '', '', '', '8-02236'),
(50, '', '', '', '', '8-01642'),
(51, '', '', '', '', '8-01719'),
(52, '', '', '', '', '8-01596'),
(53, '', '', '', '', '8-02337'),
(54, '', '', '', '', '8-02245'),
(55, '', '', '', '', '8-02238'),
(56, '', '', '', '', '8-02241'),
(57, '', '', '', '', '8-02234'),
(58, '', '', '', '', '8-01796'),
(59, '', '', '', '', '8-02356'),
(60, '', '', '', '', '8-02132'),
(61, '', '', '', '', '8-01561'),
(62, '', '', '', '', '8-02138'),
(63, '', '', '', '', '8-01774'),
(64, '', '', '', '', '8-02347'),
(65, '', '', '', '', '8-01647'),
(66, '', '', '', '', '8-01794'),
(67, '', '', '', '', '8-01633'),
(68, '', '', '', '', '8-01651'),
(69, '', '', '', ' ', '8-01713'),
(70, '', '', '', '', '8-017'),
(71, '', '', '', ' ', '8-017'),
(72, '', '', '', '', '8-02152'),
(73, '', '', '', '', '8-022(2)'),
(74, '', '', '', '', '8-0236'),
(75, '', '', '', '', '8-01773'),
(76, '', '', '', '', '8-01515'),
(77, '', '', '', '', '8-02240'),
(78, '', '', '', '', '8-01797'),
(79, '', '', '', '', '8-02355'),
(80, '', '', '', '', '8-01770'),
(81, '', '', '', '', '8-01597'),
(82, '', '', '', '', '8-0214'),
(83, '', '', '', '', '8-02357'),
(84, '', '', '', '', '8-0216(1)'),
(85, '', '', '', '', '8-02235'),
(86, '', '', '', '', '8-01591'),
(87, '', '', '', '', '8-01593'),
(88, '', '', '', '', '8-02350'),
(89, '', '', '', '', '8-0165'),
(90, '', '', '', '', '8-01774'),
(91, '', '', '', '', '8-0214'),
(92, '', '', '', '', '8-02155'),
(93, '', '', '', '', '8-01632'),
(94, '', '', '', '', '8-01713'),
(95, '', '', '', '', '8-02340'),
(96, '', '', '', '', '8-02339'),
(97, '', '', '', '', '8-02159'),
(98, '', '', '', '', '8-02342'),
(99, '', '', '', '', '8-01513'),
(100, '', '', '', '', '8-02135'),
(101, '', '', '', '', '8-02246'),
(102, '', '', '', '', '8-01562'),
(103, '', '', '', '', '8-01795'),
(104, '', '', '', '', '8-01776'),
(105, '', '', '', '', '8-01592'),
(106, '', '', '', '', '8-01710'),
(107, '', '', '', ' ', '8-01792'),
(108, '', '', '', '', '8-01717'),
(109, '', '', '', '', '8-01655'),
(110, '', '', '', '', '8-02136'),
(111, '', '', '', '', '8-01718'),
(112, '', '', '', '', '8-02158'),
(113, '', '', '', '', '8-02346'),
(114, '', '', '', '', '8-02247'),
(115, '', '', '', '', '8-02242'),
(116, '', '', '', '', '8-02133'),
(117, '', '', '', '', '8-01714'),
(118, '', '', '', '', '8-02243'),
(119, '', '', '', '', '8-02332'),
(120, '', '', '', '', '8-02154'),
(121, '', '', '', '', '8-02239'),
(122, '', '', '', '', '8-02130'),
(123, '', '', '', '', '8-01514');

DROP TABLE IF EXISTS `db_phones_bsmu`;
CREATE TABLE `db_phones_bsmu` (
  `id_phones_bsmu` int(11) NOT NULL AUTO_INCREMENT,
  `name` varchar(60) NOT NULL,
  `sname` varchar(60) NOT NULL,
  `abbr` varchar(50) NOT NULL,
  `realname` varchar(100) NOT NULL,
  `phones` varchar(100) NOT NULL,
  PRIMARY KEY (`id_phones_bsmu`)
) ENGINE=InnoDB /*!40101 DEFAULT CHARSET=cp1251 */;

DROP TABLE IF EXISTS `db_phones_uzo`;
CREATE TABLE `db_phones_uzo` (
  `id_phones_uzo` int(11) NOT NULL AUTO_INCREMENT,
  `name` varchar(60) NOT NULL,
  `sname` varchar(60) NOT NULL,
  `abbr` varchar(50) NOT NULL,
  `realname` varchar(100) NOT NULL,
  `phones` varchar(100) NOT NULL,
  PRIMARY KEY (`id_phones_uzo`)
) ENGINE=InnoDB AUTO_INCREMENT=14 /*!40101 DEFAULT CHARSET=cp1251 */;

INSERT INTO `db_phones_uzo` VALUES
(1, '', '', '', '  ', '. . (8-0162) 40 96 74'),
(2, '', '', '', '  ', '.(8-0212) 37 31 44; . (8-0212) 48 50 10; (8-0212) 48 63 23'),
(3, '', '', '', '  ', '. . (8-0232) 40-06-72'),
(4, '', '', '', '  ', '. (8-0152) 74 43 92; . (8-0152) 72 22 68;'),
(5, '', '', '', '  ', '.(8-017) 222 77 80; . .(8-017) 222 84 03'),
(6, '', '', '', '  ', '. (8-0222) 22 57 35; . (8-0222) 25 10 56'),
(7, '', '', '', '', '. (8-017) 288 15 77; . (8-017) 288 25 26'),
(8, '', '', '', '  ', '. (8-0162) 28 23 25 . (8-0162) 28 23 26'),
(9, '', '', '', '  ', '. (8-0212,8-02122) 365591; . (8-0212,8-02122) 3655991'),
(10, '', '', '', '  ', '.(8-0232) 74 55 44; . (8-0232) 74 87 89, 74 42 12'),
(11, '', '', '', '  ', '.(8-0152,8-01522) 72 39 01; . (8-0152,8-01522) 72 27 33'),
(12, '', '', '', '  ', '. (8-017) 500 42 31; . 327 66 88'),
(13, '', '', '', '  ', '.(8-0222) 32 66 77; . (8-0222) 27 35 26');

DROP TABLE IF EXISTS `db_pipeline`;
CREATE TABLE `db_pipeline` (
  `id_pipeline` int(11) NOT NULL AUTO_INCREMENT,
  `name` varchar(60) NOT NULL,
  `sname` varchar(60) NOT NULL,
  `abbr` varchar(50) NOT NULL,
  `sender_id` int(11) NOT NULL,
  `acceptor_id` int(11) NOT NULL,
  `person_id` int(11) NOT NULL,
  `delo_name` varchar(60) NOT NULL,
  `ts` datetime NOT NULL,
  PRIMARY KEY (`id_pipeline`)
) ENGINE=InnoDB /*!40101 DEFAULT CHARSET=cp1251 */;

DROP TABLE IF EXISTS `db_plancell`;
CREATE TABLE `db_plancell` (
  `id_plancell` int(11) NOT NULL AUTO_INCREMENT,
  `faculty_id` int(11) NOT NULL,
  `targetcell_id` int(11) NOT NULL,
  `region_id` int(11) NOT NULL,
  `plan` int(11) NOT NULL,
  PRIMARY KEY (`id_plancell`),
  UNIQUE KEY `d` (`faculty_id`,`targetcell_id`,`region_id`)
) ENGINE=InnoDB AUTO_INCREMENT=157 /*!40101 DEFAULT CHARSET=cp1251 */;

INSERT INTO `db_plancell` VALUES
(1, 1, 1, 1, 25),
(2, 1, 1, 2, 6),
(3, 1, 1, 3, 12),
(4, 1, 1, 4, 6),
(5, 1, 1, 5, 37),
(6, 1, 1, 6, 14),
(7, 1, 2, 1, 0),
(8, 1, 2, 2, 0),
(9, 1, 2, 3, 0),
(10, 1, 2, 4, 0),
(11, 1, 2, 5, 0),
(12, 1, 2, 6, 0),
(13, 2, 1, 1, 7),
(14, 2, 1, 2, 4),
(15, 2, 1, 3, 5),
(16, 2, 1, 4, 4),
(17, 2, 1, 5, 4),
(18, 2, 1, 6, 4),
(19, 2, 2, 1, 0),
(20, 2, 2, 2, 0),
(21, 2, 2, 3, 0),
(22, 2, 2, 4, 0),
(23, 2, 2, 5, 0),
(24, 2, 2, 6, 0),
(25, 3, 1, 1, 8),
(26, 3, 1, 2, 9),
(27, 3, 1, 3, 9),
(28, 3, 1, 4, 4),
(29, 3, 1, 5, 10),
(30, 3, 1, 6, 8),
(31, 3, 2, 1, 0),
(32, 3, 2, 2, 0),
(33, 3, 2, 3, 0),
(34, 3, 2, 4, 0),
(35, 3, 2, 5, 0),
(36, 3, 2, 6, 0),
(37, 4, 1, 1, 4),
(38, 4, 1, 2, 3),
(39, 4, 1, 3, 3),
(40, 4, 1, 4, 3),
(41, 4, 1, 5, 4),
(42, 4, 1, 6, 3),
(43, 4, 2, 1, 0),
(44, 4, 2, 2, 0),
(45, 4, 2, 3, 0),
(46, 4, 2, 4, 0),
(47, 4, 2, 5, 0),
(48, 4, 2, 6, 0),
(49, 5, 1, 1, 0),
(50, 5, 1, 2, 0),
(51, 5, 1, 3, 0),
(52, 5, 1, 4, 0),
(53, 5, 1, 5, 0),
(54, 5, 1, 6, 0),
(55, 5, 2, 1, 0),
(56, 5, 2, 2, 0),
(57, 5, 2, 3, 0),
(58, 5, 2, 4, 0),
(59, 5, 2, 5, 0),
(60, 5, 2, 6, 0),
(61, 6, 1, 1, 2),
(62, 6, 1, 2, 1),
(63, 6, 1, 3, 1),
(64, 6, 1, 4, 1),
(65, 6, 1, 5, 1),
(66, 6, 1, 6, 1),
(67, 6, 2, 1, 4),
(68, 6, 2, 2, 2),
(69, 6, 2, 3, 2),
(70, 6, 2, 4, 2),
(71, 6, 2, 5, 3),
(72, 6, 2, 6, 2),
(145, 7, 1, 1, 0),
(146, 7, 1, 2, 0),
(147, 7, 1, 3, 0),
(148, 7, 1, 4, 0),
(149, 7, 1, 5, 0),
(150, 7, 1, 6, 0),
(151, 7, 2, 1, 0),
(152, 7, 2, 2, 0),
(153, 7, 2, 3, 0),
(154, 7, 2, 4, 0),
(155, 7, 2, 5, 0),
(156, 7, 2, 6, 0);

DROP TABLE IF EXISTS `db_planform`;
CREATE TABLE `db_planform` (
  `id_planform` int(11) NOT NULL AUTO_INCREMENT,
  `faculty_id` int(11) NOT NULL,
  `time_form_id` int(11) NOT NULL,
  `edu_form_id` int(11) NOT NULL,
  `total` int(11) NOT NULL,
  PRIMARY KEY (`id_planform`),
  UNIQUE KEY `faculty_id` (`faculty_id`,`time_form_id`,`edu_form_id`)
) ENGINE=InnoDB AUTO_INCREMENT=81 /*!40101 DEFAULT CHARSET=cp1251 */;

INSERT INTO `db_planform` VALUES
(1, 1, 1, 1, 250),
(2, 1, 1, 2, 80),
(3, 1, 2, 1, 0),
(4, 1, 2, 2, 0),
(5, 2, 1, 1, 70),
(6, 2, 1, 2, 20),
(7, 2, 2, 1, 0),
(8, 2, 2, 2, 0),
(9, 3, 1, 1, 120),
(10, 3, 1, 2, 20),
(11, 3, 2, 1, 0),
(12, 3, 2, 2, 0),
(13, 4, 1, 1, 50),
(14, 4, 1, 2, 50),
(15, 4, 2, 1, 0),
(16, 4, 2, 2, 0),
(17, 5, 1, 1, 30),
(18, 5, 1, 2, 0),
(19, 5, 2, 1, 0),
(20, 5, 2, 2, 0),
(21, 6, 1, 1, 55),
(22, 6, 1, 2, 30),
(23, 6, 2, 1, 0),
(24, 6, 2, 2, 30),
(29, 1, 3, 1, 0),
(30, 1, 3, 2, 0),
(31, 1, 4, 1, 0),
(32, 1, 4, 2, 0),
(37, 2, 3, 1, 0),
(38, 2, 3, 2, 0),
(39, 2, 4, 1, 0),
(40, 2, 4, 2, 0),
(45, 3, 3, 1, 0),
(46, 3, 3, 2, 0),
(47, 3, 4, 1, 0),
(48, 3, 4, 2, 0),
(53, 4, 3, 1, 0),
(54, 4, 3, 2, 0),
(55, 4, 4, 1, 0),
(56, 4, 4, 2, 0),
(61, 5, 3, 1, 0),
(62, 5, 3, 2, 0),
(63, 5, 4, 1, 0),
(64, 5, 4, 2, 0),
(69, 6, 3, 1, 0),
(70, 6, 3, 2, 0),
(71, 6, 4, 1, 0),
(72, 6, 4, 2, 0),
(73, 7, 1, 1, 0),
(74, 7, 1, 2, 72),
(75, 7, 2, 1, 0),
(76, 7, 2, 2, 0),
(77, 7, 3, 1, 0),
(78, 7, 3, 2, 0),
(79, 7, 4, 1, 0),
(80, 7, 4, 2, 0);

DROP TABLE IF EXISTS `db_po_base`;
CREATE TABLE `db_po_base` (
  `id_po_base` int(11) NOT NULL AUTO_INCREMENT,
  `name` varchar(60) NOT NULL,
  `sname` varchar(60) NOT NULL,
  `abbr` varchar(50) NOT NULL,
  PRIMARY KEY (`id_po_base`)
) ENGINE=InnoDB AUTO_INCREMENT=4 /*!40101 DEFAULT CHARSET=cp1251 */;

INSERT INTO `db_po_base` VALUES
(1, '', '', ''),
(2, '', '', ''),
(3, '', '', '');

DROP TABLE IF EXISTS `db_po_bsmu`;
CREATE TABLE `db_po_bsmu` (
  `id_po_bsmu` int(11) NOT NULL AUTO_INCREMENT,
  `name` varchar(60) NOT NULL,
  `surname` varchar(200) NOT NULL,
  `midname` varchar(200) NOT NULL,
  PRIMARY KEY (`id_po_bsmu`)
) ENGINE=InnoDB AUTO_INCREMENT=151 /*!40101 DEFAULT CHARSET=cp1251 */;

INSERT INTO `db_po_bsmu` VALUES
(1, '', '', ''),
(2, '', '', ''),
(3, '', '', ''),
(4, '', '', ''),
(5, '', '', ''),
(6, '', '', ''),
(7, '', '', ''),
(8, '', '', ''),
(9, '', '', ''),
(10, '', '', ''),
(11, '', '', ''),
(12, '', '', ''),
(13, '', '', ''),
(14, '', '', ''),
(15, '', '', ''),
(16, '', '', ''),
(17, '', '', ''),
(18, '', '', ''),
(19, '', '', ''),
(20, '', '', ''),
(21, '', '', ''),
(22, '', '', ''),
(23, '', '', ''),
(24, '', '', ''),
(25, '', '', ''),
(26, '', '', ''),
(27, '', '', ''),
(28, '', '', ''),
(29, '', '', ''),
(30, '', '', ''),
(31, '', '', ''),
(32, '', '', ''),
(33, '', '', ''),
(34, '', '', ''),
(35, '', '', ''),
(36, '', '', ''),
(37, '', '', ''),
(38, '', '', ''),
(39, '', '', ''),
(40, '', '', ''),
(41, '', '', ''),
(42, '', '-', ''),
(43, '', '', ''),
(44, '', '', ''),
(45, '', '', ''),
(46, '', '', ''),
(47, '', '', ''),
(48, '', '', ''),
(49, '', '', ''),
(50, '', '', ''),
(51, '', '', ''),
(52, '', '', ''),
(53, '', '', ''),
(54, '', '', ''),
(55, '', '', ''),
(56, '', '', ''),
(57, '', '', ''),
(58, '', '', ''),
(59, '', '', ''),
(60, '', '', ''),
(61, '', '', ''),
(62, '', '', ''),
(63, '', '', ''),
(64, '', '', ''),
(65, '', '', ''),
(66, '', '', ''),
(67, '', '', ''),
(68, '', '', ''),
(69, '', '', ''),
(70, '', '', ''),
(71, '', '', ''),
(72, '', '', ''),
(73, '', '', ''),
(74, '', '', ''),
(75, '', '', ''),
(76, '', '', ''),
(77, '', '', ''),
(78, '', '', ''),
(79, '', '', ''),
(80, '', '', ''),
(81, '', '', ''),
(82, '', '', ''),
(83, '', '', ''),
(84, '', '', ''),
(85, '', '', ''),
(86, '', '', ''),
(87, '', '', ''),
(88, '', '', ''),
(89, '', '', ''),
(90, '', '', ''),
(91, '', '', ''),
(92, '', '-', ''),
(93, '', '', ''),
(94, '', '', ''),
(95, '', '', ''),
(96, '', '', ''),
(97, '', '', ''),
(98, '', '', ''),
(99, '', '', ''),
(100, '', '', ''),
(101, '', '', ''),
(102, '', '', ''),
(103, '', '', ''),
(104, '', '', ''),
(105, '', '', ''),
(106, '', '', ''),
(107, '', '', ''),
(108, '', '', ''),
(109, '', '', ''),
(110, '', '', ''),
(111, '', '', ''),
(112, '', '', ''),
(113, '', '', ''),
(114, '', '', ''),
(115, '', '', ''),
(116, '', '', ''),
(117, '', '', ''),
(118, '', '', ''),
(119, '', '', ''),
(120, '', '', ''),
(121, '', '', ''),
(122, '', '', ''),
(123, '', '', ''),
(124, '', '', ''),
(125, '', '', ''),
(126, '', '', ''),
(127, '', '', ''),
(128, '', '', ''),
(129, '', '', ''),
(130, '', '', ''),
(131, '', '', ''),
(132, '', '', ''),
(133, '', '', ''),
(134, '', '', ''),
(135, '', '', ''),
(136, '', '', ''),
(137, '', '', ''),
(138, '', '', ''),
(139, '', '', ''),
(140, '', '', ''),
(141, '', '', ''),
(142, '', '-', ''),
(143, '', '', ''),
(144, '', '', ''),
(145, '', '', ''),
(146, '', '', ''),
(147, '', '', ''),
(148, '', '', ''),
(149, '', '', ''),
(150, '', '', '');

DROP TABLE IF EXISTS `db_po_lang`;
CREATE TABLE `db_po_lang` (
  `id_po_lang` int(11) NOT NULL AUTO_INCREMENT,
  `name` varchar(60) NOT NULL,
  `sname` varchar(60) NOT NULL,
  `abbr` varchar(50) NOT NULL,
  PRIMARY KEY (`id_po_lang`)
) ENGINE=InnoDB AUTO_INCREMENT=5 /*!40101 DEFAULT CHARSET=cp1251 */;

INSERT INTO `db_po_lang` VALUES
(1, ' ', '', ''),
(2, '', '', ''),
(3, '', '', ''),
(4, ' ', '', '');

DROP TABLE IF EXISTS `db_pool`;
CREATE TABLE `db_pool` (
  `id_pool` int(11) NOT NULL AUTO_INCREMENT,
  `faculty_id` int(11) NOT NULL,
  `time_form_id` int(11) NOT NULL,
  `delo_id` int(11) NOT NULL,
  PRIMARY KEY (`id_pool`)
) ENGINE=InnoDB /*!40101 DEFAULT CHARSET=cp1251 */;

DROP TABLE IF EXISTS `db_president`;
CREATE TABLE `db_president` (
  `id_president` int(11) NOT NULL AUTO_INCREMENT,
  `name` varchar(60) NOT NULL,
  `sname` varchar(60) NOT NULL,
  `abbr` varchar(50) NOT NULL,
  `surname` varchar(200) NOT NULL,
  `midname` varchar(200) NOT NULL,
  PRIMARY KEY (`id_president`)
) ENGINE=InnoDB AUTO_INCREMENT=35 /*!40101 DEFAULT CHARSET=cp1251 */;

INSERT INTO `db_president` VALUES
(25, '', '', '', '', ''),
(26, '', '', '', '', ''),
(27, '', '', '', '', ''),
(28, '', '', '', '', ''),
(29, '', '', '', '', ''),
(30, '', '', '', '', ''),
(31, '', '', '', '', ''),
(32, '', '', '', '', ''),
(33, '', '', '', '', ''),
(34, '', '', '', '', '');

DROP TABLE IF EXISTS `db_query`;
CREATE TABLE `db_query` (
  `id_query` int(11) NOT NULL AUTO_INCREMENT,
  `name` text NOT NULL,
  `sname` varchar(60) NOT NULL,
  `abbr` varchar(50) NOT NULL,
  `query` text NOT NULL,
  `owner_id` int(11) NOT NULL,
  `save_date` timestamp NOT NULL /*!40101 DEFAULT CURRENT_TIMESTAMP ON UPDATE CURRENT_TIMESTAMP */,
  PRIMARY KEY (`id_query`)
) ENGINE=InnoDB /*!40101 DEFAULT CHARSET=cp1251 */;

DROP TABLE IF EXISTS `db_queue`;
CREATE TABLE `db_queue` (
  `id_queue` int(11) NOT NULL AUTO_INCREMENT,
  `name` varchar(60) NOT NULL,
  `sname` varchar(60) NOT NULL,
  `abbr` varchar(50) NOT NULL,
  PRIMARY KEY (`id_queue`)
) ENGINE=InnoDB AUTO_INCREMENT=8 /*!40101 DEFAULT CHARSET=cp1251 */;

INSERT INTO `db_queue` VALUES
(1, '', '', ''),
(2, '-', '', ''),
(3, '', '', ''),
(4, '', '', ''),
(5, '-', '', ''),
(6, ' ()', '', ''),
(7, ' ()', '', '');

DROP TABLE IF EXISTS `db_queue_list`;
CREATE TABLE `db_queue_list` (
  `id_queue_list` int(11) NOT NULL AUTO_INCREMENT,
  `user_id` int(11) NOT NULL,
  `queue_id` int(11) NOT NULL,
  `closed` int(11) NOT NULL,
  PRIMARY KEY (`id_queue_list`)
) ENGINE=InnoDB AUTO_INCREMENT=7 /*!40101 DEFAULT CHARSET=cp1251 */;

INSERT INTO `db_queue_list` VALUES
(1, 1, 1, 1),
(2, 1, 1, 1),
(3, 1, 1, 1),
(4, 48, 0, 1),
(5, 42, 0, 1),
(6, 47, 0, 1);

DROP TABLE IF EXISTS `db_reasoff`;
CREATE TABLE `db_reasoff` (
  `id_reasoff` int(11) NOT NULL AUTO_INCREMENT,
  `name` varchar(60) NOT NULL,
  `sname` varchar(60) NOT NULL,
  `abbr` varchar(50) NOT NULL,
  PRIMARY KEY (`id_reasoff`)
) ENGINE=InnoDB AUTO_INCREMENT=3 /*!40101 DEFAULT CHARSET=cp1251 */;

INSERT INTO `db_reasoff` VALUES
(1, '', '', ''),
(2, ' ', '', '');

DROP TABLE IF EXISTS `db_reason`;
CREATE TABLE `db_reason` (
  `id_reason` int(11) NOT NULL AUTO_INCREMENT,
  `name` varchar(60) NOT NULL,
  `sname` varchar(60) NOT NULL,
  `abbr` varchar(50) NOT NULL,
  PRIMARY KEY (`id_reason`)
) ENGINE=InnoDB AUTO_INCREMENT=4 /*!40101 DEFAULT CHARSET=cp1251 */;

INSERT INTO `db_reason` VALUES
(1, '', '', ''),
(2, ' ', '', ''),
(3, '', '', '');

DROP TABLE IF EXISTS `db_region`;
CREATE TABLE `db_region` (
  `id_region` int(11) NOT NULL AUTO_INCREMENT,
  `name` varchar(60) NOT NULL,
  `sname` varchar(60) NOT NULL,
  `abbr` varchar(60) NOT NULL,
  PRIMARY KEY (`id_region`)
) ENGINE=InnoDB AUTO_INCREMENT=8 /*!40101 DEFAULT CHARSET=cp1251 */;

INSERT INTO `db_region` VALUES
(1, ' ', '', ''),
(2, ' ', '', ''),
(3, ' ', '', ''),
(4, ' ', '', ''),
(5, ' ', '', ''),
(6, ' ', '', ''),
(7, '', '', '');

DROP TABLE IF EXISTS `db_republic`;
CREATE TABLE `db_republic` (
  `id_republic` int(11) NOT NULL AUTO_INCREMENT,
  `name` varchar(60) NOT NULL,
  `sname` varchar(60) NOT NULL,
  `abbr` varchar(50) NOT NULL,
  `surname` varchar(200) NOT NULL,
  `midname` varchar(200) NOT NULL,
  `subject` varchar(100) NOT NULL,
  `rank` varchar(100) NOT NULL,
  PRIMARY KEY (`id_republic`)
) ENGINE=InnoDB AUTO_INCREMENT=235 /*!40101 DEFAULT CHARSET=cp1251 */;

INSERT INTO `db_republic` VALUES
(1, '', '', '', '', '', '', '1'),
(2, '', '', '', '', '', '', '1'),
(3, '', '', '', '', '', '', '1'),
(4, '', '', '', '', '', '', '2'),
(5, '', '', '', '', '', '', '2'),
(6, '', '', '', '', '', '', '2'),
(7, '', '', '', '', '', '', '2'),
(8, '', '', '', '', '', '', '2'),
(9, '', '', '', '', '', '', '2'),
(10, '', '', '', '', '', '', '3'),
(11, '', '', '', '', '', '', '3'),
(12, '', '', '', '', '', '', '3'),
(13, '', '', '', '', '', '', '3'),
(14, '', '', '', '', '', '', '3'),
(15, '', '', '', '', '', '', '3'),
(16, '', '', '', '', '', '', '3'),
(17, '', '', '', '', '', '', '3'),
(18, '', '', '', '', '', '', '3'),
(19, '', '', '', '', '', '', '1'),
(20, '', '', '', '', '', '', '1'),
(21, '', '', '', '', '', '', '1'),
(22, '', '', '', '', '', '', '1'),
(23, '', '', '', '', '', '', '2'),
(24, '', '', '', '', '', '', '2'),
(25, '', '', '', '', '', '', '2'),
(26, '', '', '', '', '', '', '2'),
(27, '', '', '', '', '', '', '2'),
(28, '', '', '', '', '', '', '3'),
(29, '', '', '', '', '', '', '3'),
(30, '', '', '', '', '', '', '3'),
(31, '', '', '', '', '', '', '3'),
(32, '', '', '', '', '', '', '3'),
(33, '', '', '', '', '', '', '3'),
(34, '', '', '', '', '', '', '3'),
(35, '', '', '', '', '', '', '3'),
(36, '', '', '', '', '', '', '3'),
(37, '', '', '', '', '', '', '1'),
(38, '', '', '', '', '', '', '1'),
(39, '', '', '', '', '', '', '1'),
(40, '', '', '', '', '', '', '1'),
(41, '', '', '', '', '', '', '2'),
(42, '', '', '', '', '', '', '2'),
(43, '', '', '', '', '', '', '2'),
(44, '', '', '', '', '', '', '2'),
(45, '', '', '', '', '', '', '2'),
(46, '', '', '', '', '', '', '2'),
(47, '', '', '', '', '', '', '3'),
(48, '', '', '', '', '', '', '3'),
(49, '', '', '', '', '', '', '3'),
(50, '', '', '', '', '', '', '3'),
(51, '', '', '', '', '', '', '3'),
(52, '', '', '', '', '', '', '3'),
(53, '', '', '', '', '', '', '3'),
(54, '', '', '', '', '', '', '3'),
(55, '', '', '', '', '', '', '3'),
(56, '', '', '', '', '', '', '3'),
(57, '', '', '', '', '', '', '1'),
(58, '', '', '', '', '', '', '1'),
(59, '', '', '', '', '', '', '1'),
(60, '', '', '', '', '', '', '1'),
(61, '', '', '', '', '', '', '1'),
(62, '', '', '', '', '', '', '2'),
(63, '', '', '', '', '', '', '2'),
(64, '', '', '', '', '', '', '2'),
(65, '', '', '', '', '', '', '2'),
(66, '', '', '', '', '', '', '2'),
(67, '', '', '', '', '', '', '2'),
(68, '', '', '', '', '', '', '2'),
(69, '', '', '', '', '', '', '2'),
(70, '', '', '', '', '', '', '3'),
(71, '', '', '', '', '', '', '3'),
(72, '', '', '', '', '', '', '3'),
(73, '', '', '', '', '', '', '3'),
(74, '', '', '', '', '', '', '3'),
(75, '', '', '', '', '', '', '3'),
(76, '', '', '', '', '', '', '3'),
(77, '', '', '', '', '', '', '3'),
(78, '', '', '', '', '', '', '3'),
(79, '', '', '', '', '', '', '3'),
(80, '', '', '', '', '', '', '3'),
(81, '', '', '', '', '', '', '3'),
(82, '', '', '', '', '', '', '3'),
(83, '', '', '', '', '', '', '3'),
(158, '', '', '', '', '', '', '1- '),
(159, '', '', '', '', '', '', '1- '),
(160, '', '', '', '', '', '', '1- '),
(161, '', '', '', '', '', '', '1- '),
(162, '', '', '', '', '', '', '1- '),
(163, '', '', '', '', '', '', '1- '),
(164, '', '', '', '', '', '', '1- '),
(165, '', '', '', '', '', '', '1- '),
(166, '', '', '', '', '', '', '1- '),
(167, '', '', '', '', '', '', '1- '),
(168, '', '', '', '', '', '', '1- '),
(169, '', '', '', '', '', '', '1- '),
(170, '', '', '', '', '', '', '1- '),
(171, '', '', '', '', '', '', '1- '),
(172, '', '', '', '', '', '', '1- '),
(173, '', '', '', '', '', '', '1- '),
(174, '', '', '', '', '', '', '1- '),
(175, '', '', '', '', '', '', '1- '),
(176, '', '', '', '', '', '', '1- '),
(177, '', '', '', '', '', '', '1- '),
(178, '', '', '', '', '', '', '1- '),
(179, '', '', '', '', '', '', '1- '),
(180, '', '', '', '', '', '', '1- '),
(181, '', '', '', '', '', '', '1- '),
(182, '', '', '', '', '', '', '1- '),
(183, '', '', '', '', '', '', '1- '),
(184, '', '', '', '', '', '', '1- '),
(185, '', '', '', '', '', '', '1- '),
(186, '', '', '', '', '', '', '1- '),
(187, '', '', '', '', '', '', '1- '),
(188, '', '', '', '', '', '', '1- '),
(189, '', '', '', '', '', '', '1- '),
(190, '', '', '', '', '', '', '1- '),
(191, '', '', '', '', '', '', '1- '),
(192, '', '', '', '', '', '', '1- '),
(193, '', '', '', '', '', '', '1- '),
(194, '', '', '', '', '', '', '1- '),
(195, '', '', '', '', '', '', '1- '),
(196, '', '', '', '', '', '', '1- '),
(197, '', '', '', '', '', '', '1- '),
(198, '', '', '', '', '', '', '1- '),
(199, '', '', '', '', '', '', '1- '),
(200, '', '', '', '', '', '', '1- '),
(201, '', '', '', '', '', '', '1- '),
(202, '', '', '', '', '', '', '1- '),
(203, '', '', '', '', '', '', '1- '),
(204, '', '', '', '', '', '', '1- '),
(205, '', '', '', '', '', '', '1- '),
(206, '', '', '', '', '', '', '1- '),
(207, '', '', '', '', '', '', '1- '),
(208, '', '', '', '', '', '', '1- '),
(209, '', '', '', '', '', '', '1- '),
(210, '', '', '', '', '', '', '1- '),
(211, '', '', '', '', '', '', '1- '),
(212, '', '', '', '', '', '', '1- '),
(213, '', '', '', '', '', '', '1- '),
(214, '', '', '', '', '', '', '1- '),
(215, '', '', '', '', '', '', '1- '),
(216, '', '', '', '', '', '', '1- '),
(217, '', '', '', '', '', '', '1- '),
(218, '', '', '', '', '', '', '1- '),
(219, '', '', '', '', '', '', '1- '),
(220, '', '', '', '', '', '', '1- '),
(221, '', '', '', '', '', '', '1- '),
(222, '', '', '', '', '', '', '1- '),
(223, '', '', '', '', '', '', '1- '),
(224, '', '', '', '', '', '', '1- '),
(225, '', '', '', '', '', '', '1- '),
(226, '', '', '', '', '', '', '1- '),
(227, '', '', '', '', '', '', '1- '),
(228, '', '', '', '', '', '', '1- '),
(229, '', '', '', '', '', '', '1- '),
(230, '', '', '', '', '', '', '1- '),
(231, '', '', '', '', '', '', '1- '),
(232, '', '', '', '', '', '', ''),
(233, '', '', '', '', '', '', ''),
(234, '', '', '', '', '', '', '');

DROP TABLE IF EXISTS `db_savefield`;
CREATE TABLE `db_savefield` (
  `id_savefield` int(11) NOT NULL AUTO_INCREMENT,
  `user_id` int(11) NOT NULL,
  `name` varchar(60) NOT NULL,
  `fields` text NOT NULL,
  PRIMARY KEY (`id_savefield`)
) ENGINE=InnoDB /*!40101 DEFAULT CHARSET=cp1251 */;

DROP TABLE IF EXISTS `db_secviol`;
CREATE TABLE `db_secviol` (
  `id_secviol` int(11) NOT NULL AUTO_INCREMENT,
  `ts` timestamp NOT NULL /*!40101 DEFAULT CURRENT_TIMESTAMP ON UPDATE CURRENT_TIMESTAMP */,
  `ipaddr` varchar(16) NOT NULL,
  `rs` varchar(100) NOT NULL,
  PRIMARY KEY (`id_secviol`)
) ENGINE=InnoDB /*!40101 DEFAULT CHARSET=cp1251 */;

DROP TABLE IF EXISTS `db_selog`;
CREATE TABLE `db_selog` (
  `id_selog` int(11) NOT NULL AUTO_INCREMENT,
  `ip` varchar(16) NOT NULL,
  `uid` int(11) NOT NULL,
  `key` varchar(60) NOT NULL,
  `value` int(11) NOT NULL,
  `ts` timestamp NOT NULL /*!40101 DEFAULT CURRENT_TIMESTAMP ON UPDATE CURRENT_TIMESTAMP */,
  PRIMARY KEY (`id_selog`)
) ENGINE=InnoDB /*!40101 DEFAULT CHARSET=cp1251 */;

DROP TABLE IF EXISTS `db_settings`;
CREATE TABLE `db_settings` (
  `id_settings` int(11) NOT NULL AUTO_INCREMENT,
  `hashkey` varchar(200) NOT NULL,
  `value` varchar(200) NOT NULL,
  PRIMARY KEY (`id_settings`),
  UNIQUE KEY `haskey` (`hashkey`)
) ENGINE=InnoDB AUTO_INCREMENT=13 /*!40101 DEFAULT CHARSET=cp1251 */;

INSERT INTO `db_settings` VALUES
(1, 'rector', '.. '),
(2, 'executor', '.. '),
(3, 'save', ''),
(6, 'abby_login', 'bsmu'),
(7, 'abby_pass', '86ba4e3');

DROP TABLE IF EXISTS `db_sex`;
CREATE TABLE `db_sex` (
  `id_sex` int(11) NOT NULL AUTO_INCREMENT,
  `name` varchar(60) NOT NULL,
  `sname` varchar(60) NOT NULL,
  `abbr` varchar(60) NOT NULL,
  PRIMARY KEY (`id_sex`)
) ENGINE=InnoDB AUTO_INCREMENT=3 /*!40101 DEFAULT CHARSET=cp1251 */;

INSERT INTO `db_sex` VALUES
(1, '', '', ''),
(2, '', '', '');

DROP TABLE IF EXISTS `db_smalltown`;
CREATE TABLE `db_smalltown` (
  `id_smalltown` int(11) NOT NULL AUTO_INCREMENT,
  `name` varchar(60) NOT NULL,
  `sname` varchar(60) NOT NULL,
  `abbr` varchar(50) NOT NULL,
  `town` varchar(200) NOT NULL,
  `region_by` int(11) NOT NULL,
  PRIMARY KEY (`id_smalltown`)
) ENGINE=InnoDB AUTO_INCREMENT=168 /*!40101 DEFAULT CHARSET=cp1251 */;

INSERT INTO `db_smalltown` VALUES
(1, '', '', '', ' ..', 1),
(2, '', '', '', '', 1),
(3, '', '', '', '', 1),
(4, '', '', '', '', 1),
(5, '', '', '', ' ..', 1),
(6, '', '', '', '-', 1),
(7, '', '', '', ' ..', 1),
(8, '', '', '', '', 1),
(9, '', '', '', '', 1),
(10, '', '', '', '', 1),
(11, '', '', '', '', 1),
(12, '', '', '', '', 1),
(13, '', '', '', ' ..', 1),
(14, '', '', '', '', 1),
(15, '', '', '', '', 1),
(16, '', '', '', '', 1),
(17, '', '', '', '', 1),
(18, '', '', '', ' ..', 1),
(19, '', '', '', ' ..', 1),
(20, '', '', '', '', 1),
(21, '', '', '', ' ..', 1),
(22, '', '', '', ' ..', 1),
(23, '', '', '', '', 2),
(24, '', '', '', ' ..', 2),
(25, '', '', '', ' ..', 2),
(26, '', '', '', ' ..', 2),
(27, '', '', '', ' ..', 2),
(28, '', '', '', ' ..', 2),
(29, '', '', '', '', 2),
(30, '', '', '', '', 2),
(31, '', '', '', ' ..', 2),
(32, '', '', '', ' ..', 2),
(33, '', '', '', ' ..', 2),
(34, '', '', '', '', 2),
(35, '', '', '', '', 2),
(36, '', '', '', '', 2),
(37, '', '', '', '', 2),
(38, '', '', '', '', 2),
(39, '', '', '', ' ..', 2),
(40, '', '', '', ' ..', 2),
(41, '', '', '', ' ..', 2),
(42, '', '', '', '', 2),
(43, '', '', '', ' ..', 2),
(44, '', '', '', ' ..', 2),
(45, '', '', '', '', 2),
(46, '', '', '', '', 2),
(47, '', '', '', ' ..', 2),
(48, '', '', '', ' ..', 2),
(49, '', '', '', ' ..', 2),
(50, '', '', '', ' ..', 2),
(51, '', '', '', '', 2),
(52, '', '', '', ' ..', 2),
(53, '', '', '', ' ..', 2),
(54, '', '', '', '', 2),
(55, '', '', '', ' ..', 2),
(56, '', '', '', '', 2),
(57, '', '', '', ' ..', 2),
(58, '', '', '', '', 2),
(59, '', '', '', ' ..', 2),
(60, '', '', '', ' ..', 2),
(61, '', '', '', ' ..', 2),
(63, '', '', '', ' ..', 3),
(64, '', '', '', ' ..', 3),
(65, '', '', '', '-', 3),
(66, '', '', '', '', 3),
(67, '', '', '', '', 3),
(68, '', '', '', '', 3),
(69, '', '', '', '', 3),
(70, '', '', '', '', 3),
(71, '', '', '', ' ..', 3),
(72, '', '', '', ' ..', 3),
(73, '', '', '', ' ..', 3),
(74, '', '', '', ' ..', 3),
(75, '', '', '', ' ..', 3),
(76, '', '', '', ' ..', 3),
(77, '', '', '', ' ..', 3),
(78, '', '', '', '', 3),
(79, '', '', '', ' ..', 3),
(80, '', '', '', ' ..', 3),
(81, '', '', '', ' ..', 3),
(82, '', '', '', '', 3),
(83, '', '', '', '  ..', 3),
(84, '', '', '', ' ..', 3),
(85, '', '', '', ' ..', 3),
(86, '', '', '', '', 3),
(87, '', '', '', ' ..', 3),
(88, '', '', '', '', 3),
(89, '', '', '', '', 3),
(90, '', '', '', '', 4),
(91, '', '', '', '  ..', 4),
(92, '', '', '', ' ..', 4),
(93, '', '', '', '', 4),
(94, '', '', '', ' ..', 4),
(95, '', '', '', ' ..', 4),
(96, '', '', '', ' ..', 4),
(97, '', '', '', ' ..', 4),
(98, '', '', '', ' ..', 4),
(99, '', '', '', ' ..', 4),
(100, '', '', '', ' ..', 4),
(101, '', '', '', ' ..', 4),
(102, '', '', '', '', 4),
(103, '', '', '', ' ..', 4),
(104, '', '', '', ' ..', 4),
(105, '', '', '', ' ..', 4),
(106, '', '', '', '', 4),
(107, '', '', '', ' ..', 4),
(108, '', '', '', ' ..', 4),
(109, '', '', '', ' ..', 4),
(110, '', '', '', '', 4),
(111, '', '', '', '', 4),
(112, '', '', '', ' ..', 4),
(113, '', '', '', '', 4),
(114, '', '', '', ' ..', 4),
(115, '', '', '', '', 5),
(116, '', '', '', ' ..', 5),
(117, '', '', '', '', 5),
(118, '', '', '', ' ..', 5),
(119, '', '', '', '', 5),
(120, '', '', '', '  ..', 5),
(121, '', '', '', ' ..', 5),
(122, '', '', '', '', 5),
(123, '', '', '', '', 5),
(124, '', '', '', '  ..', 5),
(125, '', '', '', ' ..', 5),
(126, '', '', '', '', 5),
(127, '', '', '', '', 5),
(128, '', '', '', '', 5),
(129, '', '', '', ' .', 5),
(130, '', '', '', '', 5),
(131, '', '', '', ' ..', 5),
(132, '', '', '', '', 5),
(133, '', '', '', ' ..', 5),
(134, '', '', '', ' ..', 5),
(135, '', '', '', ' ..', 5),
(136, '', '', '', ' ..', 5),
(137, '', '', '', ' ..', 5),
(138, '', '', '', ' ..', 5),
(139, '', '', '', ' ..', 5),
(140, '', '', '', '', 5),
(141, '', '', '', ' ..', 5),
(142, '', '', '', ' ', 5),
(143, '', '', '', '', 5),
(144, '', '', '', '', 5),
(145, '', '', '', ' .', 5),
(146, '', '', '', '', 5),
(147, '', '', '', ' ..', 5),
(148, '', '', '', '', 5),
(149, '', '', '', ' ..', 6),
(150, '', '', '', '', 6),
(151, '', '', '', ' ..', 6),
(152, '', '', '', ' ..', 6),
(153, '', '', '', ' ..', 6),
(154, '', '', '', ' ..', 6),
(155, '', '', '', '', 6),
(156, '', '', '', '', 6),
(157, '', '', '', '', 6),
(158, '', '', '', '', 6),
(159, '', '', '', ' ..', 6),
(160, '', '', '', ' ..', 6),
(161, '', '', '', '', 6),
(162, '', '', '', '', 6),
(163, '', '', '', ' ..', 6),
(164, '', '', '', ' ..', 6),
(165, '', '', '', '', 6),
(166, '', '', '', '', 6),
(167, '', '', '', '', 6);

DROP TABLE IF EXISTS `db_stalker`;
CREATE TABLE `db_stalker` (
  `id_stalker` int(11) NOT NULL AUTO_INCREMENT,
  `name` varchar(60) NOT NULL,
  `sname` varchar(60) NOT NULL,
  `abbr` varchar(50) NOT NULL,
  `region_by` int(11) NOT NULL,
  `area` varchar(100) NOT NULL,
  `ssname` varchar(100) NOT NULL,
  `town` varchar(100) NOT NULL,
  `ds` int(11) NOT NULL,
  PRIMARY KEY (`id_stalker`)
) ENGINE=InnoDB AUTO_INCREMENT=2392 /*!40101 DEFAULT CHARSET=cp1251 */;

INSERT INTO `db_stalker` VALUES
(1, '', '', '', 1, '', '', '. ', 0),
(2, '', '', '', 1, '', '', '. ', 0),
(3, '', '', '', 1, '', '', '. ', 0),
(4, '', '', '', 1, '', '', '. ', 0),
(5, '', '', '', 1, '', '', '. ', 0),
(6, '', '', '', 1, '', '', '. ', 0),
(7, '', '', '', 1, '', '', '. ', 0),
(8, '', '', '', 1, '', '', '. ', 0),
(9, '', '', '', 1, '', '', '.  ', 0),
(10, '', '', '', 1, '', '', '. ', 0),
(11, '', '', '', 1, '', ' ', '. ', 0),
(12, '', '', '', 1, '', ' ', '. ', 0),
(13, '', '', '', 1, '', '', '. ', 0),
(14, '', '', '', 1, '', '', ' -2', 0),
(15, '', '', '', 1, '', '', '.  ', 0),
(16, '', '', '', 1, '', '', '.  ', 0),
(17, '', '', '', 1, '', '', '. ', 0),
(18, '', '', '', 1, '', '', '.  ', 0),
(19, '', '', '', 1, '', '', ' ', 0),
(20, '', '', '', 1, '', '', '. ', 0),
(21, '', '', '', 1, '', '', '. ', 0),
(22, '', '', '', 1, '', '', ' -', 0),
(23, '', '', '', 1, '', '', '. ', 0),
(24, '', '', '', 1, '', '', '. ', 0),
(25, '', '', '', 1, '', '', ' ', 0),
(26, '', '', '', 1, '', '', '. ', 0),
(27, '', '', '', 1, '', '', '. ', 0),
(28, '', '', '', 1, '', '', '. ', 0),
(29, '', '', '', 1, '', '', '. ', 0),
(30, '', '', '', 1, '', '', '. ', 0),
(31, '', '', '', 1, '', '', '. ', 0),
(32, '', '', '', 1, '', '', '. ', 0),
(33, '', '', '', 1, '', '', '. ', 0),
(34, '', '', '', 1, '', '', '. ', 0),
(35, '', '', '', 1, '', '', '. ', 0),
(36, '', '', '', 1, '', '', '. ', 0),
(37, '', '', '', 1, '', '', '. ', 0),
(38, '', '', '', 1, '', '', ' ', 0),
(39, '', '', '', 1, '', '', '. ', 0),
(40, '', '', '', 1, '', '', '. ', 0),
(41, '', '', '', 1, '', '', '. ', 0),
(42, '', '', '', 1, '', '', '. ', 0),
(43, '', '', '', 1, '', '', ' ', 0),
(44, '', '', '', 1, '', '', '. ', 0),
(45, '', '', '', 1, '', '', ' -1', 0),
(46, '', '', '', 1, '', '', '. ', 0),
(47, '', '', '', 1, '', '  ', '. ', 0),
(48, '', '', '', 1, '', '  ', '. ', 0),
(49, '', '', '', 1, '', '  ', '. ', 0),
(50, '', '', '', 1, '', '', '. ', 0),
(51, '', '', '', 1, '', '', ' ', 0),
(52, '', '', '', 1, '', '', '. ', 0),
(53, '', '', '', 1, '', '', '. ', 0),
(54, '', '', '', 1, '', '', '. ', 0),
(55, '', '', '', 1, '', '', '. ', 0),
(56, '', '', '', 1, '', '', '. ', 0),
(57, '', '', '', 1, '', '', '. ', 0),
(58, '', '', '', 1, '', '', ' ', 0),
(59, '', '', '', 1, '', '', '.  ', 0),
(60, '', '', '', 1, '', '', '. ', 0),
(61, '', '', '', 1, '', '', '. ', 0),
(62, '', '', '', 1, '', '', '. ', 0),
(63, '', '', '', 1, '', '', '. ', 0),
(64, '', '', '', 1, '', '', '. ', 0),
(65, '', '', '', 1, '', '', '.  ', 0),
(66, '', '', '', 1, '', '', '.  ', 0),
(67, '', '', '', 1, '', '', '. ', 0),
(68, '', '', '', 1, '', '', '. ', 0),
(69, '', '', '', 1, '', '', '. ', 0),
(70, '', '', '', 1, '', ' ', '.. ', 0),
(71, '', '', '', 1, '', ' ', '. ', 0),
(72, '', '', '', 1, '', '', '. ', 0),
(73, '', '', '', 1, '', '', '. ', 0),
(74, '', '', '', 1, '', '', '. -', 0),
(75, '', '', '', 1, '', '', '. ', 0),
(76, '', '', '', 1, '', '', '. ', 0),
(77, '', '', '', 1, '', '', '. -', 0),
(78, '', '', '', 1, '', '', '. ', 0),
(79, '', '', '', 1, '', '', '. ', 0),
(80, '', '', '', 1, '', '', '. ', 0),
(81, '', '', '', 1, '', '', '. ', 0),
(82, '', '', '', 1, '', '', '. ', 0),
(83, '', '', '', 1, '', '', '. ', 0),
(84, '', '', '', 1, '', '', '. ', 0),
(85, '', '', '', 1, '', '', '. ', 0),
(86, '', '', '', 1, '', '', '. ', 0),
(87, '', '', '', 1, '', '', '. ', 0),
(88, '', '', '', 1, '', '', '. ', 0),
(89, '', '', '', 1, '', '', '. ', 0),
(90, '', '', '', 1, '', '', '.  ', 0),
(91, '', '', '', 1, '', '', '. ', 0),
(92, '', '', '', 1, '', '', '.  ', 0),
(93, '', '', '', 1, '', '', '. ', 0),
(94, '', '', '', 1, '', '', '.  ', 0),
(95, '', '', '', 1, '', '', '. ', 0),
(96, '', '', '', 1, '', '', '. ', 0),
(97, '', '', '', 1, '', '', '. ', 0),
(98, '', '', '', 1, '', '', '.  ', 0),
(99, '', '', '', 1, '', '  ', '. ', 0),
(100, '', '', '', 1, '', '  ', '.  ', 0),
(101, '', '', '', 1, '', '  ', '. ', 0),
(102, '', '', '', 1, '', '  ', '. ', 0),
(103, '', '', '', 1, '', '  ', '. ', 0),
(104, '', '', '', 1, '', '  ', '.  ', 0),
(105, '', '', '', 1, '', '', '. ', 0),
(106, '', '', '', 1, '', '', '. ', 0),
(107, '', '', '', 1, '', '', '.  ', 0),
(108, '', '', '', 1, '', '', '.  ', 0),
(109, '', '', '', 1, '', '', '. ', 0),
(110, '', '', '', 1, '', '', '. ', 0),
(111, '', '', '', 1, '', '', '. ', 0),
(112, '', '', '', 1, '', '', '. ', 0),
(113, '', '', '', 1, '', '', '. ', 0),
(114, '', '', '', 1, '', '', '. ', 0),
(115, '', '', '', 2, '', '', '.  ', 0),
(116, '', '', '', 3, '', '', '.  ', 0),
(117, '', '', '', 3, '', '', '. ', 0),
(118, '', '', '', 3, '', '  ', '.  ', 0),
(119, '', '', '', 3, '', '', '. ', 0),
(120, '', '', '', 3, '', '', '.  ', 0),
(121, '', '', '', 3, '', '', '. ', 0),
(122, '', '', '', 3, '', '', '.  ', 0),
(123, '', '', '', 3, '', '', '. ', 0),
(124, '', '', '', 3, '', '', '. ', 0),
(125, '', '', '', 3, '', '', '. ', 0),
(126, '', '', '', 3, '', '', '.  ', 0),
(127, '', '', '', 3, '', '', '. ', 0),
(128, '', '', '', 3, '', '', ' ', 0),
(129, '', '', '', 3, '', '', '. ', 0),
(130, '', '', '', 3, '', '', '.  ', 0),
(131, '', '', '', 3, '', '', '.  ', 0),
(132, '', '', '', 3, '', '', '. ', 0),
(133, '', '', '', 3, '', '', '. ', 0),
(134, '', '', '', 3, '', '', '. ', 0),
(135, '', '', '', 3, '', '', '. ', 0),
(136, '', '', '', 3, '', '', '. ', 0),
(137, '', '', '', 3, '', '', '. ', 0),
(138, '', '', '', 3, '', '', '.  ', 0),
(139, '', '', '', 3, '', '', '.  ', 0),
(140, '', '', '', 3, '', '', '. ', 0),
(141, '', '', '', 3, '', '', '. ', 0),
(142, '', '', '', 3, '', '', '. ', 0),
(143, '', '', '', 3, '', '', '.  ', 0),
(144, '', '', '', 3, '', '', '.  ', 0),
(145, '', '', '', 3, '', '', '. ', 0),
(146, '', '', '', 3, '', '', '. ', 0),
(147, '', '', '', 3, '', '', '.  ', 0),
(148, '', '', '', 3, '', '', '.  ', 0),
(149, '', '', '', 3, '', '', '. ', 0),
(150, '', '', '', 3, '', '', '.  ', 0),
(151, '', '', '', 3, '', '', ' ', 0),
(152, '', '', '', 3, '-', ' ', '. -', 0),
(153, '', '', '', 3, '-', ' ', '.. ', 0),
(154, '', '', '', 3, '-', '', '. ', 0),
(155, '', '', '', 3, '-', '', '. ', 0),
(156, '', '', '', 3, '-', '', '. ', 0),
(157, '', '', '', 3, '-', '', '. ', 0),
(158, '', '', '', 3, '-', '', '. ', 0),
(159, '', '', '', 3, '-', '', '. ', 0),
(160, '', '', '', 3, '-', '', '. ', 0),
(161, '', '', '', 3, '-', '', '. ', 0),
(162, '', '', '', 3, '-', '', '. ', 0),
(163, '', '', '', 3, '-', '', '. ', 0),
(164, '', '', '', 3, '-', '', '. ', 0),
(165, '', '', '', 3, '-', '', '. ', 0),
(166, '', '', '', 3, '-', '', '.  ', 0),
(167, '', '', '', 3, '-', '', '. ', 0),
(168, '', '', '', 3, '-', '', '. ', 0),
(169, '', '', '', 3, '-', '', '. ', 0),
(170, '', '', '', 3, '-', '', '. ', 0),
(171, '', '', '', 3, '-', '', '. ', 0),
(172, '', '', '', 3, '-', '', '. ', 0),
(173, '', '', '', 3, '-', '', '.  ', 0),
(174, '', '', '', 3, '-', '', '. ', 0),
(175, '', '', '', 3, '-', '', '.  ', 0),
(176, '', '', '', 3, '-', '', ' ', 0),
(177, '', '', '', 3, '-', '', '. ', 0),
(178, '', '', '', 3, '-', '', '.  ', 0),
(179, '', '', '', 3, '-', '', '. ', 0),
(180, '', '', '', 3, '-', '', ' ', 0),
(181, '', '', '', 3, '-', '', '. ', 0),
(182, '', '', '', 3, '-', '', '. ', 0),
(183, '', '', '', 3, '-', '', '. ', 0),
(184, '', '', '', 3, '-', '', '. ', 0),
(185, '', '', '', 3, '-', '', '. ', 0),
(186, '', '', '', 3, '-', '', '. ', 0),
(187, '', '', '', 3, '-', '', '.  ', 0),
(188, '', '', '', 3, '-', '', '.  ', 0),
(189, '', '', '', 3, '-', '', '. ', 0),
(190, '', '', '', 3, '-', '', '. ', 0),
(191, '', '', '', 3, '-', '', '. ', 0),
(192, '', '', '', 3, '-', '', '. ', 0),
(193, '', '', '', 3, '-', '', '.  ', 0),
(194, '', '', '', 3, '-', '', '. ', 0),
(195, '', '', '', 3, '-', '', '. ', 0),
(196, '', '', '', 3, '-', '', '. ', 0),
(197, '', '', '', 3, '-', '', '.  ', 0),
(198, '', '', '', 3, '-', '', '. ', 0),
(199, '', '', '', 3, '-', '', '. ', 0),
(200, '', '', '', 3, '-', '', '. ', 0),
(201, '', '', '', 3, '-', '', '.  ', 0),
(202, '', '', '', 3, '-', '', '.  ', 0),
(203, '', '', '', 3, '-', '', ' ', 0),
(204, '', '', '', 3, '-', '', '. ', 0),
(205, '', '', '', 3, '-', '', '. ', 0),
(206, '', '', '', 3, '-', '', '. ', 0),
(207, '', '', '', 3, '-', '', '. ', 0),
(208, '', '', '', 3, '-', '', '. ', 0),
(209, '', '', '', 3, '-', '', '. ', 0),
(210, '', '', '', 3, '-', '', '. ', 0),
(211, '', '', '', 3, '-', '', '. ', 0),
(212, '', '', '', 3, '-', '', '. ', 0),
(213, '', '', '', 3, '-', '', '. ', 0),
(214, '', '', '', 3, '-', '', '.  ', 0),
(215, '', '', '', 3, '-', '', '. ', 0),
(216, '', '', '', 3, '-', '', '.  ', 0),
(217, '', '', '', 3, '-', '', '. ', 0),
(218, '', '', '', 3, '-', '', '. ', 0),
(219, '', '', '', 3, '-', '', '. ', 0),
(220, '', '', '', 3, '-', '', ' ', 0),
(221, '', '', '', 3, '-', '', '. ', 0),
(222, '', '', '', 3, '-', '', '. ', 0),
(223, '', '', '', 3, '-', '', '. ', 0),
(224, '', '', '', 3, '-', '', '.  ', 0),
(225, '', '', '', 3, '-', '', '. ', 0),
(226, '', '', '', 3, '-', '', '. ', 0),
(227, '', '', '', 3, '-', '', '. ', 0),
(228, '', '', '', 3, '-', '', '. ', 0),
(229, '', '', '', 3, '-', '', '. ', 0),
(230, '', '', '', 3, '-', '', '. ', 0),
(231, '', '', '', 3, '-', '', '. ', 0),
(232, '', '', '', 3, '-', '', '. ', 0),
(233, '', '', '', 3, '-', '', '. ', 0),
(234, '', '', '', 3, '-', '', '. ', 0),
(235, '', '', '', 3, '-', '', '. ', 0),
(236, '', '', '', 3, '-', '', '.  ', 0),
(237, '', '', '', 3, '-', '', ' ', 0),
(238, '', '', '', 3, '-', '', '. ', 0),
(239, '', '', '', 3, '-', '', '. ', 0),
(240, '', '', '', 3, '-', '', '. ', 0),
(241, '', '', '', 3, '-', '', '.  ', 0),
(242, '', '', '', 3, '-', '', '.  ', 0),
(243, '', '', '', 3, '-', '', '. ', 0),
(244, '', '', '', 3, '-', '', '. ', 0),
(245, '', '', '', 3, '-', '', '. ', 0),
(246, '', '', '', 3, '-', '', '.  ', 0),
(247, '', '', '', 3, '-', '', '. ', 0),
(248, '', '', '', 3, '-', '', '.  ', 0),
(249, '', '', '', 3, '-', '', '.  ', 0),
(250, '', '', '', 3, '-', '', '.  ', 0),
(251, '', '', '', 3, '-', '', '. ', 0),
(252, '', '', '', 3, '-', '', '. ', 0),
(253, '', '', '', 3, '-', '', '. ', 0),
(254, '', '', '', 3, '-', '', '. ', 0),
(255, '', '', '', 3, '-', '', '. ', 0),
(256, '', '', '', 3, '-', '', '. ', 0),
(257, '', '', '', 3, '-', '', '. ', 0),
(258, '', '', '', 3, '-', '', '. ', 0),
(259, '', '', '', 3, '-', '', '. ', 0),
(260, '', '', '', 3, '-', '', '. ', 0),
(261, '', '', '', 3, '-', '', '. ', 0),
(262, '', '', '', 3, '-', '', '. ', 0),
(263, '', '', '', 3, '-', '', '. ', 0),
(264, '', '', '', 3, '-', '', '. ', 0),
(265, '', '', '', 3, '-', '', '. ', 0),
(266, '', '', '', 3, '-', '', '. ', 0),
(267, '', '', '', 3, '-', '', ' ', 0),
(268, '', '', '', 3, '-', '', '. ', 0),
(269, '', '', '', 3, '-', '', '. ', 0),
(270, '', '', '', 3, '-', '', '. ', 0),
(271, '', '', '', 3, '-', '', '. ', 0),
(272, '', '', '', 3, '-', '', '. ', 0),
(273, '', '', '', 3, '-', '', ' ', 0),
(274, '', '', '', 3, '-', '', '. ', 0),
(275, '', '', '', 3, '-', '', '.  ', 0),
(276, '', '', '', 3, '-', '', '. ', 0),
(277, '', '', '', 3, '-', '', '. ', 0),
(278, '', '', '', 3, '-', '', '. ', 0),
(279, '', '', '', 3, '-', '', '. ', 0),
(280, '', '', '', 3, '-', '', '. ', 0),
(281, '', '', '', 3, '-', '', '.  ', 0),
(282, '', '', '', 3, '-', '', '. ', 0),
(283, '', '', '', 3, '-', '', '. ', 0),
(284, '', '', '', 3, '-', '', '. ', 0),
(285, '', '', '', 3, '-', '', '. ', 0),
(286, '', '', '', 3, '-', '', '. ', 0),
(287, '', '', '', 3, '-', '', '. ', 0),
(288, '', '', '', 3, '-', '', '. ', 0),
(289, '', '', '', 3, '-', '', '. ', 0),
(290, '', '', '', 3, '-', '', '. ', 0),
(291, '', '', '', 3, '-', '', '. ', 0),
(292, '', '', '', 3, '-', '', '. ', 0),
(293, '', '', '', 3, '-', '', '. ', 0),
(294, '', '', '', 3, '-', '', '. ', 0),
(295, '', '', '', 3, '-', '', '. ', 0),
(296, '', '', '', 3, '-', '', ' ', 0),
(297, '', '', '', 3, '-', '', '.  ', 0),
(298, '', '', '', 3, '-', '', '. ', 0),
(299, '', '', '', 3, '-', '  ', '.  ', 0),
(300, '', '', '', 3, '-', '  ', '. ', 0),
(301, '', '', '', 3, '-', '  ', '.  ', 0),
(302, '', '', '', 3, '-', '  ', '. ', 0),
(303, '', '', '', 3, '-', '  ', '. ', 0),
(304, '', '', '', 3, '-', '  ', '. ', 0),
(305, '', '', '', 3, '-', '  ', '. ', 0),
(306, '', '', '', 3, '-', '', '. ', 0),
(307, '', '', '', 3, '-', '', '. ', 0),
(308, '', '', '', 3, '-', '', '.  ', 0),
(309, '', '', '', 3, '-', '', '. ', 0),
(310, '', '', '', 3, '-', '', '. ', 0),
(311, '', '', '', 3, '-', '', '. ', 0),
(312, '', '', '', 3, '-', '', '. ', 0),
(313, '', '', '', 3, '-', '', '. ', 0),
(314, '', '', '', 3, '-', '', '. ', 0),
(315, '', '', '', 3, '-', '', '. ', 0),
(316, '', '', '', 3, '-', '', '. ', 0),
(317, '', '', '', 3, '-', '', '.  ', 0),
(318, '', '', '', 3, '-', '', '. ', 0),
(319, '', '', '', 3, '-', '', '. ', 0),
(320, '', '', '', 3, '-', '', '. -', 0),
(321, '', '', '', 3, '-', '', '. ', 0),
(322, '', '', '', 3, '-', '', '. ', 0),
(323, '', '', '', 3, '-', '', '. ', 0),
(324, '', '', '', 3, '-', '', '. ', 0),
(325, '', '', '', 3, '-', '', '. ', 0),
(326, '', '', '', 3, '-', '', ' ', 0),
(327, '', '', '', 3, '', '', '. ', 0),
(328, '', '', '', 3, '', '', '.  ', 0),
(329, '', '', '', 3, '', '', '. ', 0),
(330, '', '', '', 3, '', '', '. ', 0),
(331, '', '', '', 3, '', '', '. ', 0),
(332, '', '', '', 3, '', '', '. ', 0),
(333, '', '', '', 3, '', '', '  ', 0),
(334, '', '', '', 3, '', '', '. ', 0),
(335, '', '', '', 3, '', '', '. ', 0),
(336, '', '', '', 3, '', '', '. ', 0),
(337, '', '', '', 3, '', '', '. -', 0),
(338, '', '', '', 3, '', '', ' ', 0),
(339, '', '', '', 3, '', '', '. ', 0),
(340, '', '', '', 3, '', '', '.  ', 0),
(341, '', '', '', 3, '', '', '. ', 0),
(342, '', '', '', 3, '', '', '. ', 0),
(343, '', '', '', 3, '', '', '. ', 0),
(344, '', '', '', 3, '', '', '. -', 0),
(345, '', '', '', 3, '', '', '. ', 0),
(346, '', '', '', 3, '', '', '. ', 0),
(347, '', '', '', 3, '', ' ', '. ', 0),
(348, '', '', '', 3, '', ' ', '.. ', 0),
(349, '', '', '', 3, '', '', ' ', 0),
(350, '', '', '', 3, '', '', '. ', 0),
(351, '', '', '', 3, '', '', '. ', 0),
(352, '', '', '', 3, '', '', '.  ', 0),
(353, '', '', '', 3, '', '', '.  ', 0),
(354, '', '', '', 3, '', '', '.  ', 0),
(355, '', '', '', 3, '', '', '. ', 0),
(356, '', '', '', 3, '', '', '. ', 0),
(357, '', '', '', 3, '', '', '. ', 0),
(358, '', '', '', 3, '', '', '. -1', 0),
(359, '', '', '', 3, '', '', '. -2', 0),
(360, '', '', '', 3, '', '', '. ', 0),
(361, '', '', '', 3, '', '', '. ', 0),
(362, '', '', '', 3, '', '  ', '. ', 0),
(363, '', '', '', 3, '', '', '. ', 0),
(364, '', '', '', 3, '', '', ' ', 0),
(365, '', '', '', 3, '', '', '. ', 0),
(366, '', '', '', 3, '', '', '. ', 0),
(367, '', '', '', 3, '', '', '. ', 0),
(368, '', '', '', 3, '', '', ' ', 0),
(369, '', '', '', 3, '', '', '.  ', 0),
(370, '', '', '', 3, '', '', ' ', 0),
(371, '', '', '', 3, '', '', '.  ', 0),
(372, '', '', '', 3, '', '', '. ', 0),
(373, '', '', '', 3, '', '', '. ', 0),
(374, '', '', '', 3, '', '', '. ', 0),
(375, '', '', '', 3, '', '', '. ', 0),
(376, '', '', '', 3, '', '', '.  ', 0),
(377, '', '', '', 3, '', '', '. ', 0),
(378, '', '', '', 3, '', '', '. ', 0),
(379, '', '', '', 3, '', '', '. ', 0),
(380, '', '', '', 3, '', '', '. ', 0),
(381, '', '', '', 3, '', '', ' ', 0),
(382, '', '', '', 3, '', '', '. ', 0),
(383, '', '', '', 3, '', '', '. ', 0),
(384, '', '', '', 3, '', '', '.  ', 0),
(385, '', '', '', 3, '', '', '. ', 0),
(386, '', '', '', 3, '', '', '. ', 0),
(387, '', '', '', 3, '', '', '. ', 0),
(388, '', '', '', 3, '', '', '. ', 0),
(389, '', '', '', 3, '', '', '. ', 0),
(390, '', '', '', 3, '', '', '. ', 0),
(391, '', '', '', 3, '', '', '. ', 0),
(392, '', '', '', 3, '', '', '. ', 0),
(393, '', '', '', 3, '', '', '. ', 0),
(394, '', '', '', 3, '', '', '. ', 0),
(395, '', '', '', 3, '', '', '. -', 0),
(396, '', '', '', 3, '', '', '. ', 0),
(397, '', '', '', 3, '', '', ' ', 0),
(398, '', '', '', 3, '', '', '. ', 0),
(399, '', '', '', 3, '', '', '. ', 0),
(400, '', '', '', 3, '', '', '. ', 0),
(401, '', '', '', 3, '', '', '. ', 0),
(402, '', '', '', 3, '', '', '. ', 0),
(403, '', '', '', 3, '', '', '.  ', 0),
(404, '', '', '', 3, '', '', '. ', 0),
(405, '', '', '', 3, '', '', '. ', 0),
(406, '', '', '', 3, '', '', '. ', 0),
(407, '', '', '', 3, '', '', '. ', 0),
(408, '', '', '', 3, '', '', '. ', 0),
(409, '', '', '', 3, '', '', '. ', 0),
(410, '', '', '', 3, '', '', '. ', 0),
(411, '', '', '', 3, '', '', '.  ', 0),
(412, '', '', '', 3, '', '', '.  ', 0),
(413, '', '', '', 3, '', '', '. ', 0),
(414, '', '', '', 3, '', '', '.  ', 0),
(415, '', '', '', 3, '', '', ' ', 0),
(416, '', '', '', 3, '', ' ', '. ', 0),
(417, '', '', '', 3, '', '', '. ', 0),
(418, '', '', '', 3, '', '', '.  ', 0),
(419, '', '', '', 3, '', '', ' ', 0),
(420, '', '', '', 3, '', '', '. ', 0),
(421, '', '', '', 3, '', '', '. ', 0),
(422, '', '', '', 3, '', '', '  ', 0),
(423, '', '', '', 3, '', '', '. ', 0),
(424, '', '', '', 3, '', '', '. ', 0),
(425, '', '', '', 3, '', '', ' ', 0),
(426, '', '', '', 3, '', '', '. ', 0),
(427, '', '', '', 3, '', '', '. ', 0),
(428, '', '', '', 3, '', '', '. ', 0),
(429, '', '', '', 3, '', '', ' ', 0),
(430, '', '', '', 3, '', '', '. ', 0),
(431, '', '', '', 3, '', '', '. ', 0),
(432, '', '', '', 3, '', '', '. ', 0),
(433, '', '', '', 3, '', '', '. ', 0),
(434, '', '', '', 3, '', '', '. ', 0),
(435, '', '', '', 3, '', '', '. ', 0),
(436, '', '', '', 3, '', '', '. ', 0),
(437, '', '', '', 3, '', '', '. ', 0),
(438, '', '', '', 3, '', ' ', '. ', 0),
(439, '', '', '', 3, '', '', '. ', 0),
(440, '', '', '', 3, '', '', '. ', 0),
(441, '', '', '', 3, '', '', '. ', 0),
(442, '', '', '', 3, '', '', '. ', 0),
(443, '', '', '', 3, '', '', '. ', 0),
(444, '', '', '', 3, '', '', '. ', 0),
(445, '', '', '', 3, '', '', '. ', 0),
(446, '', '', '', 3, '', '', '. ', 0),
(447, '', '', '', 3, '', '', '. ', 0),
(448, '', '', '', 3, '', '', '. ', 0),
(449, '', '', '', 3, '', '', '. ', 0),
(450, '', '', '', 3, '', '', '. ', 0),
(451, '', '', '', 3, '', '', '. ', 0),
(452, '', '', '', 3, '', '', '. ', 0),
(453, '', '', '', 3, '', '', '. ', 0),
(454, '', '', '', 3, '', '', '. ', 0),
(455, '', '', '', 3, '', '', '. ', 0),
(456, '', '', '', 3, '', '', '. ', 0),
(457, '', '', '', 3, '', '', '. ', 0),
(458, '', '', '', 3, '', '', '. ', 0),
(459, '', '', '', 3, '', '', '. ', 0),
(460, '', '', '', 3, '', '', '. ', 0),
(461, '', '', '', 3, '', '', '. ', 0),
(462, '', '', '', 3, '', '', '. ', 0),
(463, '', '', '', 3, '', '', '. ', 0),
(464, '', '', '', 3, '', '', '. ', 0),
(465, '', '', '', 3, '', '', '. ', 0),
(466, '', '', '', 3, '', '', '. ', 0),
(467, '', '', '', 3, '', '', '. ', 0),
(468, '', '', '', 3, '', '', '. ', 0),
(469, '', '', '', 3, '', '', '. ', 0),
(470, '', '', '', 3, '', '', '. ', 0),
(471, '', '', '', 3, '', '', '. ', 0),
(472, '', '', '', 3, '', '', '. ', 0),
(473, '', '', '', 3, '', '', '. ', 0),
(474, '', '', '', 3, '', '', '. ', 0),
(475, '', '', '', 3, '', '', ' ', 0),
(476, '', '', '', 3, '', '', '. ', 0),
(477, '', '', '', 3, '', '', '. ', 0),
(478, '', '', '', 3, '', '', '.  ', 0),
(479, '', '', '', 3, '', '', '. ', 0),
(480, '', '', '', 3, '', '', '. ', 0),
(481, '', '', '', 3, '', '', '  ', 0),
(482, '', '', '', 3, '', ' ', '. ', 0),
(483, '', '', '', 3, '', ' ', '. ', 0),
(484, '', '', '', 3, '', '', '.  ', 0),
(485, '', '', '', 3, '', '', '. ', 0),
(486, '', '', '', 3, '', '', '. ', 0),
(487, '', '', '', 3, '', '', '. ', 0),
(488, '', '', '', 3, '', '', '. ', 0),
(489, '', '', '', 3, '', '', ' ', 0),
(490, '', '', '', 3, '', '', '.  ', 0),
(491, '', '', '', 3, '', '', '. ', 0),
(492, '', '', '', 3, '', '', '. ', 0),
(493, '', '', '', 3, '', '', '. ', 0),
(494, '', '', '', 3, '', '', '. ', 0),
(495, '', '', '', 3, '', '', '. ', 0),
(496, '', '', '', 3, '', '', ' ', 0),
(497, '', '', '', 3, '', '', '. ', 0),
(498, '', '', '', 3, '', '', '.  ', 0),
(499, '', '', '', 3, '', '', '. ', 0),
(500, '', '', '', 3, '', '', '.  ', 0),
(501, '', '', '', 3, '', '', '. ', 0),
(502, '', '', '', 3, '', '', '. ', 0),
(503, '', '', '', 3, '', '', '. ', 0),
(504, '', '', '', 3, '', '', '. ', 0),
(505, '', '', '', 3, '', '', '. ', 0),
(506, '', '', '', 3, '', '', '. ', 0),
(507, '', '', '', 3, '', '', '. ', 0),
(508, '', '', '', 3, '', '', '. ', 0),
(509, '', '', '', 3, '', '', '. ', 0),
(510, '', '', '', 3, '', '', '. ', 0),
(511, '', '', '', 3, '', '', '. ', 0),
(512, '', '', '', 3, '', '', '. ', 0),
(513, '', '', '', 3, '', '', ' ', 0),
(514, '', '', '', 3, '', '', '. ', 0),
(515, '', '', '', 3, '', '', '. ', 0),
(516, '', '', '', 3, '', '', ' ', 0),
(517, '', '', '', 3, '', '', '.  ', 0),
(518, '', '', '', 3, '', '', '. ', 0),
(519, '', '', '', 3, '', '', '. ', 0),
(520, '', '', '', 3, '', '', '. ', 0),
(521, '', '', '', 3, '', '', '. ', 0),
(522, '', '', '', 3, '', '', '. ', 0),
(523, '', '', '', 3, '', '', '. ', 0),
(524, '', '', '', 3, '', '', '. ', 0),
(525, '', '', '', 3, '', '', ' ', 0),
(526, '', '', '', 3, '', '', '.  ', 0),
(527, '', '', '', 3, '', '', '. ', 0),
(528, '', '', '', 3, '', '', '. ', 0),
(529, '', '', '', 3, '', '', '.  ', 0),
(530, '', '', '', 3, '', '', '. ', 0),
(531, '', '', '', 3, '', '', '. ', 0),
(532, '', '', '', 3, '', '', '. ', 0),
(533, '', '', '', 3, '', '', '. ', 0),
(534, '', '', '', 3, '', '', '. ', 0),
(535, '', '', '', 3, '', '', '.  ', 0),
(536, '', '', '', 3, '', '', ' ', 0),
(537, '', '', '', 3, '', '', '. ', 0),
(538, '', '', '', 3, '', '', '. ', 0),
(539, '', '', '', 3, '', '', '.  ', 0),
(540, '', '', '', 3, '', '', '.  ', 0),
(541, '', '', '', 3, '', '', '. ', 0),
(542, '', '', '', 3, '', '', '. ', 0),
(543, '', '', '', 3, '', '', '. ', 0),
(544, '', '', '', 3, '', '', '. ', 0),
(545, '', '', '', 3, '', '', '. ', 0),
(546, '', '', '', 3, '', '', '. ', 0),
(547, '', '', '', 3, '', '', '.  ', 0),
(548, '', '', '', 3, '', '', '. ', 0),
(549, '', '', '', 3, '', '', '. ', 0),
(550, '', '', '', 3, '', '', '. ', 0),
(551, '', '', '', 3, '', '', '. ', 0),
(552, '', '', '', 3, '', '', '. ', 0),
(553, '', '', '', 3, '', '', '. ', 0),
(554, '', '', '', 3, '', '', '. ', 0),
(555, '', '', '', 3, '', '', '. ', 0),
(556, '', '', '', 3, '', '', '. ', 0),
(557, '', '', '', 3, '', '', '. ', 0),
(558, '', '', '', 3, '', '', '. ', 0),
(559, '', '', '', 3, '', '', '. ', 0),
(560, '', '', '', 3, '', '', '.  ', 0),
(561, '', '', '', 3, '', '', '. ', 0),
(562, '', '', '', 3, '', '', '. ', 0),
(563, '', '', '', 3, '', '', '. ', 0),
(564, '', '', '', 3, '', '', '.  ', 0),
(565, '', '', '', 3, '', '', '.  ', 0),
(566, '', '', '', 3, '', '', '. ', 0),
(567, '', '', '', 3, '', '', '. ', 0),
(568, '', '', '', 3, '', '', '. ', 0),
(569, '', '', '', 3, '', '', '. ', 0),
(570, '', '', '', 3, '', '', '. ', 0),
(571, '', '', '', 3, '', '', '. ', 0),
(572, '', '', '', 3, '', '', '. ', 0),
(573, '', '', '', 3, '', '', '. ', 0),
(574, '', '', '', 3, '', '', '. ', 0),
(575, '', '', '', 3, '', '', '. ', 0),
(576, '', '', '', 3, '', '', '. ', 0),
(577, '', '', '', 3, '', '', '. ', 0),
(578, '', '', '', 3, '', '', '.  ', 0),
(579, '', '', '', 3, '', '', '. ', 0),
(580, '', '', '', 3, '', '', '. ', 0),
(581, '', '', '', 3, '', '', '. ', 0),
(582, '', '', '', 3, '', '', '. ', 0),
(583, '', '', '', 3, '', '', '. ', 0),
(584, '', '', '', 3, '', '  ', '. ', 0),
(585, '', '', '', 3, '', '', '. ', 0),
(586, '', '', '', 3, '', '', '. ', 0),
(587, '', '', '', 3, '', '', '. ', 0),
(588, '', '', '', 3, '', '', '. ', 0),
(589, '', '', '', 3, '', '', ' ', 0),
(590, '', '', '', 3, '', '', '. ', 0),
(591, '', '', '', 3, '', '', '. ', 0),
(592, '', '', '', 3, '', '', '. ', 0),
(593, '', '', '', 3, '', '', '. -', 0),
(594, '', '', '', 3, '', '', '. ', 0),
(595, '', '', '', 3, '', '', '. ', 0),
(596, '', '', '', 3, '', '', '. ', 0),
(597, '', '', '', 3, '', '', ' ', 0),
(598, '', '', '', 3, '', '', '. ', 0),
(599, '', '', '', 3, '', '', ' ', 0),
(600, '', '', '', 3, '', '', '. ', 0),
(601, '', '', '', 3, '', '', '. ', 0),
(602, '', '', '', 3, '', '', '. ', 0),
(603, '', '', '', 3, '', '', '. ', 0),
(604, '', '', '', 3, '', '', '  ', 0),
(605, '', '', '', 3, '', '', '. ', 0),
(606, '', '', '', 3, '', '', '. ', 0),
(607, '', '', '', 3, '', '', '. ', 0),
(608, '', '', '', 3, '', '', '. ', 0),
(609, '', '', '', 3, '', '', '. ', 0),
(610, '', '', '', 3, '', '', '.  ', 0),
(611, '', '', '', 3, '', '', '. ', 0),
(612, '', '', '', 3, '', '', '. ', 0),
(613, '', '', '', 3, '', '', '. ', 0),
(614, '', '', '', 3, '', '', '. ', 0),
(615, '', '', '', 3, '', '', '. ', 0),
(616, '', '', '', 3, '', '', '.  ', 0),
(617, '', '', '', 3, '', '', '. ', 0),
(618, '', '', '', 3, '', '', '. ', 0),
(619, '', '', '', 3, '', '', ' ', 0),
(620, '', '', '', 3, '', '', '. ', 0),
(621, '', '', '', 3, '', '', '. ', 0),
(622, '', '', '', 3, '', '', '. ', 0),
(623, '', '', '', 3, '', '', '. ', 0),
(624, '', '', '', 3, '', '', '. ', 0),
(625, '', '', '', 3, '', '', '. -', 0),
(626, '', '', '', 3, '', '', '. ', 0),
(627, '', '', '', 3, '', '', '. ', 0),
(628, '', '', '', 3, '', '', ' ', 0),
(629, '', '', '', 3, '', ' ', '.. ', 0),
(630, '', '', '', 3, '', '', ' ', 0),
(631, '', '', '', 3, '', '', '. ', 0),
(632, '', '', '', 3, '', '', '. ', 0),
(633, '', '', '', 3, '', '', '. ', 0),
(634, '', '', '', 3, '', '', '. ', 0),
(635, '', '', '', 3, '', '', '. ', 0),
(636, '', '', '', 3, '', '', '. ', 0),
(637, '', '', '', 3, '', '', '. -', 0),
(638, '', '', '', 3, '', '', ' ', 0),
(639, '', '', '', 3, '', '', '. ', 0),
(640, '', '', '', 3, '', '', '. ', 0),
(641, '', '', '', 3, '', '', '. ', 0),
(642, '', '', '', 3, '', '', '. ', 0),
(643, '', '', '', 3, '', '', '. ', 0),
(644, '', '', '', 3, '', '', '. ', 0),
(645, '', '', '', 3, '', '', '.  ', 0),
(646, '', '', '', 3, '', '', '. ', 0),
(647, '', '', '', 3, '', '', '. ', 0),
(648, '', '', '', 3, '', '', ' ', 0),
(649, '', '', '', 3, '', '', '. ', 0),
(650, '', '', '', 3, '', '', '. ', 0),
(651, '', '', '', 3, '', '', '. ', 0),
(652, '', '', '', 3, '', '', '. ', 0),
(653, '', '', '', 3, '', '', '. ', 0),
(654, '', '', '', 3, '', '', '. ', 0),
(655, '', '', '', 3, '', '', '. ', 0),
(656, '', '', '', 3, '', '', '. ', 0),
(657, '', '', '', 3, '', '', '. ', 0),
(658, '', '', '', 3, '', '', '. ', 0),
(659, '', '', '', 3, '', '', '. ', 0),
(660, '', '', '', 3, '', '', ' ', 0),
(661, '', '', '', 3, '', '', '. ', 0),
(662, '', '', '', 3, '', '', '. ', 0),
(663, '', '', '', 3, '', '', '. ', 0),
(664, '', '', '', 3, '', '', '. -', 0),
(665, '', '', '', 3, '', '', ' ', 0),
(666, '', '', '', 3, '', '', '. ', 0),
(667, '', '', '', 3, '', '', '. ', 0),
(668, '', '', '', 3, '', '', '. ', 0),
(669, '', '', '', 3, '', '', '. ', 0),
(670, '', '', '', 3, '', '', ' ', 0),
(671, '', '', '', 3, '', '', '.  ', 0),
(672, '', '', '', 3, '', '', '.  ', 0),
(673, '', '', '', 3, '', '', '. ', 0),
(674, '', '', '', 3, '', '', '. ', 0),
(675, '', '', '', 3, '', '', '. ', 0),
(676, '', '', '', 3, '', '', ' ', 0),
(677, '', '', '', 3, '', '', '.  ', 0),
(678, '', '', '', 3, '', '', '. ', 0),
(679, '', '', '', 3, '', '', '. ', 0),
(680, '', '', '', 3, '', '', '. ', 0),
(681, '', '', '', 3, '', '', '.  ', 0),
(682, '', '', '', 3, '', '', ' ', 0),
(683, '', '', '', 3, '', '', '. ', 0),
(684, '', '', '', 3, '', '', '. ', 0),
(685, '', '', '', 3, '', '', '. ', 0),
(686, '', '', '', 3, '', '', '.  ', 0),
(687, '', '', '', 3, '', '', '. ', 0),
(688, '', '', '', 3, '', '', ' ', 0),
(689, '', '', '', 3, '', '', '. ', 0),
(690, '', '', '', 3, '', '', '. ', 0),
(691, '', '', '', 3, '', '', '. ', 0),
(692, '', '', '', 3, '', '', '. ', 0),
(693, '', '', '', 3, '', '', '.  ', 0),
(694, '', '', '', 3, '', '', '.  ', 0),
(695, '', '', '', 3, '', '', '. ', 0),
(696, '', '', '', 3, '', '', '.  ', 0),
(697, '', '', '', 3, '', '', '. ', 0),
(698, '', '', '', 3, '', '', '. ', 0),
(699, '', '', '', 3, '', '', '. ', 0),
(700, '', '', '', 3, '', '', '. ', 0),
(701, '', '', '', 3, '', '', '. ', 0),
(702, '', '', '', 3, '', '', '.  ', 0),
(703, '', '', '', 3, '', '', '. ', 0),
(704, '', '', '', 3, '', '', '. ', 0),
(705, '', '', '', 3, '', '', '. ', 0),
(706, '', '', '', 3, '', '', '. ', 0),
(707, '', '', '', 3, '', '', '. ', 0),
(708, '', '', '', 3, '', '', '. ', 0),
(709, '', '', '', 3, '', '', '. ', 0),
(710, '', '', '', 3, '', '', '. ', 0),
(711, '', '', '', 3, '', '', '. ', 0),
(712, '', '', '', 3, '', '', '. ', 0),
(713, '', '', '', 3, '', '', '.  ', 0),
(714, '', '', '', 3, '', '', '. ', 0),
(715, '', '', '', 3, '', '', '.  ', 0),
(716, '', '', '', 3, '', '', '.  ', 0),
(717, '', '', '', 3, '', '', '.  ', 0),
(718, '', '', '', 3, '', '', '. ', 0),
(719, '', '', '', 3, '', '', '. ', 0),
(720, '', '', '', 3, '', '', '. ', 0),
(721, '', '', '', 3, '', '', '. ', 0),
(722, '', '', '', 3, '', '', '. ', 0),
(723, '', '', '', 3, '', '', '.  ', 0),
(724, '', '', '', 3, '', '', '. ', 0),
(725, '', '', '', 3, '', '', '. ', 0),
(726, '', '', '', 3, '', '', '. ', 0),
(727, '', '', '', 3, '', '', '. ', 0),
(728, '', '', '', 3, '', '', '. ', 0),
(729, '', '', '', 3, '', '', '. ', 0),
(730, '', '', '', 3, '', '', '. ', 0),
(731, '', '', '', 3, '', '', '. ', 0),
(732, '', '', '', 3, '', '', '. ', 0),
(733, '', '', '', 3, '', '', '. ', 0),
(734, '', '', '', 3, '', '', '. ', 0),
(735, '', '', '', 3, '', '', '. ', 0),
(736, '', '', '', 3, '', '', '. ', 0),
(737, '', '', '', 3, '', '', '. ', 0),
(738, '', '', '', 3, '', '', '. ', 0),
(739, '', '', '', 3, '', '', ' ', 0),
(740, '', '', '', 3, '', '', '. ', 0),
(741, '', '', '', 3, '', '', '. ', 0),
(742, '', '', '', 3, '', '', '. ', 0),
(743, '', '', '', 3, '', '', '.  ', 0),
(744, '', '', '', 3, '', '', '.  ', 0),
(745, '', '', '', 3, '', '', '. ', 0),
(746, '', '', '', 3, '', '', '. ', 0),
(747, '', '', '', 3, '', '', '. ', 0),
(748, '', '', '', 3, '', '', '.  ', 0),
(749, '', '', '', 3, '', '', '. ', 0),
(750, '', '', '', 3, '', '', '. ', 0),
(751, '', '', '', 3, '', '', '. ', 0),
(752, '', '', '', 3, '', '', '. ', 0),
(753, '', '', '', 3, '', '', '.  ', 0),
(754, '', '', '', 3, '', '', '. ', 0),
(755, '', '', '', 3, '', '', '. ', 0),
(756, '', '', '', 3, '', '', '.  ', 0),
(757, '', '', '', 3, '', '', '. ', 0),
(758, '', '', '', 3, '', '', '. ', 0),
(759, '', '', '', 3, '', '', '.  ', 0),
(760, '', '', '', 3, '', '', '. ', 0),
(761, '', '', '', 3, '', '', '. ', 0),
(762, '', '', '', 3, '', '', '.  ', 0),
(763, '', '', '', 3, '', ' ', '. ', 0),
(764, '', '', '', 3, '', ' ', '. ', 0),
(765, '', '', '', 3, '', '', ' ', 0),
(766, '', '', '', 3, '', '', ' ', 0),
(767, '', '', '', 3, '', '', '. ', 0),
(768, '', '', '', 3, '', '', '  ', 0),
(769, '', '', '', 3, '', '', '. ', 0),
(770, '', '', '', 3, '', '', '. ', 0),
(771, '', '', '', 3, '', '', '.  ', 0),
(772, '', '', '', 3, '', '', '. ', 0),
(773, '', '', '', 3, '', '', '. -1', 0),
(774, '', '', '', 3, '', '', '. ', 0),
(775, '', '', '', 3, '', '', '. ', 0),
(776, '', '', '', 3, '', '', '. ', 0),
(777, '', '', '', 3, '', '', '. ', 0),
(778, '', '', '', 3, '', '', '. ', 0),
(779, '', '', '', 3, '', '', '. ', 0),
(780, '', '', '', 3, '', '', '. ', 0),
(781, '', '', '', 3, '', '', '. ', 0),
(782, '', '', '', 3, '', '', '. ', 0),
(783, '', '', '', 3, '', '', '.  ', 0),
(784, '', '', '', 3, '', '', '. ', 0),
(785, '', '', '', 3, '', '', '. ', 0),
(786, '', '', '', 3, '', '', '. ', 0),
(787, '', '', '', 3, '', '', '. ', 0),
(788, '', '', '', 3, '', '', '. ', 0),
(789, '', '', '', 3, '', '  ', ' ', 0),
(790, '', '', '', 3, '', '  ', '.  ', 0),
(791, '', '', '', 3, '', '  ', '. ', 0),
(792, '', '', '', 3, '', '', ' ', 0),
(793, '', '', '', 3, '', '', '. -', 0),
(794, '', '', '', 3, '', '', '. ', 0),
(795, '', '', '', 3, '', '', '. ', 0),
(796, '', '', '', 3, '', '', '. ', 0),
(797, '', '', '', 3, '', '', '. ', 0),
(798, '', '', '', 3, '', '', ' ', 0),
(799, '', '', '', 3, '', '', '. ', 0),
(800, '', '', '', 3, '', '', '. ', 0),
(801, '', '', '', 3, '', '', '.  ', 0),
(802, '', '', '', 3, '', '', '. ', 0),
(803, '', '', '', 3, '', '', '. ', 0),
(804, '', '', '', 3, '', '', '. ', 0),
(805, '', '', '', 3, '', '', '.  ', 0),
(806, '', '', '', 3, '', '', '. ', 0),
(807, '', '', '', 3, '', '', '. ', 0),
(808, '', '', '', 3, '', '', '. ', 0),
(809, '', '', '', 3, '', '', '. ', 0),
(810, '', '', '', 3, '', '', '. ', 0),
(811, '', '', '', 3, '', '', '. ', 0),
(812, '', '', '', 3, '', '', '. ', 0),
(813, '', '', '', 3, '', '', '. ', 0),
(814, '', '', '', 3, '', '', '. ', 0),
(815, '', '', '', 3, '', '', '. ', 0),
(816, '', '', '', 3, '', '', '. ', 0),
(817, '', '', '', 3, '', '', '. ', 0),
(818, '', '', '', 3, '', '', '. ', 0),
(819, '', '', '', 3, '', '', '. ', 0),
(820, '', '', '', 3, '', '', ' ', 0),
(821, '', '', '', 3, '', '', '. ', 0),
(822, '', '', '', 3, '', '', '. ', 0),
(823, '', '', '', 3, '', '', '. ', 0),
(824, '', '', '', 3, '', '', '. ', 0),
(825, '', '', '', 3, '', '', '.  ', 0),
(826, '', '', '', 3, '', '', ' ', 0),
(827, '', '', '', 3, '', '', '. ', 0),
(828, '', '', '', 3, '', '', '. ', 0),
(829, '', '', '', 3, '', '', '. ', 0),
(830, '', '', '', 3, '', '', '. ', 0),
(831, '', '', '', 3, '', '', '. ', 0),
(832, '', '', '', 3, '', '', '. ', 0),
(833, '', '', '', 3, '', '', '. ', 0),
(834, '', '', '', 3, '', '', '. ', 0),
(835, '', '', '', 3, '', '', '. ', 0),
(836, '', '', '', 3, '', '', '. ', 0),
(837, '', '', '', 3, '', '', '. ', 0),
(838, '', '', '', 3, '', '', '. ', 0),
(839, '', '', '', 3, '', '', ' ', 0),
(840, '', '', '', 3, '', '', '. ', 0),
(841, '', '', '', 3, '', '', '.  ', 0),
(842, '', '', '', 3, '', '', ' ', 0),
(843, '', '', '', 3, '', '', '. ', 0),
(844, '', '', '', 3, '', '', '. ', 0),
(845, '', '', '', 3, '', '', '. ', 0),
(846, '', '', '', 3, '', '', '. ', 0),
(847, '', '', '', 3, '', '', '. ', 0),
(848, '', '', '', 3, '', '', '. ', 0),
(849, '', '', '', 3, '', '', ' ', 0),
(850, '', '', '', 3, '', '', '.  ', 0),
(851, '', '', '', 3, '', '', '. ', 0),
(852, '', '', '', 3, '', '', '. ', 0),
(853, '', '', '', 3, '', '', '. ', 0),
(854, '', '', '', 3, '', '', '. ', 0),
(855, '', '', '', 3, '', '', '. ', 0),
(856, '', '', '', 3, '', '', ' ', 0),
(857, '', '', '', 3, '', '', '. ', 0),
(858, '', '', '', 3, '', '', '.  ', 0),
(859, '', '', '', 3, '', '', '. ', 0),
(860, '', '', '', 3, '', '', '. ', 0),
(861, '', '', '', 3, '', '', '.  ', 0),
(862, '', '', '', 3, '', '', '. ', 0),
(863, '', '', '', 3, '', '', '.  ', 0),
(864, '', '', '', 3, '', '', '. ', 0),
(865, '', '', '', 3, '', '', '. ', 0),
(866, '', '', '', 3, '', '', '. ', 0),
(867, '', '', '', 3, '', '', '. ', 0),
(868, '', '', '', 3, '', '', '. ', 0),
(869, '', '', '', 3, '', '', '. ', 0),
(870, '', '', '', 3, '', '', '. ', 0),
(871, '', '', '', 3, '', '', '. ', 0),
(872, '', '', '', 3, '', '', '. ', 0),
(873, '', '', '', 3, '', '', '. ', 0),
(874, '', '', '', 3, '', '', ' ', 0),
(875, '', '', '', 3, '', '', '. ', 0),
(876, '', '', '', 3, '', '', '. ', 0),
(877, '', '', '', 3, '', '', '. ', 0),
(878, '', '', '', 3, '', '', '. ', 0),
(879, '', '', '', 3, '', '', '. ', 0),
(880, '', '', '', 3, '', '', '. ', 0),
(881, '', '', '', 3, '', '', '. ', 0),
(882, '', '', '', 3, '', '', '  ', 0),
(883, '', '', '', 3, '', '', '. ', 0),
(884, '', '', '', 3, '', '', '. ', 0),
(885, '', '', '', 3, '', '', '. ', 0),
(886, '', '', '', 3, '', '', '. ', 0),
(887, '', '', '', 3, '', '', '. ', 0),
(888, '', '', '', 3, '', '', '. ', 0),
(889, '', '', '', 3, '', '', '. ', 0),
(890, '', '', '', 3, '', '', '. ', 0),
(891, '', '', '', 3, '', '', '. ', 0),
(892, '', '', '', 3, '', '', '. ', 0),
(893, '', '', '', 3, '', '', '. ', 0),
(894, '', '', '', 3, '', '', ' ', 0),
(895, '', '', '', 3, '', '', '. ', 0),
(896, '', '', '', 3, '', '', '.  ', 0),
(897, '', '', '', 3, '', '', '. ', 0),
(898, '', '', '', 3, '', '', '. ', 0),
(899, '', '', '', 3, '', '', '. ', 0),
(900, '', '', '', 3, '', '', '. ', 0),
(901, '', '', '', 3, '', '', '. ', 0),
(902, '', '', '', 3, '', '', '. ', 0),
(903, '', '', '', 3, '', '', '. ', 0),
(904, '', '', '', 3, '', '', '. ', 0),
(905, '', '', '', 3, '', '', '. ', 0),
(906, '', '', '', 3, '', '', '. ', 0),
(907, '', '', '', 3, '', '', '. ', 0),
(908, '', '', '', 3, '', '', ' ', 0),
(909, '', '', '', 3, '', '', '. ', 0),
(910, '', '', '', 3, '', '', '. ', 0),
(911, '', '', '', 3, '', '', '. ', 0),
(912, '', '', '', 3, '', '', '. ', 0),
(913, '', '', '', 3, '', '', '.  ', 0),
(914, '', '', '', 3, '', '', '. ', 0),
(915, '', '', '', 3, '', '', '.  ', 0),
(916, '', '', '', 3, '', '', '. ', 0),
(917, '', '', '', 3, '', '', '. ', 0),
(918, '', '', '', 3, '', '', '. ', 0),
(919, '', '', '', 3, '', '', '. ', 0),
(920, '', '', '', 3, '', '', '. ', 0),
(921, '', '', '', 3, '', '', '. ', 0),
(922, '', '', '', 3, '', '', '. ', 0),
(923, '', '', '', 3, '', '', '. ', 0),
(924, '', '', '', 3, '', '', '. ', 0),
(925, '', '', '', 3, '', '', '. ', 0),
(926, '', '', '', 3, '', '', '. ', 0),
(927, '', '', '', 3, '', '', '. ', 0),
(928, '', '', '', 3, '', '', '. ', 0),
(929, '', '', '', 3, '', '', '. ', 0),
(930, '', '', '', 3, '', '', '. ', 0),
(931, '', '', '', 3, '', '', '. ', 0),
(932, '', '', '', 3, '', '', '.  ', 0),
(933, '', '', '', 3, '', '', '. ', 0),
(934, '', '', '', 3, '', '', '. ', 0),
(935, '', '', '', 3, '', '', '. ', 0),
(936, '', '', '', 3, '', '', ' ', 0),
(937, '', '', '', 3, '', '', '. ', 0),
(938, '', '', '', 3, '', '', '. ', 0),
(939, '', '', '', 3, '', '', '.  ', 0),
(940, '', '', '', 3, '', '', '. ', 0),
(941, '', '', '', 3, '', '', '.  ', 0),
(942, '', '', '', 3, '', '', '.  ', 0),
(943, '', '', '', 3, '', '', ' ', 0),
(944, '', '', '', 3, '', '', '. ', 0),
(945, '', '', '', 3, '', '', '. ', 0),
(946, '', '', '', 3, '', '', '.  ', 0),
(947, '', '', '', 3, '', '', '. ', 0),
(948, '', '', '', 3, '', '', '. ', 0),
(949, '', '', '', 3, '', '', '. ', 0),
(950, '', '', '', 3, '', '', '. ', 0),
(951, '', '', '', 3, '', '', '. ', 0),
(952, '', '', '', 3, '', '', '. ', 0),
(953, '', '', '', 3, '', '', '. ', 0),
(954, '', '', '', 3, '', '', '. ', 0),
(955, '', '', '', 3, '', '', '. ', 0),
(956, '', '', '', 3, '', '', '. ', 0),
(957, '', '', '', 3, '', '', '. ', 0),
(958, '', '', '', 3, '', '', '. ', 0),
(959, '', '', '', 3, '', '', ' ', 0),
(960, '', '', '', 3, '', '', '. C', 0),
(961, '', '', '', 3, '', '', '. ', 0),
(962, '', '', '', 3, '', '', '. ', 0),
(963, '', '', '', 3, '', '', '.  ', 0),
(964, '', '', '', 3, '', '', '. ', 0),
(965, '', '', '', 3, '', '', '. ', 0),
(966, '', '', '', 3, '', '', '. ', 0),
(967, '', '', '', 3, '', '', '. ', 0),
(968, '', '', '', 3, '', '', '. ', 0),
(969, '', '', '', 3, '', '', '. ', 0),
(970, '', '', '', 3, '', '', '. ', 0),
(971, '', '', '', 3, '', '', '. ', 0),
(972, '', '', '', 3, '', '', '. ', 0),
(973, '', '', '', 3, '', '', '. ', 0),
(974, '', '', '', 3, '', '', '. ', 0),
(975, '', '', '', 3, '', '', '. ', 0),
(976, '', '', '', 3, '', '', '. ', 0),
(977, '', '', '', 3, '', '', ' ', 0),
(978, '', '', '', 3, '', '', '. ', 0),
(979, '', '', '', 3, '', '', '. ', 0),
(980, '', '', '', 3, '', '', '. ', 0),
(981, '', '', '', 3, '', '', '.  ', 0),
(982, '', '', '', 3, '', '', '.  ', 0),
(983, '', '', '', 3, '', '', '. ', 0),
(984, '', '', '', 3, '', '', ' ', 0),
(985, '', '', '', 3, '', '', '. ', 0),
(986, '', '', '', 3, '', '', '. ', 0),
(987, '', '', '', 3, '', '', '. ', 0),
(988, '', '', '', 3, '', '', '.  ', 0),
(989, '', '', '', 3, '', '', '. ', 0),
(990, '', '', '', 3, '', '', ' ', 0),
(991, '', '', '', 3, '', '', '. ', 0),
(992, '', '', '', 3, '', '', '. ', 0),
(993, '', '', '', 3, '', '', '. ', 0),
(994, '', '', '', 3, '', '', '. ', 0),
(995, '', '', '', 3, '', '', '.  ', 0),
(996, '', '', '', 3, '', '', '. ', 0),
(997, '', '', '', 3, '', '', '. ', 0),
(998, '', '', '', 3, '', '', '. ', 0),
(999, '', '', '', 3, '', '', '. ', 0),
(1000, '', '', '', 3, '', '', '. ', 0),
(1001, '', '', '', 3, '', '', '. ', 0),
(1002, '', '', '', 3, '', '', ' ', 0),
(1003, '', '', '', 3, '', '', '. ', 0),
(1004, '', '', '', 3, '', '', '. ', 0),
(1005, '', '', '', 3, '', '', '. ', 0),
(1006, '', '', '', 3, '', '', '. ', 0),
(1007, '', '', '', 3, '', '', '.  -1', 0),
(1008, '', '', '', 3, '', '', '.  -2', 0),
(1009, '', '', '', 3, '', '', '. ', 0),
(1010, '', '', '', 3, '', '  ', '..  ', 0),
(1011, '', '', '', 3, '', '', ' ', 0),
(1012, '', '', '', 3, '', '', '. ', 0),
(1013, '', '', '', 3, '', '', '  ', 0),
(1014, '', '', '', 3, '', '', '. ', 0),
(1015, '', '', '', 3, '', '', '. ', 0),
(1016, '', '', '', 3, '', '', '. ', 0),
(1017, '', '', '', 3, '', '', '.  ', 0),
(1018, '', '', '', 3, '', '', '. ', 0),
(1019, '', '', '', 3, '', '', '. ', 0),
(1020, '', '', '', 3, '', '', '. ', 0),
(1021, '', '', '', 3, '', '', '. ', 0),
(1022, '', '', '', 3, '', '', '. ', 0),
(1023, '', '', '', 3, '', '', '. ', 0),
(1024, '', '', '', 3, '', '', '.  ', 0),
(1025, '', '', '', 3, '', '', '.  ', 0),
(1026, '', '', '', 3, '', '', '. ', 0),
(1027, '', '', '', 3, '', '', ' ', 0),
(1028, '', '', '', 3, '', '', '. ', 0),
(1029, '', '', '', 3, '', '', '. ', 0),
(1030, '', '', '', 3, '', '', ' ', 0),
(1031, '', '', '', 3, '', '', '. ', 0),
(1032, '', '', '', 3, '', '', '. ', 0),
(1033, '', '', '', 3, '', '', '. ', 0),
(1034, '', '', '', 3, '', '', '. ', 0),
(1035, '', '', '', 3, '', '', '. ', 0),
(1036, '', '', '', 3, '', '', '. ', 0),
(1037, '', '', '', 3, '', '', '. ', 0),
(1038, '', '', '', 3, '', '', '. ', 0),
(1039, '', '', '', 3, '', '', '. ', 0),
(1040, '', '', '', 3, '', '', '. ', 0),
(1041, '', '', '', 3, '', '', '. ', 0),
(1042, '', '', '', 3, '', '', '. ', 0),
(1043, '', '', '', 3, '', '', '. -', 0),
(1044, '', '', '', 3, '', '', '.  ', 0),
(1045, '', '', '', 3, '', '', '. ', 0),
(1046, '', '', '', 3, '', '', '. ', 0),
(1047, '', '', '', 3, '', '', '. ', 0),
(1048, '', '', '', 3, '', '', '. ', 0),
(1049, '', '', '', 3, '', '', '. ', 0),
(1050, '', '', '', 3, '', '', '. ', 0),
(1051, '', '', '', 3, '', '', '. ', 0),
(1052, '', '', '', 3, '', '', '. ', 0),
(1053, '', '', '', 3, '', '', '.  ', 0),
(1054, '', '', '', 3, '', '', '. ', 0),
(1055, '', '', '', 3, '', '', '. ', 0),
(1056, '', '', '', 3, '', '', '. ', 0),
(1057, '', '', '', 3, '', '', '. ', 0),
(1058, '', '', '', 3, '', '', '.  ', 0),
(1059, '', '', '', 3, '', '', '. ', 0),
(1060, '', '', '', 3, '', '', ' ', 0),
(1061, '', '', '', 3, '', '', '. ', 0),
(1062, '', '', '', 3, '', '', '. ', 0),
(1063, '', '', '', 3, '', ' ', '.. ', 0),
(1064, '', '', '', 3, '', ' ', '.. ', 0),
(1065, '', '', '', 3, '', '', '. ', 0),
(1066, '', '', '', 3, '', '', ' ', 0),
(1067, '', '', '', 3, '', '', '. ', 0),
(1068, '', '', '', 3, '', '', '. ', 0),
(1069, '', '', '', 3, '', '', '.  ', 0),
(1070, '', '', '', 3, '', '', '. ', 0),
(1071, '', '', '', 3, '', '', ' ', 0),
(1072, '', '', '', 3, '', '', '. ', 0),
(1073, '', '', '', 3, '', '', '. ', 0),
(1074, '', '', '', 3, '', '', '.  ', 0),
(1075, '', '', '', 3, '', '  ', '. ', 0),
(1076, '', '', '', 3, '', '  ', '. ', 0),
(1077, '', '', '', 3, '', '  ', '. ', 0),
(1078, '', '', '', 3, '', '  ', '. ', 0),
(1079, '', '', '', 3, '', '  ', '. ', 0),
(1080, '', '', '', 3, '', '  ', '.  ', 0),
(1081, '', '', '', 3, '', '', '. ', 0),
(1082, '', '', '', 3, '', '', '. ', 0),
(1083, '', '', '', 3, '', '', '. ', 0),
(1084, '', '', '', 3, '', '', '. ', 0),
(1085, '', '', '', 3, '', '', '. ', 0),
(1086, '', '', '', 3, '', '', '. ', 0),
(1087, '', '', '', 3, '', '', '. ', 0),
(1088, '', '', '', 3, '', '', '. ', 0),
(1089, '', '', '', 3, '', '', '. ', 0),
(1090, '', '', '', 3, '', '', '. ', 0),
(1091, '', '', '', 3, '', '', '. ', 0),
(1092, '', '', '', 3, '', '', '. ', 0),
(1093, '', '', '', 3, '', '', '. ', 0),
(1094, '', '', '', 3, '', '', '. ', 0),
(1095, '', '', '', 3, '', '', '. ', 0),
(1096, '', '', '', 3, '', '', '. ', 0),
(1097, '', '', '', 3, '', '', '. ', 0),
(1098, '', '', '', 3, '', '', '. ', 0),
(1099, '', '', '', 3, '', '', ' ', 0),
(1100, '', '', '', 3, '', '', '. ', 0),
(1101, '', '', '', 3, '', '', '. -', 0),
(1102, '', '', '', 3, '', '', '. ', 0),
(1103, '', '', '', 3, '', '', '. ', 0),
(1104, '', '', '', 3, '', '', '. ', 0),
(1105, '', '', '', 3, '-', '', '. ', 0),
(1106, '', '', '', 3, '-', '', '.  ', 0),
(1107, '', '', '', 3, '-', '', '. ', 0),
(1108, '', '', '', 3, '-', '', '. ', 0),
(1109, '', '', '', 3, '-', '', '. ', 0),
(1110, '', '', '', 3, '-', '', '. ', 0),
(1111, '', '', '', 3, '-', '', '. ', 0),
(1112, '', '', '', 3, '-', '', '. -', 0),
(1113, '', '', '', 3, '-', '', '.  ', 0),
(1114, '', '', '', 3, '-', '', '.  ', 0),
(1115, '', '', '', 3, '-', '', '. ', 0),
(1116, '', '', '', 3, '-', '', '. ', 0),
(1117, '', '', '', 3, '-', '', '. ', 0),
(1118, '', '', '', 3, '-', '', '. ', 0),
(1119, '', '', '', 3, '-', '', '. ', 0),
(1120, '', '', '', 3, '-', '', '. ', 0),
(1121, '', '', '', 3, '-', '', ' ', 0),
(1122, '', '', '', 3, '-', '', '. ', 0),
(1123, '', '', '', 3, '-', '', '. ', 0),
(1124, '', '', '', 3, '-', '', '. ', 0),
(1125, '', '', '', 3, '-', '', '.  ', 0),
(1126, '', '', '', 3, '-', '', '. ', 0),
(1127, '', '', '', 3, '-', '', '. ', 0),
(1128, '', '', '', 3, '-', '', '. ', 0),
(1129, '', '', '', 3, '-', '', '. ', 0),
(1130, '', '', '', 3, '-', '', '. ', 0),
(1131, '', '', '', 3, '-', '', '. ', 0),
(1132, '', '', '', 3, '-', '', '.  ', 0),
(1133, '', '', '', 3, '', ' ', '. ', 0),
(1134, '', '', '', 3, '', ' ', '. -', 0),
(1135, '', '', '', 3, '', ' ', '. ', 0),
(1136, '', '', '', 3, '', ' ', '. ', 0),
(1137, '', '', '', 3, '', ' ', '.  ', 0),
(1138, '', '', '', 3, '', '', '. ', 0),
(1139, '', '', '', 3, '', '', '  ', 0),
(1140, '', '', '', 3, '', '', '.  ', 0),
(1141, '', '', '', 3, '', '', '. ', 0),
(1142, '', '', '', 3, '', '', '. ', 0),
(1143, '', '', '', 3, '', '', '. ', 0),
(1144, '', '', '', 3, '', '', ' ', 0),
(1145, '', '', '', 3, '', '', '. ', 0),
(1146, '', '', '', 3, '', '', '.  ', 0),
(1147, '', '', '', 3, '', '', '.  ', 0),
(1148, '', '', '', 3, '', '', '. ', 0),
(1149, '', '', '', 3, '', '', '. ', 0),
(1150, '', '', '', 3, '', '', ' ', 0),
(1151, '', '', '', 3, '', '', '. ', 0),
(1152, '', '', '', 3, '', '', '. ', 0),
(1153, '', '', '', 3, '', '', '. ', 0),
(1154, '', '', '', 3, '', '', '. ', 0),
(1155, '', '', '', 3, '', '', ' ', 0),
(1156, '', '', '', 3, '', '', '. ', 0),
(1157, '', '', '', 3, '', '', '. ', 0),
(1158, '', '', '', 3, '', '', '. ', 0),
(1159, '', '', '', 3, '', '', '. ', 0),
(1160, '', '', '', 3, '', '', '. ', 0),
(1161, '', '', '', 3, '', '', '. ', 0),
(1162, '', '', '', 3, '', '', '. ', 0),
(1163, '', '', '', 3, '', '', '. ', 0),
(1164, '', '', '', 3, '', '', '. ', 0),
(1165, '', '', '', 3, '', '', ' ', 0),
(1166, '', '', '', 3, '', '', '. ', 0),
(1167, '', '', '', 3, '', '', '.  ', 0),
(1168, '', '', '', 3, '', '', '.  ', 0),
(1169, '', '', '', 3, '', '', ' ', 0),
(1170, '', '', '', 3, '', '', '. ', 0),
(1171, '', '', '', 3, '', '', '. ', 0),
(1172, '', '', '', 3, '', '', '. ', 0),
(1173, '', '', '', 3, '', '', '. ', 0),
(1174, '', '', '', 3, '', '', '. ', 0),
(1175, '', '', '', 3, '', '', '. ', 0),
(1176, '', '', '', 3, '', '', '. ', 0),
(1177, '', '', '', 3, '', '', '. ', 0),
(1178, '', '', '', 3, '', '', '. ', 0),
(1179, '', '', '', 3, '', '', '. ', 0),
(1180, '', '', '', 3, '', '', '. ', 0),
(1181, '', '', '', 3, '', '', '. ', 0),
(1182, '', '', '', 3, '', '', '  ', 0),
(1183, '', '', '', 3, '', '', '. ', 0),
(1184, '', '', '', 3, '', '', '. ', 0),
(1185, '', '', '', 3, '', '', ' ', 0),
(1186, '', '', '', 3, '', '', '.  ', 0),
(1187, '', '', '', 3, '', '', ' ', 0),
(1188, '', '', '', 3, '', '', '. ', 0),
(1189, '', '', '', 3, '', '', '. ', 0),
(1190, '', '', '', 3, '', '', '. ', 0),
(1191, '', '', '', 3, '', '', ' ', 0),
(1192, '', '', '', 3, '', '', '. ', 0),
(1193, '', '', '', 3, '', '', ' ', 0),
(1194, '', '', '', 3, '', '', '.  ', 0),
(1195, '', '', '', 3, '', '', '.  ', 0),
(1196, '', '', '', 3, '', '', '. -1', 0),
(1197, '', '', '', 3, '', '', '. -2', 0),
(1198, '', '', '', 3, '', '', '. ', 0),
(1199, '', '', '', 3, '', '', '. ', 0),
(1200, '', '', '', 3, '', '', '.  ', 0),
(1201, '', '', '', 3, '', '', '. ', 0),
(1202, '', '', '', 3, '', '', '. ', 0),
(1203, '', '', '', 3, '', '', '. ', 0),
(1204, '', '', '', 3, '', '', ' ', 0),
(1205, '', '', '', 3, '', '', '. ', 0),
(1206, '', '', '', 3, '', '', '. ', 0),
(1207, '', '', '', 3, '', '', ' ', 0),
(1208, '', '', '', 3, '', '', '.  ', 0),
(1209, '', '', '', 3, '', '', '.  ', 0),
(1210, '', '', '', 3, '', '', '.  ', 0),
(1211, '', '', '', 3, '', '', '. ', 0),
(1212, '', '', '', 3, '', '', '.  ', 0),
(1213, '', '', '', 3, '', '', '. ', 0),
(1214, '', '', '', 3, '', '', '. ', 0),
(1215, '', '', '', 3, '', '', ' ', 0),
(1216, '', '', '', 3, '', '', '. ', 0),
(1217, '', '', '', 3, '', '', '. ', 0),
(1218, '', '', '', 3, '', '', '. ', 0),
(1219, '', '', '', 3, '', '', ' ', 0),
(1220, '', '', '', 3, '', '', '. ', 0),
(1221, '', '', '', 3, '', '', '. ', 0),
(1222, '', '', '', 3, '', '', '. ', 0),
(1223, '', '', '', 3, '', '', '. ', 0),
(1224, '', '', '', 3, '', '', '. ', 0),
(1225, '', '', '', 3, '', ' ', '.. ', 0),
(1226, '', '', '', 3, '', '', '.  ', 0),
(1227, '', '', '', 3, '', '', '. ', 0),
(1228, '', '', '', 3, '', '', '.  ', 0),
(1229, '', '', '', 3, '', '', '. ', 0),
(1230, '', '', '', 3, '', '', '. ', 0),
(1231, '', '', '', 3, '', '', '.  ', 0),
(1232, '', '', '', 3, '', '', '. ', 0),
(1233, '', '', '', 3, '', '', '. ', 0),
(1234, '', '', '', 3, '', '', '. ', 0),
(1235, '', '', '', 3, '', '', '. ', 0),
(1236, '', '', '', 3, '', '', '. ', 0),
(1237, '', '', '', 3, '', '', '. ', 0),
(1238, '', '', '', 3, '', '', '. ', 0),
(1239, '', '', '', 3, '', '', '. ', 0),
(1240, '', '', '', 3, '', '', '. ', 0),
(1241, '', '', '', 3, '', '', '. ', 0),
(1242, '', '', '', 3, '', '', '. ', 0),
(1243, '', '', '', 3, '', '', '. ', 0),
(1244, '', '', '', 3, '', '', '.  ', 0),
(1245, '', '', '', 3, '', '', '. ', 0),
(1246, '', '', '', 3, '', '', ' ', 0),
(1247, '', '', '', 3, '', '', '. ', 0),
(1248, '', '', '', 3, '', '', '. ', 0),
(1249, '', '', '', 3, '', '', '. ', 0),
(1250, '', '', '', 3, '', '', '. ', 0),
(1251, '', '', '', 3, '', '', '. ', 0),
(1252, '', '', '', 3, '', '', '. ', 0),
(1253, '', '', '', 3, '', '', ' ', 0),
(1254, '', '', '', 3, '', '', '. ', 0),
(1255, '', '', '', 3, '', '', '. ', 0),
(1256, '', '', '', 3, '', '', '. ', 0),
(1257, '', '', '', 3, '', '', '. ', 0),
(1258, '', '', '', 3, '', '', '. ', 0),
(1259, '', '', '', 3, '', '', '. ', 0),
(1260, '', '', '', 3, '', '', '. ', 0),
(1261, '', '', '', 3, '', '', '. ', 0),
(1262, '', '', '', 3, '', '', '.  ', 0),
(1263, '', '', '', 3, '', '', '. ', 0),
(1264, '', '', '', 3, '', '', ' ', 0),
(1265, '', '', '', 3, '', '', '.  ', 0),
(1266, '', '', '', 3, '', '', '. ', 0),
(1267, '', '', '', 3, '', ' ', '. ', 0),
(1268, '', '', '', 3, '', ' ', '. ', 0),
(1269, '', '', '', 3, '', ' ', '. ', 0),
(1270, '', '', '', 3, '', ' ', '. ', 0),
(1271, '', '', '', 3, '', '', '. ', 0),
(1272, '', '', '', 3, '', '', ' ', 0),
(1273, '', '', '', 3, '', '', '. ', 0),
(1274, '', '', '', 3, '', '', '. ', 0),
(1275, '', '', '', 3, '', '', '. ', 0),
(1276, '', '', '', 3, '', '', '. ', 0),
(1277, '', '', '', 3, '', '', '  ', 0),
(1278, '', '', '', 3, '', '', ' ', 0),
(1279, '', '', '', 3, '', '', ' ', 0),
(1280, '', '', '', 3, '', '', '. ', 0),
(1281, '', '', '', 3, '', '', '. ', 0),
(1282, '', '', '', 3, '', '', '. ', 0),
(1283, '', '', '', 3, '', '', '.  ', 0),
(1284, '', '', '', 3, '', '', '. ', 0),
(1285, '', '', '', 3, '', '', '.  ', 0),
(1286, '', '', '', 3, '', '', ' ', 0),
(1287, '', '', '', 3, '', '', '. ', 0),
(1288, '', '', '', 3, '', '', '. ', 0),
(1289, '', '', '', 3, '', '', ' ', 0),
(1290, '', '', '', 3, '', '', '. ', 0),
(1291, '', '', '', 3, '', '', '. ', 0),
(1292, '', '', '', 3, '', '', '. ', 0),
(1293, '', '', '', 3, '', '', ' ', 0),
(1294, '', '', '', 3, '', '', '. ', 0),
(1295, '', '', '', 3, '', '', '. ', 0),
(1296, '', '', '', 3, '', '', '. ', 0),
(1297, '', '', '', 3, '', '', '. ', 0),
(1298, '', '', '', 3, '', '', '. ', 0),
(1299, '', '', '', 3, '', '', '. ', 0),
(1300, '', '', '', 3, '', '', '. ', 0),
(1301, '', '', '', 3, '', '', '. ', 0),
(1302, '', '', '', 3, '', '', '. ', 0),
(1303, '', '', '', 3, '', '', '. ', 0),
(1304, '', '', '', 3, '', '', '. ', 0),
(1305, '', '', '', 3, '', '', '. ', 0),
(1306, '', '', '', 3, '', '', '. ', 0),
(1307, '', '', '', 3, '', '', '. ', 0),
(1308, '', '', '', 3, '', '', '. ', 0),
(1309, '', '', '', 3, '', '', '. ', 0),
(1310, '', '', '', 3, '', '', '. ', 0),
(1311, '', '', '', 3, '', '', '. ', 0),
(1312, '', '', '', 3, '', '', '. ', 0),
(1313, '', '', '', 3, '', '', '. ', 0),
(1314, '', '', '', 3, '', '', '. ', 0),
(1315, '', '', '', 3, '', '', ' ', 0),
(1316, '', '', '', 3, '', '', '. ', 0),
(1317, '', '', '', 3, '', '', '.  ', 0),
(1318, '', '', '', 3, '', '', ' ', 0),
(1319, '', '', '', 3, '', '', '. ', 0),
(1320, '', '', '', 3, '', '', '.  ', 0),
(1321, '', '', '', 3, '', '', '. ', 0),
(1322, '', '', '', 3, '', '', '. ', 0),
(1323, '', '', '', 3, '', ' ', '. ', 0),
(1324, '', '', '', 3, '', '', '. ', 0),
(1325, '', '', '', 3, '', '', '. ', 0),
(1326, '', '', '', 3, '', '', '. ', 0),
(1327, '', '', '', 3, '', '', '. ', 0),
(1328, '', '', '', 3, '', '', '. ', 0),
(1329, '', '', '', 3, '', '', '. ', 0),
(1330, '', '', '', 3, '', '', '. ', 0),
(1331, '', '', '', 3, '', '', '. ', 0),
(1332, '', '', '', 3, '', '', '. ', 0),
(1333, '', '', '', 3, '', '', '. ', 0),
(1334, '', '', '', 3, '', '', '. ', 0),
(1335, '', '', '', 3, '', '', '. ', 0),
(1336, '', '', '', 3, '', '', '. ', 0),
(1337, '', '', '', 3, '', '', '. ', 0),
(1338, '', '', '', 3, '', '', ' ', 0),
(1339, '', '', '', 3, '', '', '. ', 0),
(1340, '', '', '', 3, '', '', '. ', 0),
(1341, '', '', '', 3, '', '', '. ', 0),
(1342, '', '', '', 3, '', '', '. ', 0),
(1343, '', '', '', 3, '', '', '. ', 0),
(1344, '', '', '', 3, '', '', '. ', 0),
(1345, '', '', '', 3, '', '', '. ', 0),
(1346, '', '', '', 3, '', '', '. ', 0),
(1347, '', '', '', 3, '', '', '. ', 0),
(1348, '', '', '', 3, '', '', '. ', 0),
(1349, '', '', '', 3, '', '', '. ', 0),
(1350, '', '', '', 3, '', '', '. ', 0),
(1351, '', '', '', 3, '', '', '.  ', 0),
(1352, '', '', '', 3, '', '', '. ', 0),
(1353, '', '', '', 3, '', '', '. ', 0),
(1354, '', '', '', 3, '', '', '. ', 0),
(1355, '', '', '', 3, '', '', '. ', 0),
(1356, '', '', '', 3, '', '', '. ', 0),
(1357, '', '', '', 3, '', '', '. ', 0),
(1358, '', '', '', 3, '', '', '. ', 0),
(1359, '', '', '', 3, '', '', ' ', 0),
(1360, '', '', '', 3, '', '', '. ', 0),
(1361, '', '', '', 3, '', ' ', '. ', 0),
(1362, '', '', '', 3, '', ' ', '.  ', 0),
(1363, '', '', '', 3, '', '', '. ', 0),
(1364, '', '', '', 3, '', '', '. ', 0),
(1365, '', '', '', 3, '', '', ' ', 0),
(1366, '', '', '', 3, '', '', '. ', 0),
(1367, '', '', '', 3, '', '', '. ', 0),
(1368, '', '', '', 3, '', '', '. ', 0),
(1369, '', '', '', 3, '', '', '. ', 0),
(1370, '', '', '', 3, '', '', ' ', 0),
(1371, '', '', '', 3, '', '', '. ', 0),
(1372, '', '', '', 3, '', '', '. ', 0),
(1373, '', '', '', 3, '', '', '.  ', 0),
(1374, '', '', '', 3, '', '', '.  ', 0),
(1375, '', '', '', 3, '', '', '. ', 0),
(1376, '', '', '', 3, '', '', '.  ', 0),
(1377, '', '', '', 3, '', '', '. ', 0),
(1378, '', '', '', 3, '', '', '. ', 0),
(1379, '', '', '', 3, '', '', '. ', 0),
(1380, '', '', '', 3, '', '', ' ', 0),
(1381, '', '', '', 3, '', '', '. ', 0),
(1382, '', '', '', 3, '', '', '. ', 0),
(1383, '', '', '', 3, '', '', '. ', 0),
(1384, '', '', '', 3, '', '', '.  ', 0),
(1385, '', '', '', 3, '', '', '.  ', 0),
(1386, '', '', '', 3, '', '', '.  ', 0),
(1387, '', '', '', 3, '', '', '. ', 0),
(1388, '', '', '', 3, '', '', ' ', 0),
(1389, '', '', '', 3, '', '', '.  ', 0),
(1390, '', '', '', 3, '', '', '. ', 0),
(1391, '', '', '', 3, '', '', '. ', 0),
(1392, '', '', '', 3, '', '', '.  ', 0),
(1393, '', '', '', 3, '', '', '. ', 0),
(1394, '', '', '', 3, '', '', '. ', 0),
(1395, '', '', '', 3, '', '', '. ', 0),
(1396, '', '', '', 3, '', '', '. ', 0),
(1397, '', '', '', 3, '', '', '. ', 0),
(1398, '', '', '', 3, '', '', '. ', 0),
(1399, '', '', '', 3, '', '', '. ', 0),
(1400, '', '', '', 3, '', '', '. ', 0),
(1401, '', '', '', 3, '', '', '. ', 0),
(1402, '', '', '', 3, '', '', '. ', 0),
(1403, '', '', '', 3, '', '', ' ', 0),
(1404, '', '', '', 3, '', '', '. ', 0),
(1405, '', '', '', 3, '', '', '. ', 0),
(1406, '', '', '', 3, '', '', '.  ', 0),
(1407, '', '', '', 3, '', '', '. ', 0),
(1408, '', '', '', 3, '', '', '. ', 0),
(1409, '', '', '', 3, '', '', '. ', 0),
(1410, '', '', '', 3, '', '', '. ', 0),
(1411, '', '', '', 3, '', '', '. ', 0),
(1412, '', '', '', 3, '', '', ' ', 0),
(1413, '', '', '', 3, '-', '', '. ', 0),
(1414, '', '', '', 3, '', '', '. ', 0),
(1415, '', '', '', 3, '', '', ' ', 0),
(1416, '', '', '', 3, '', '', '. ', 0),
(1417, '', '', '', 3, '', '', '. ', 0),
(1418, '', '', '', 3, '', '', '. ', 0),
(1419, '', '', '', 3, '', '', '. ', 0),
(1420, '', '', '', 3, '', '', ' ', 0),
(1421, '', '', '', 3, '', '', '. ', 0),
(1422, '', '', '', 3, '', '', '. ', 0),
(1423, '', '', '', 3, '', '', '. ', 0),
(1424, '', '', '', 3, '', '', '. ', 0),
(1425, '', '', '', 3, '', '', '.  ', 0),
(1426, '', '', '', 4, '', ' ', '.. ', 0),
(1427, '', '', '', 4, '', '', '. ', 0),
(1428, '', '', '', 4, '', '', '. ', 0),
(1429, '', '', '', 4, '', '', '. ', 0),
(1430, '', '', '', 4, '', '', '. ', 0),
(1431, '', '', '', 4, '', '', '. ', 0),
(1432, '', '', '', 4, '', '', '. ', 0),
(1433, '', '', '', 4, '', '', '.  1', 0),
(1434, '', '', '', 4, '', '', ' ', 0),
(1435, '', '', '', 4, '', '', '. ', 0),
(1436, '', '', '', 4, '', '', '. ', 0),
(1437, '', '', '', 4, '', '', '. ', 0),
(1438, '', '', '', 4, '', '', '. ', 0),
(1439, '', '', '', 4, '', '', '. ', 0),
(1440, '', '', '', 4, '', '', '. ', 0),
(1441, '', '', '', 4, '', '', '. ', 0),
(1442, '', '', '', 4, '', '', '. ', 0),
(1443, '', '', '', 4, '', '', ' ', 0),
(1444, '', '', '', 4, '', '', '. ', 0),
(1445, '', '', '', 4, '', '', '. ', 0),
(1446, '', '', '', 4, '', '', '. ', 0),
(1447, '', '', '', 4, '', '', '. ', 0),
(1448, '', '', '', 4, '', '', '. ', 0),
(1449, '', '', '', 4, '', '', '. ', 0),
(1450, '', '', '', 4, '', '', '. ', 0),
(1451, '', '', '', 4, '', '', '. ', 0),
(1452, '', '', '', 4, '', '', '. ', 0),
(1453, '', '', '', 4, '', '', '. ', 0),
(1454, '', '', '', 4, '', '', '. ', 0),
(1455, '', '', '', 4, '', '', '. ', 0),
(1456, '', '', '', 4, '', '', '. ', 0),
(1457, '', '', '', 4, '', '', '. ', 0),
(1458, '', '', '', 4, '', ' ', '. ', 0),
(1459, '', '', '', 4, '', '', ' ', 0),
(1460, '', '', '', 4, '', '', ' ', 0),
(1461, '', '', '', 4, '', '', '. ', 0),
(1462, '', '', '', 4, '', '', '. ', 0),
(1463, '', '', '', 4, '', '', '. ', 0),
(1464, '', '', '', 4, '', '', ' ', 0),
(1465, '', '', '', 4, '', '', '. ', 0),
(1466, '', '', '', 4, '', '', '.  ', 0),
(1467, '', '', '', 4, '', '', ' ', 0),
(1468, '', '', '', 4, '', '', '. ', 0),
(1469, '', '', '', 4, '', '', '.  I', 0),
(1470, '', '', '', 4, '', '', '  II', 0),
(1471, '', '', '', 4, '', '', '. ', 0),
(1472, '', '', '', 4, '', '', ' ', 0),
(1473, '', '', '', 4, '', '', '  ', 0),
(1474, '', '', '', 4, '', '', ' ', 0),
(1475, '', '', '', 4, '', '', '  ', 0),
(1476, '', '', '', 4, '', '', '. ', 0),
(1477, '', '', '', 4, '', '', '. ', 0),
(1478, '', '', '', 4, '', '', '. ', 0),
(1479, '', '', '', 4, '', '', '. ', 0),
(1480, '', '', '', 4, '', '', '. ', 0),
(1481, '', '', '', 4, '', '', '. ', 0),
(1482, '', '', '', 4, '', '', '. ', 0),
(1483, '', '', '', 4, '', '', '. ', 0),
(1484, '', '', '', 4, '', '', '. ', 0),
(1485, '', '', '', 4, '', '', '. ', 0),
(1486, '', '', '', 4, '', '', '. ', 0),
(1487, '', '', '', 4, '', '', '. ', 0),
(1488, '', '', '', 4, '', '', '. ', 0),
(1489, '', '', '', 4, '', '', '. ', 0),
(1490, '', '', '', 4, '', '', '. ', 0),
(1491, '', '', '', 4, '', '', '. ', 0),
(1492, '', '', '', 4, '', '', '. ', 0),
(1493, '', '', '', 4, '', '', '. ', 0),
(1494, '', '', '', 4, '', '', '. ', 0),
(1495, '', '', '', 4, '', '', '. ', 0),
(1496, '', '', '', 4, '', '', '. ', 0),
(1497, '', '', '', 4, '', '', '. ', 0),
(1498, '', '', '', 4, '', '', '. ', 0),
(1499, '', '', '', 4, '', '', '. ', 0),
(1500, '', '', '', 4, '', '', '. ', 0),
(1501, '', '', '', 4, '', '', ' ', 0),
(1502, '', '', '', 4, '', '', '. ', 0),
(1503, '', '', '', 4, '', '', '. ', 0),
(1504, '', '', '', 4, '', '', '. ', 0),
(1505, '', '', '', 4, '', '', '. ', 0),
(1506, '', '', '', 4, '', '', ' ', 0),
(1507, '', '', '', 4, '', '', '. ', 0),
(1508, '', '', '', 4, '', '', '.  ', 0),
(1509, '', '', '', 4, '', '', '. ', 0),
(1510, '', '', '', 4, '', '', '. ', 0),
(1511, '', '', '', 4, '', '', '. ', 0),
(1512, '', '', '', 4, '', '  ', '. ', 0),
(1513, '', '', '', 4, '', '  ', '. ', 0),
(1514, '', '', '', 4, '', '  ', '. ', 0),
(1515, '', '', '', 4, '', '  ', '. ', 0),
(1516, '', '', '', 4, '', '  ', '. ', 0),
(1517, '', '', '', 4, '', '  ', '. ', 0),
(1518, '', '', '', 4, '', '  ', ' ', 0),
(1519, '', '', '', 4, '', '  ', '. ', 0),
(1520, '', '', '', 4, '', '', '. ', 0),
(1521, '', '', '', 4, '', '', '. ', 0),
(1522, '', '', '', 4, '', '', '. ', 0),
(1523, '', '', '', 4, '', '', ' ', 0),
(1524, '', '', '', 4, '', '', '. ', 0),
(1525, '', '', '', 4, '', '', '. ', 0),
(1526, '', '', '', 4, '', '', '. ', 0),
(1527, '', '', '', 4, '', '', '. ', 0),
(1528, '', '', '', 4, '', '', '.  ', 0),
(1529, '', '', '', 4, '', '', '. ', 0),
(1530, '', '', '', 4, '', '', '. ', 0),
(1531, '', '', '', 4, '', '', ' ', 0),
(1532, '', '', '', 5, '', '', '. ', 0),
(1533, '', '', '', 5, '', '', '. ', 0),
(1534, '', '', '', 5, '', '', '. ', 0),
(1535, '', '', '', 5, '', '', '. ', 0),
(1536, '', '', '', 5, '', '', '. ', 0),
(1537, '', '', '', 5, '', '', '. ', 0),
(1538, '', '', '', 5, '', '', '. ', 0),
(1539, '', '', '', 5, '', '', '. ', 0),
(1540, '', '', '', 5, '', '', '. ', 0),
(1541, '', '', '', 5, '', '', '. ', 0),
(1542, '', '', '', 5, '', '', '.  ', 0),
(1543, '', '', '', 5, '', '', '. ', 0),
(1544, '', '', '', 5, '', '', '. ', 0),
(1545, '', '', '', 5, '', '', '.  ', 0),
(1546, '', '', '', 5, '', '', '.  ', 0),
(1547, '', '', '', 5, '', '', '. ', 0),
(1548, '', '', '', 5, '', '', '. ', 0),
(1549, '', '', '', 5, '', '', '. ', 0),
(1550, '', '', '', 5, '', '', '. ', 0),
(1551, '', '', '', 5, '', '', '. ', 0),
(1552, '', '', '', 5, '', '', '. ', 0),
(1553, '', '', '', 5, '', '', '. ', 0),
(1554, '', '', '', 5, '', '', '.  ', 0),
(1555, '', '', '', 5, '', '', '. ', 0),
(1556, '', '', '', 5, '', '', '.  ', 0),
(1557, '', '', '', 5, '', '', '. ', 0),
(1558, '', '', '', 5, '', '', '. ', 0),
(1559, '', '', '', 5, '', '', '. ', 0),
(1560, '', '', '', 5, '', '', '. ', 0),
(1561, '', '', '', 5, '', '', '. ', 0),
(1562, '', '', '', 5, '', '', '. ', 0),
(1563, '', '', '', 5, '', '', '. ', 0),
(1564, '', '', '', 5, '', '', '. ', 0),
(1565, '', '', '', 5, '', '', '. ', 0),
(1566, '', '', '', 5, '', '', '. ', 0),
(1567, '', '', '', 5, '', '', '. ', 0),
(1568, '', '', '', 5, '', '', '. ', 0),
(1569, '', '', '', 5, '', '', '. ', 0),
(1570, '', '', '', 5, '', '', '. ', 0),
(1571, '', '', '', 5, '', '', '. ', 0),
(1572, '', '', '', 5, '', '', '. ', 0),
(1573, '', '', '', 5, '', '', '. ', 0),
(1574, '', '', '', 5, '', '', '. ', 0),
(1575, '', '', '', 5, '', '', '. ', 0),
(1576, '', '', '', 5, '', '', '. ', 0),
(1577, '', '', '', 5, '', '', '. ', 0),
(1578, '', '', '', 5, '', '', '. ', 0),
(1579, '', '', '', 5, '', '', '. ', 0),
(1580, '', '', '', 5, '', '', '. ', 0),
(1581, '', '', '', 5, '', '', '. ', 0),
(1582, '', '', '', 5, '', '', '. ', 0),
(1583, '', '', '', 5, '', '', '. ', 0),
(1584, '', '', '', 5, '', '', '. ', 0),
(1585, '', '', '', 5, '', '', '. ', 0),
(1586, '', '', '', 5, '', '', '. ', 0),
(1587, '', '', '', 5, '', '', '. ', 0),
(1588, '', '', '', 5, '', '', '. ', 0),
(1589, '', '', '', 5, '', '', '. ', 0),
(1590, '', '', '', 5, '', '', '. ', 0),
(1591, '', '', '', 5, '', '', '. ', 0),
(1592, '', '', '', 5, '', '', '. ', 0),
(1593, '', '', '', 5, '', '', '. ', 0),
(1594, '', '', '', 5, '', '', '. ', 0),
(1595, '', '', '', 5, '', '', '. ', 0),
(1596, '', '', '', 5, '', '', '. ', 0),
(1597, '', '', '', 5, '', '', '. ', 0),
(1598, '', '', '', 5, '', '', '. ', 0),
(1599, '', '', '', 5, '', '', '. ', 0),
(1600, '', '', '', 5, '', '', '. ', 0),
(1601, '', '', '', 5, '', '', '. ', 0),
(1602, '', '', '', 5, '', '', ' ', 0),
(1603, '', '', '', 5, '', '', '. ', 0),
(1604, '', '', '', 5, '', '', '. ', 0),
(1605, '', '', '', 5, '', '', '. ', 0),
(1606, '', '', '', 5, '', '', '. ', 0),
(1607, '', '', '', 5, '', '', '. ', 0),
(1608, '', '', '', 5, '', '', '. ', 0),
(1609, '', '', '', 5, '', '', ' ', 0),
(1610, '', '', '', 5, '', '', '. ', 0),
(1611, '', '', '', 5, '', '', '. ', 0),
(1612, '', '', '', 5, '', '', '. ', 0),
(1613, '', '', '', 5, '', '', '. ', 0),
(1614, '', '', '', 5, '', '', '. ', 0),
(1615, '', '', '', 5, '', '', '. ', 0),
(1616, '', '', '', 5, '', '', '. ', 0),
(1617, '', '', '', 5, '', '', '. ', 0),
(1618, '', '', '', 5, '', '', '. ', 0),
(1619, '', '', '', 5, '', '', '. ', 0),
(1620, '', '', '', 5, '', '', '. ', 0),
(1621, '', '', '', 5, '', '', '. ', 0),
(1622, '', '', '', 5, '', '', '. ', 0),
(1623, '', '', '', 5, '', '', '. ', 0),
(1624, '', '', '', 5, '', '', '. ', 0),
(1625, '', '', '', 5, '', '', '. ', 0),
(1626, '', '', '', 5, '', '', '. ', 0),
(1627, '', '', '', 5, '', '', '. ', 0),
(1628, '', '', '', 5, '', '', '. ', 0),
(1629, '', '', '', 5, '', '', '. ', 0),
(1630, '', '', '', 5, '', '', '. ', 0),
(1631, '', '', '', 5, '', '', '. ', 0),
(1632, '', '', '', 5, '', '', '. ', 0),
(1633, '', '', '', 5, '', '', '. ', 0),
(1634, '', '', '', 5, '', '', '. ', 0),
(1635, '', '', '', 5, '', '', '. ', 0),
(1636, '', '', '', 5, '', '', '. ', 0),
(1637, '', '', '', 5, '', '', '. ', 0),
(1638, '', '', '', 5, '', '', '. ', 0),
(1639, '', '', '', 5, '', '', '. ', 0),
(1640, '', '', '', 5, '', '', '. ', 0),
(1641, '', '', '', 5, '', '', ' ', 0),
(1642, '', '', '', 5, '', '', '. ', 0),
(1643, '', '', '', 5, '', '', '. ', 0),
(1644, '', '', '', 5, '', '', '. ', 0),
(1645, '', '', '', 5, '', '', '. ', 0),
(1646, '', '', '', 5, '', '', '. ', 0),
(1647, '', '', '', 5, '', '', '. ', 0),
(1648, '', '', '', 5, '', '', '.  1', 0),
(1649, '', '', '', 5, '', '', '. ', 0),
(1650, '', '', '', 6, '', '', '. ', 0),
(1651, '', '', '', 6, '', '', '. ', 0),
(1652, '', '', '', 6, '', '', '.  ', 0),
(1653, '', '', '', 6, '', '', '. ', 0),
(1654, '', '', '', 6, '', '', '. ', 0),
(1655, '', '', '', 6, '', '', '. ', 0),
(1656, '', '', '', 6, '', '', '. ', 0),
(1657, '', '', '', 6, '', '', '. ', 0),
(1658, '', '', '', 6, '', '', '. ', 0),
(1659, '', '', '', 6, '', '', '. ', 0),
(1660, '', '', '', 6, '', '', '. ', 0),
(1661, '', '', '', 6, '', '', '. ', 0),
(1662, '', '', '', 6, '', '', '. ', 0),
(1663, '', '', '', 6, '', '', '. ', 0),
(1664, '', '', '', 6, '', '', '. ', 0),
(1665, '', '', '', 6, '', '', '. ', 0),
(1666, '', '', '', 6, '', '', '. ', 0),
(1667, '', '', '', 6, '', '', '. ', 0),
(1668, '', '', '', 6, '', '', '. ', 0),
(1669, '', '', '', 6, '', '', '. ', 0),
(1670, '', '', '', 6, '', '', '. ', 0),
(1671, '', '', '', 6, '', '', '. ', 0),
(1672, '', '', '', 6, '', '', '. ', 0),
(1673, '', '', '', 6, '', '', '. ', 0),
(1674, '', '', '', 6, '', '', '. ', 0),
(1675, '', '', '', 6, '', '', '. ', 0),
(1676, '', '', '', 6, '', '', '. ', 0),
(1677, '', '', '', 6, '', '', '.  ', 0),
(1678, '', '', '', 6, '', '', '. ', 0),
(1679, '', '', '', 6, '', '', '. ', 0),
(1680, '', '', '', 6, '', '', '. ', 0),
(1681, '', '', '', 6, '', '', '. ', 0),
(1682, '', '', '', 6, '', '', '  ', 0),
(1683, '', '', '', 6, '', '', '. ', 0),
(1684, '', '', '', 6, '', '', '. ', 0),
(1685, '', '', '', 6, '', '', '. ', 0),
(1686, '', '', '', 6, '', '', '. ', 0),
(1687, '', '', '', 6, '', '', '. ', 0),
(1688, '', '', '', 6, '', '', '.  ', 0),
(1689, '', '', '', 6, '', '', '. ', 0),
(1690, '', '', '', 6, '', '', '. ', 0),
(1691, '', '', '', 6, '', '', '. ', 0),
(1692, '', '', '', 6, '', '', '. ', 0),
(1693, '', '', '', 6, '', '', '.  ', 0),
(1694, '', '', '', 6, '', '', '. ', 0),
(1695, '', '', '', 6, '', '', '. ', 0),
(1696, '', '', '', 6, '', '', '. ', 0),
(1697, '', '', '', 6, '', '', '. ', 0),
(1698, '', '', '', 6, '', '', '. ', 0),
(1699, '', '', '', 6, '', '', '. ', 0),
(1700, '', '', '', 6, '', '', '. ', 0),
(1701, '', '', '', 6, '', '', '. ', 0),
(1702, '', '', '', 6, '', '', '. ', 0),
(1703, '', '', '', 6, '', '', '. ', 0),
(1704, '', '', '', 6, '', '', '. ', 0),
(1705, '', '', '', 6, '', '', '. ', 0),
(1706, '', '', '', 6, '', '', '.  2', 0),
(1707, '', '', '', 6, '', ' ', '. ', 0),
(1708, '', '', '', 6, '', '', '. ', 0),
(1709, '', '', '', 6, '', '', ' ', 0),
(1710, '', '', '', 6, '', '', '. ', 0),
(1711, '', '', '', 6, '', '', '.  ', 0),
(1712, '', '', '', 6, '', '', '. ', 0),
(1713, '', '', '', 6, '', '', '. ', 0),
(1714, '', '', '', 6, '', '', '. ', 0),
(1715, '', '', '', 6, '', '', '. ', 0),
(1716, '', '', '', 6, '', '', '. ', 0),
(1717, '', '', '', 6, '', '', '. ', 0),
(1718, '', '', '', 6, '', '', ' ', 0),
(1719, '', '', '', 6, '', '', '. ', 0),
(1720, '', '', '', 6, '', '', '. ', 0),
(1721, '', '', '', 6, '', '', '.  ', 0),
(1722, '', '', '', 6, '', '', '. ', 0),
(1723, '', '', '', 6, '', '', '. ', 0),
(1724, '', '', '', 6, '', '', '. ', 0),
(1725, '', '', '', 6, '', '', '. ', 0),
(1726, '', '', '', 6, '', '', '. ', 0),
(1727, '', '', '', 6, '', '', '. ', 0),
(1728, '', '', '', 6, '', '', '. ', 0),
(1729, '', '', '', 6, '', '', ' ', 0),
(1730, '', '', '', 6, '', '', '. ', 0),
(1731, '', '', '', 6, '', '', '.  ', 0),
(1732, '', '', '', 6, '', '', '. ', 0),
(1733, '', '', '', 6, '', '', '. ', 0),
(1734, '', '', '', 6, '', '', '. ', 0),
(1735, '', '', '', 6, '', '', '  ', 0),
(1736, '', '', '', 6, '', '', '. ', 0),
(1737, '', '', '', 6, '', '', '. ', 0),
(1738, '', '', '', 6, '', '', '.  ', 0),
(1739, '', '', '', 6, '', '', '.  ', 0),
(1740, '', '', '', 6, '', '', '. ', 0),
(1741, '', '', '', 6, '', '', '. ', 0),
(1742, '', '', '', 6, '', '', '. ', 0),
(1743, '', '', '', 6, '', '', '.  ', 0),
(1744, '', '', '', 6, '', '', '.  ', 0),
(1745, '', '', '', 6, '', '', '. ', 0),
(1746, '', '', '', 6, '', '', '. ', 0),
(1747, '', '', '', 6, '', '', '. ', 0),
(1748, '', '', '', 6, '', '', '. ', 0),
(1749, '', '', '', 6, '', '', '. ', 0),
(1750, '', '', '', 6, '', '', '. ', 0),
(1751, '', '', '', 6, '', '', ' ', 0),
(1752, '', '', '', 6, '', '', ' ', 0),
(1753, '', '', '', 6, '', '', '. ', 0),
(1754, '', '', '', 6, '', '', '.  ', 0),
(1755, '', '', '', 6, '', '', '. ', 0),
(1756, '', '', '', 6, '', '', '. ', 0),
(1757, '', '', '', 6, '', '', '.  ', 0),
(1758, '', '', '', 6, '', '', '.  ', 0),
(1759, '', '', '', 6, '', '', '.  ', 0),
(1760, '', '', '', 6, '', '', '. ', 0),
(1761, '', '', '', 6, '', '', '. ', 0),
(1762, '', '', '', 6, '', '', '. ', 0),
(1763, '', '', '', 6, '', '', '. ', 0),
(1764, '', '', '', 6, '', '', '. ', 0),
(1765, '', '', '', 6, '', '', '. ', 0),
(1766, '', '', '', 6, '', '', '. ', 0),
(1767, '', '', '', 6, '', '', '.  ', 0),
(1768, '', '', '', 6, '', '', '.  ', 0),
(1769, '', '', '', 6, '', '', '. ', 0),
(1770, '', '', '', 6, '', '', '. ', 0),
(1771, '', '', '', 6, '', '', '. ', 0),
(1772, '', '', '', 6, '', '', '. ', 0),
(1773, '', '', '', 6, '', '', '. ', 0),
(1774, '', '', '', 6, '', '', '. ', 0),
(1775, '', '', '', 6, '', '', '. ', 0),
(1776, '', '', '', 6, '', '', '. ', 0),
(1777, '', '', '', 6, '', '', '  ', 0),
(1778, '', '', '', 6, '', '', '. ', 0),
(1779, '', '', '', 6, '', '', '. ', 0),
(1780, '', '', '', 6, '', '', '. ', 0),
(1781, '', '', '', 6, '', '', '. ', 0),
(1782, '', '', '', 6, '', '', '. ', 0),
(1783, '', '', '', 6, '', '', '. ', 0),
(1784, '', '', '', 6, '', '', '. ', 0),
(1785, '', '', '', 6, '', '', '. ', 0),
(1786, '', '', '', 6, '', '', '. ', 0),
(1787, '', '', '', 6, '', '', '. ', 0),
(1788, '', '', '', 6, '', '', '. ', 0),
(1789, '', '', '', 6, '', '', '. ', 0),
(1790, '', '', '', 6, '', '', '. ', 0),
(1791, '', '', '', 6, '', '', ' ', 0),
(1792, '', '', '', 6, '', '', '. ', 0),
(1793, '', '', '', 6, '', '', '. ', 0),
(1794, '', '', '', 6, '', '', ' ', 0),
(1795, '', '', '', 6, '', '', '. ', 0),
(1796, '', '', '', 6, '', '', '. ', 0),
(1797, '', '', '', 6, '', '', '.  ', 0),
(1798, '', '', '', 6, '', '', '. ', 0),
(1799, '', '', '', 6, '', '', '. ', 0),
(1800, '', '', '', 6, '', '', '. ', 0),
(1801, '', '', '', 6, '', '', '. -1', 0),
(1802, '', '', '', 6, '', '', '. -2', 0),
(1803, '', '', '', 6, '', '', '. ', 0),
(1804, '', '', '', 6, '', '', '. ', 0),
(1805, '', '', '', 6, '', '', ' ', 0),
(1806, '', '', '', 6, '', '', '. ', 0),
(1807, '', '', '', 6, '', '', '. ', 0),
(1808, '', '', '', 6, '', '', ' ', 0),
(1809, '', '', '', 6, '', '', '. ', 0),
(1810, '', '', '', 6, '', '', '. ', 0),
(1811, '', '', '', 6, '', '', '. ', 0),
(1812, '', '', '', 6, '', '', '. ', 0),
(1813, '', '', '', 6, '', '', '. ', 0),
(1814, '', '', '', 6, '', '', '. ', 0),
(1815, '', '', '', 6, '', '', '. ', 0),
(1816, '', '', '', 6, '', '', '. ', 0),
(1817, '', '', '', 6, '', '', '. ', 0),
(1818, '', '', '', 6, '', '', ' ', 0),
(1819, '', '', '', 6, '', '', '.  ', 0),
(1820, '', '', '', 6, '', '', '. ', 0),
(1821, '', '', '', 6, '', '', '. ', 0),
(1822, '', '', '', 6, '', '', '. ', 0),
(1823, '', '', '', 6, '', '', '. ', 0),
(1824, '', '', '', 6, '', '', '. ', 0),
(1825, '', '', '', 6, '', '', '. ', 0),
(1826, '', '', '', 6, '', '', '. ', 0),
(1827, '', '', '', 6, '', '', '. ', 0),
(1828, '', '', '', 6, '', '', '. ', 0),
(1829, '', '', '', 6, '', '', '. ', 0),
(1830, '', '', '', 6, '', '', '. ', 0),
(1831, '', '', '', 6, '', '', '. -', 0),
(1832, '', '', '', 6, '', '', '.   2', 0),
(1833, '', '', '', 6, '', '', '. ', 0),
(1834, '', '', '', 6, '', '', '. ', 0),
(1835, '', '', '', 6, '', '', '. ', 0),
(1836, '', '', '', 6, '', '', '.  ', 0),
(1837, '', '', '', 6, '', '', '. ', 0),
(1838, '', '', '', 6, '', '', '. ', 0),
(1839, '', '', '', 6, '', '', '.  ', 0),
(1840, '', '', '', 6, '', '', ' ', 0),
(1841, '', '', '', 6, '', '', '. ', 0),
(1842, '', '', '', 6, '', '', '. ', 0),
(1843, '', '', '', 6, '', '', '. ', 0),
(1844, '', '', '', 6, '', '', '. ', 0),
(1845, '', '', '', 6, '', '', '. ', 0),
(1846, '', '', '', 6, '', '', '. ', 0),
(1847, '', '', '', 6, '', '', '. ', 0),
(1848, '', '', '', 6, '', '', '. ', 0),
(1849, '', '', '', 6, '', '', '.  ', 0),
(1850, '', '', '', 6, '', '', '.  ', 0),
(1851, '', '', '', 6, '', '', '.  ', 0),
(1852, '', '', '', 6, '', '', '. ', 0),
(1853, '', '', '', 6, '', '', '. ', 0),
(1854, '', '', '', 6, '', '', '. ', 0),
(1855, '', '', '', 6, '', '', '. ', 0),
(1856, '', '', '', 6, '', '', '. -', 0),
(1857, '', '', '', 6, '', '', '. ', 0),
(1858, '', '', '', 6, '', '', '. ', 0),
(1859, '', '', '', 6, '', '', '. ', 0),
(1860, '', '', '', 6, '', '', '. ', 0),
(1861, '', '', '', 6, '', '', '. ', 0),
(1862, '', '', '', 6, '', '', '. ', 0),
(1863, '', '', '', 6, '', '', '  ', 0),
(1864, '', '', '', 6, '', '', '. ', 0),
(1865, '', '', '', 6, '', '', '. ', 0),
(1866, '', '', '', 6, '', '', '. ', 0),
(1867, '', '', '', 6, '', '', '. ', 0),
(1868, '', '', '', 6, '', '', '. ', 0),
(1869, '', '', '', 6, '', '', '. ', 0),
(1870, '', '', '', 6, '', '', '. ', 0),
(1871, '', '', '', 6, '', '', '. ', 0),
(1872, '', '', '', 6, '', '', '. ', 0),
(1873, '', '', '', 6, '', '', '.  ', 0),
(1874, '', '', '', 6, '', '', '. ', 0),
(1875, '', '', '', 6, '', '', '.   1', 0),
(1876, '', '', '', 6, '', '', '.   2', 0),
(1877, '', '', '', 6, '', '', '. ', 0),
(1878, '', '', '', 6, '', '', '. ', 0),
(1879, '', '', '', 6, '', '', '.  ', 0),
(1880, '', '', '', 6, '', '', '.  ', 0),
(1881, '', '', '', 6, '', '', '. ', 0),
(1882, '', '', '', 6, '', '', '. ', 0),
(1883, '', '', '', 6, '', '', '. ', 0),
(1884, '', '', '', 6, '', '', '. ', 0),
(1885, '', '', '', 6, '', '', '. ', 0),
(1886, '', '', '', 6, '', '', '. ', 0),
(1887, '', '', '', 6, '', '', '. ', 0),
(1888, '', '', '', 6, '', '', ' ', 0),
(1889, '', '', '', 6, '', '', '. ', 0),
(1890, '', '', '', 6, '', '', '. ', 0),
(1891, '', '', '', 6, '', '', '. ', 0),
(1892, '', '', '', 6, '', '', '. ', 0),
(1893, '', '', '', 6, '', '', '. ', 0),
(1894, '', '', '', 6, '', '', '. ', 0),
(1895, '', '', '', 6, '', '', '. ', 0),
(1896, '', '', '', 6, '', '', '. ', 0),
(1897, '', '', '', 6, '', '', '. ', 0),
(1898, '', '', '', 6, '', '', ' ', 0),
(1899, '', '', '', 6, '', '', '. ', 0),
(1900, '', '', '', 6, '', '', '. ', 0),
(1901, '', '', '', 6, '', '', '. ', 0),
(1902, '', '', '', 6, '', '', '. ', 0),
(1903, '', '', '', 6, '', '', '. ', 0),
(1904, '', '', '', 6, '', '', '. ', 0),
(1905, '', '', '', 6, '', '', '. ', 0),
(1906, '', '', '', 6, '', '', '. ', 0),
(1907, '', '', '', 6, '', '', '. ', 0),
(1908, '', '', '', 6, '', '', '.  ', 0),
(1909, '', '', '', 6, '', '', '.  ', 0),
(1910, '', '', '', 6, '', '', '.  ', 0),
(1911, '', '', '', 6, '', '', '  ', 0),
(1912, '', '', '', 6, '', '', '. ', 0),
(1913, '', '', '', 6, '', '', '. ', 0),
(1914, '', '', '', 6, '', '', '.  ', 0),
(1915, '', '', '', 6, '', '', '. ', 0),
(1916, '', '', '', 6, '', '', '. ', 0),
(1917, '', '', '', 6, '', '', '. ', 0),
(1918, '', '', '', 6, '', '', '. ', 0),
(1919, '', '', '', 6, '', '', '. ', 0),
(1920, '', '', '', 6, '', '', '. ', 0),
(1921, '', '', '', 6, '', '', '.  ', 0),
(1922, '', '', '', 6, '', '', '. ', 0),
(1923, '', '', '', 6, '', '', '. ', 0),
(1924, '', '', '', 6, '', '', '. ', 0),
(1925, '', '', '', 6, '', '', '. ', 0),
(1926, '', '', '', 6, '', '', '. ', 0),
(1927, '', '', '', 6, '', '', '.  ', 0),
(1928, '', '', '', 6, '', '', '. ', 0),
(1929, '', '', '', 6, '', ' ', '.. ', 0),
(1930, '', '', '', 6, '', '', '. ', 0),
(1931, '', '', '', 6, '', '', '. ', 0),
(1932, '', '', '', 6, '', '', '. ', 0),
(1933, '', '', '', 6, '', '', '. ', 0),
(1934, '', '', '', 6, '', '', ' ', 0),
(1935, '', '', '', 6, '', '', '. ', 0),
(1936, '', '', '', 6, '', '', '. ', 0),
(1937, '', '', '', 6, '', '', '. ', 0),
(1938, '', '', '', 6, '', '', '. ', 0),
(1939, '', '', '', 6, '', '', ' ', 0),
(1940, '', '', '', 6, '', '', '. ', 0),
(1941, '', '', '', 6, '', '', '. ', 0),
(1942, '', '', '', 6, '', '', '. ', 0),
(1943, '', '', '', 6, '', '', '. ', 0),
(1944, '', '', '', 6, '', '', '. ', 0),
(1945, '', '', '', 6, '', '', '. ', 0),
(1946, '', '', '', 6, '', '', '.  ', 0),
(1947, '', '', '', 6, '', '', '. ', 0),
(1948, '', '', '', 6, '', '', '. ', 0),
(1949, '', '', '', 6, '', '', ' ', 0),
(1950, '', '', '', 6, '', '', '.  ', 0),
(1951, '', '', '', 6, '', '', '.  ', 0),
(1952, '', '', '', 6, '', '', '. ', 0),
(1953, '', '', '', 6, '', '', '. ', 0),
(1954, '', '', '', 6, '', '', '. ', 0),
(1955, '', '', '', 6, '', '', '. ', 0),
(1956, '', '', '', 6, '', '', '. ', 0),
(1957, '', '', '', 6, '', '', '. ', 0),
(1958, '', '', '', 6, '', '', '.  ', 0),
(1959, '', '', '', 6, '', '', '.  ', 0),
(1960, '', '', '', 6, '', '', '. ', 0),
(1961, '', '', '', 6, '', '', '.  ', 0),
(1962, '', '', '', 6, '', '', '. ', 0),
(1963, '', '', '', 6, '', '', '. ', 0),
(1964, '', '', '', 6, '', '', '. ', 0),
(1965, '', '', '', 6, '', '', '. ', 0),
(1966, '', '', '', 6, '', '', '. ', 0),
(1967, '', '', '', 6, '', '', '. ', 0),
(1968, '', '', '', 6, '', '', '. ', 0),
(1969, '', '', '', 6, '', '', '. ', 0),
(1970, '', '', '', 6, '', '', '. ', 0),
(1971, '', '', '', 6, '', '', '. ', 0),
(1972, '', '', '', 6, '', '', '. ', 0),
(1973, '', '', '', 6, '', '', '. ', 0),
(1974, '', '', '', 6, '', '', '.  ', 0),
(1975, '', '', '', 6, '', '', '. ', 0),
(1976, '', '', '', 6, '', '', '. ', 0),
(1977, '', '', '', 6, '', '', '. ', 0),
(1978, '', '', '', 6, '', '', '. ', 0),
(1979, '', '', '', 6, '', '', '. ', 0),
(1980, '', '', '', 6, '', '', '. ', 0),
(1981, '', '', '', 6, '', '', '. ', 0),
(1982, '', '', '', 6, '', '', ' ', 0),
(1983, '', '', '', 6, '', '', '. ', 0),
(1984, '', '', '', 6, '', '', '. ', 0),
(1985, '', '', '', 6, '', '', ' ', 0),
(1986, '', '', '', 6, '', '', '. ', 0),
(1987, '', '', '', 6, '', '', '. ', 0),
(1988, '', '', '', 6, '', '', '. ', 0),
(1989, '', '', '', 6, '', '', '. ', 0),
(1990, '', '', '', 6, '', '', '. ', 0),
(1991, '', '', '', 6, '', '', '. ', 0),
(1992, '', '', '', 6, '', '', '. ', 0),
(1993, '', '', '', 6, '', '', ' ', 0),
(1994, '', '', '', 6, '', '', ' ', 0),
(1995, '', '', '', 6, '', '', '. ', 0),
(1996, '', '', '', 6, '', '', '.  1', 0),
(1997, '', '', '', 6, '', '', '. -2', 0),
(1998, '', '', '', 6, '', '', '. -3', 0),
(1999, '', '', '', 6, '', '', '. ', 0),
(2000, '', '', '', 6, '', '', '.  ', 0),
(2001, '', '', '', 6, '', '', '. ', 0),
(2002, '', '', '', 6, '', '', '. ', 0),
(2003, '', '', '', 6, '', '', '. ', 0),
(2004, '', '', '', 6, '', '', '.  ', 0),
(2005, '', '', '', 6, '', '', '. ', 0),
(2006, '', '', '', 6, '', '', '. ', 0),
(2007, '', '', '', 6, '', '', '. ', 0),
(2008, '', '', '', 6, '', '', '. ', 0),
(2009, '', '', '', 6, '', '', '. ', 0),
(2010, '', '', '', 6, '', '', '. ', 0),
(2011, '', '', '', 6, '', '', '. ', 0),
(2012, '', '', '', 6, '', '', '. ', 0),
(2013, '', '', '', 6, '', '', '. ', 0),
(2014, '', '', '', 6, '', '', '. ', 0),
(2015, '', '', '', 6, '', '', '.  ', 0),
(2016, '', '', '', 6, '', '', '.  ', 0),
(2017, '', '', '', 6, '', '', '. ', 0),
(2018, '', '', '', 6, '', '', ' ', 0),
(2019, '', '', '', 6, '', '', '. ', 0),
(2020, '', '', '', 6, '', '', '. ', 0),
(2021, '', '', '', 6, '', '', '. ', 0),
(2022, '', '', '', 6, '', '', '. ', 0),
(2023, '', '', '', 6, '', '', '. ', 0),
(2024, '', '', '', 6, '', '', '. ', 0),
(2025, '', '', '', 6, '', '', '. ', 0),
(2026, '', '', '', 6, '', '', '. ', 0),
(2027, '', '', '', 6, '', '', '. ', 0),
(2028, '', '', '', 6, '', '', '. ', 0),
(2029, '', '', '', 6, '', '', ' ', 0),
(2030, '', '', '', 6, '', '', '. ', 0),
(2031, '', '', '', 6, '', '', ' ', 0),
(2032, '', '', '', 6, '', '', '. ', 0),
(2033, '', '', '', 6, '', '', '. ', 0),
(2034, '', '', '', 6, '', '', '. ', 0),
(2035, '', '', '', 6, '', '', '. ', 0),
(2036, '', '', '', 6, '', '', ' ', 0),
(2037, '', '', '', 6, '', '', '. ', 0),
(2038, '', '', '', 6, '', '', '. ', 0),
(2039, '', '', '', 6, '', '', '. ', 0),
(2040, '', '', '', 6, '', '', '. ', 0),
(2041, '', '', '', 6, '', '', '. ', 0),
(2042, '', '', '', 6, '', '', '.  ', 0),
(2043, '', '', '', 6, '', '', '. ', 0),
(2044, '', '', '', 6, '', '', '.  ', 0),
(2045, '', '', '', 6, '', '', ' ', 0),
(2046, '', '', '', 6, '', '', '.  ', 0),
(2047, '', '', '', 6, '', '', ' ', 0),
(2048, '', '', '', 6, '', '', '. ', 0),
(2049, '', '', '', 6, '', '', '. ', 0),
(2050, '', '', '', 6, '', '', '. ', 0),
(2051, '', '', '', 6, '', '', '.  ', 0),
(2052, '', '', '', 6, '', '', '. ', 0),
(2053, '', '', '', 6, '', '', '. ', 0),
(2054, '', '', '', 6, '', '', '. ', 0),
(2055, '', '', '', 6, '', '', '. ', 0),
(2056, '', '', '', 6, '', '', '. ', 0),
(2057, '', '', '', 6, '', '', '. ', 0),
(2058, '', '', '', 6, '', '', '. ', 0),
(2059, '', '', '', 6, '', '', '. ', 0),
(2060, '', '', '', 6, '', '', '. ', 0),
(2061, '', '', '', 6, '', '', '.  ', 0),
(2062, '', '', '', 6, '', '', '. ', 0),
(2063, '', '', '', 6, '', '', '. ', 0),
(2064, '', '', '', 6, '', '', '. ', 0),
(2065, '', '', '', 6, '', '', '. ', 0),
(2066, '', '', '', 6, '', '', '. ', 0),
(2067, '', '', '', 6, '', '', '. ', 0),
(2068, '', '', '', 6, '', '', '. ', 0),
(2069, '', '', '', 6, '', '', '. ', 0),
(2070, '', '', '', 6, '', '', '. ', 0),
(2071, '', '', '', 6, '', '', '. ', 0),
(2072, '', '', '', 6, '', '', ' ', 0),
(2073, '', '', '', 6, '', '', '. ', 0),
(2074, '', '', '', 6, '', '', '.  ', 0),
(2075, '', '', '', 6, '', '', '. ', 0),
(2076, '', '', '', 6, '', '', '. ', 0),
(2077, '', '', '', 6, '', '', '. ', 0),
(2078, '', '', '', 6, '', '', '.  ', 0),
(2079, '', '', '', 6, '', '', '.  ', 0),
(2080, '', '', '', 6, '', '', ' ', 0),
(2081, '', '', '', 6, '', '', '.  ', 0),
(2082, '', '', '', 6, '', '', '.  ', 0),
(2083, '', '', '', 6, '', '', '. ', 0),
(2084, '', '', '', 6, '', '', '.  ', 0),
(2085, '', '', '', 6, '', '', '.  ', 0),
(2086, '', '', '', 6, '', '', '. ', 0),
(2087, '', '', '', 6, '', '', '. ', 0),
(2088, '', '', '', 6, '', '', '.  ', 0),
(2089, '', '', '', 6, '', '', '.  ', 0),
(2090, '', '', '', 6, '', '', '. ', 0),
(2091, '', '', '', 6, '', '', '. ', 0),
(2092, '', '', '', 6, '', '', '. ', 0),
(2093, '', '', '', 6, '', '', '. ', 0),
(2094, '', '', '', 6, '', '', '. ', 0),
(2095, '', '', '', 6, '', '', '. ', 0),
(2096, '', '', '', 6, '', '', ' ', 0),
(2097, '', '', '', 6, '', '', '. ', 0),
(2098, '', '', '', 6, '', '', '. ', 0),
(2099, '', '', '', 6, '', '', '. ', 0),
(2100, '', '', '', 6, '', '', '. ', 0),
(2101, '', '', '', 6, '', '', '. ', 0),
(2102, '', '', '', 6, '', '', '.  ', 0),
(2103, '', '', '', 6, '', '', '. ', 0),
(2104, '', '', '', 6, '', '', ' ', 0),
(2105, '', '', '', 6, '', '', '. ', 0),
(2106, '', '', '', 6, '', '', '.  ', 0),
(2107, '', '', '', 6, '', '', '. ', 0),
(2108, '', '', '', 6, '', '', '.  ', 0),
(2109, '', '', '', 6, '', '', ' ', 0),
(2110, '', '', '', 6, '', '', '. ', 0),
(2111, '', '', '', 6, '', '', '. ', 0),
(2112, '', '', '', 6, '', '', '. ', 0),
(2113, '', '', '', 6, '', '', '. ', 0),
(2114, '', '', '', 6, '', '', '. ', 0),
(2115, '', '', '', 6, '', '', '. ', 0),
(2116, '', '', '', 6, '', '', ' ', 0),
(2117, '', '', '', 6, '', '', '. ', 0),
(2118, '', '', '', 6, '', '', '. ', 0),
(2119, '', '', '', 6, '', '', '.  ', 0),
(2120, '', '', '', 6, '', '', '.  ', 0),
(2121, '', '', '', 6, '', '', '. ', 0),
(2122, '', '', '', 6, '', '', '. ', 0),
(2123, '', '', '', 6, '', '', '. ', 0),
(2124, '', '', '', 6, '', '', ' ', 0),
(2125, '', '', '', 6, '', '', ' ', 0),
(2126, '', '', '', 6, '', '', '. ', 0),
(2127, '', '', '', 6, '', '', '. ', 0),
(2128, '', '', '', 6, '', '', '. ', 0),
(2129, '', '', '', 6, '', '', '. ', 0),
(2130, '', '', '', 6, '', '', '. ', 0),
(2131, '', '', '', 6, '', '', '. ', 0),
(2132, '', '', '', 6, '', '', '. ', 0),
(2133, '', '', '', 6, '', '', '. ', 0),
(2134, '', '', '', 6, '', '', '. ', 0),
(2135, '', '', '', 6, '', '', '. ', 0),
(2136, '', '', '', 6, '', '', '. ', 0),
(2137, '', '', '', 6, '', '', '.  ', 0),
(2138, '', '', '', 6, '', '', '. ', 0),
(2139, '', '', '', 6, '', ' ', '. ', 0),
(2140, '', '', '', 6, '', '', '. ', 0),
(2141, '', '', '', 6, '', '', '. ', 0),
(2142, '', '', '', 6, '', '', '. ', 0),
(2143, '', '', '', 6, '', '', '. ', 0),
(2144, '', '', '', 6, '', '', '. ', 0),
(2145, '', '', '', 6, '', '', '. ', 0),
(2146, '', '', '', 6, '', '', '. ', 0),
(2147, '', '', '', 6, '', '', '. ', 0),
(2148, '', '', '', 6, '', '', '. ', 0),
(2149, '', '', '', 6, '', '', '. ', 0),
(2150, '', '', '', 6, '', '', '. ', 0),
(2151, '', '', '', 6, '', '', '. -', 0),
(2152, '', '', '', 6, '', '', '. ', 0),
(2153, '', '', '', 6, '', '', '.  ', 0),
(2154, '', '', '', 6, '', '', '. ', 0),
(2155, '', '', '', 6, '', '', '. ', 0),
(2156, '', '', '', 6, '', '', '. ', 0),
(2157, '', '', '', 6, '', '', '. ', 0),
(2158, '', '', '', 6, '', '', '. ', 0),
(2159, '', '', '', 6, '', '', '.  ', 0),
(2160, '', '', '', 6, '', '', '. ', 0),
(2161, '', '', '', 6, '', '', '. ', 0),
(2162, '', '', '', 6, '', '', '. ', 0),
(2163, '', '', '', 6, '', '', ' ', 0),
(2164, '', '', '', 6, '', '', '. ', 0),
(2165, '', '', '', 6, '', '', '. ', 0),
(2166, '', '', '', 6, '', '', '. ', 0),
(2167, '', '', '', 6, '', '', '. ', 0),
(2168, '', '', '', 6, '', '', '. ', 0),
(2169, '', '', '', 6, '', '', ' ', 0),
(2170, '', '', '', 6, '', '', '. ', 0),
(2171, '', '', '', 6, '', '', '.  ', 0),
(2172, '', '', '', 6, '', '', '. ', 0),
(2173, '', '', '', 6, '', '', '. ', 0),
(2174, '', '', '', 6, '', '', '. ', 0),
(2175, '', '', '', 6, '', '', '. ', 0),
(2176, '', '', '', 6, '', '', '. ', 0),
(2177, '', '', '', 6, '', '', '. ', 0),
(2178, '', '', '', 6, '', '', '. ', 0),
(2179, '', '', '', 6, '', '', '. ', 0),
(2180, '', '', '', 6, '', '', '. ', 0),
(2181, '', '', '', 6, '', '', '. ', 0),
(2182, '', '', '', 6, '', '', '. ', 0),
(2183, '', '', '', 6, '', '', '. ', 0),
(2184, '', '', '', 6, '', '', '. ', 0),
(2185, '', '', '', 6, '', '', '.  ', 0),
(2186, '', '', '', 6, '', '', '. ', 0),
(2187, '', '', '', 6, '', '', '. ', 0),
(2188, '', '', '', 6, '', '', '. ', 0),
(2189, '', '', '', 6, '', '', '. ', 0),
(2190, '', '', '', 6, '', '', '. -', 0),
(2191, '', '', '', 6, '', '', '. -', 0),
(2192, '', '', '', 6, '', '', '. ', 0),
(2193, '', '', '', 6, '', '', ' ', 0),
(2194, '', '', '', 6, '', '', '. ', 0),
(2195, '', '', '', 6, '', '', '. ', 0),
(2196, '', '', '', 6, '', '', '. ', 0),
(2197, '', '', '', 6, '', '', '. ', 0),
(2198, '', '', '', 6, '', '', '. ', 0),
(2199, '', '', '', 6, '', '', '. ', 0),
(2200, '', '', '', 6, '', '', '. ', 0),
(2201, '', '', '', 6, '', '', '. ', 0),
(2202, '', '', '', 6, '', '', '. ', 0),
(2203, '', '', '', 6, '', '', '. ', 0),
(2204, '', '', '', 6, '', '', '. ', 0),
(2205, '', '', '', 6, '', '', '. ', 0),
(2206, '', '', '', 6, '', '', '.  ', 0),
(2207, '', '', '', 6, '', ' ', '. ', 0),
(2208, '', '', '', 6, '', '', '. ', 0),
(2209, '', '', '', 6, '', '', '.  ', 0),
(2210, '', '', '', 6, '', '', ' ', 0),
(2211, '', '', '', 6, '', '', '. ', 0),
(2212, '', '', '', 6, '', '', '. ', 0),
(2213, '', '', '', 6, '', '', '. ', 0),
(2214, '', '', '', 6, '', '', ' ', 0),
(2215, '', '', '', 6, '', '', '. ', 0),
(2216, '', '', '', 6, '', '', '. ', 0),
(2217, '', '', '', 6, '', '', '. ', 0),
(2218, '', '', '', 6, '', '', '. ', 0),
(2219, '', '', '', 6, '', '', '. ', 0),
(2220, '', '', '', 6, '', '', '. ', 0),
(2221, '', '', '', 6, '', '', '. ', 0),
(2222, '', '', '', 6, '', '', '.  ', 0),
(2223, '', '', '', 6, '', '', '. ', 0),
(2224, '', '', '', 6, '', '', '. ', 0),
(2225, '', '', '', 6, '', '', '.  ', 0),
(2226, '', '', '', 6, '', '', '. ', 0),
(2227, '', '', '', 6, '', '', '. ', 0),
(2228, '', '', '', 6, '', '', '. ', 0),
(2229, '', '', '', 6, '', '', '.  ', 0),
(2230, '', '', '', 6, '', '', '.  ', 0),
(2231, '', '', '', 6, '', '', '. ', 0),
(2232, '', '', '', 6, '', '', '. ', 0),
(2233, '', '', '', 6, '', '', '. ', 0),
(2234, '', '', '', 6, '', '', '. ', 0),
(2235, '', '', '', 6, '', '', '. ', 0),
(2236, '', '', '', 6, '', '', ' ', 0),
(2237, '', '', '', 6, '', '', '. ', 0),
(2238, '', '', '', 6, '', '', '. ', 0),
(2239, '', '', '', 6, '', '', '. ', 0),
(2240, '', '', '', 6, '', '', '. ', 0),
(2241, '', '', '', 6, '', '', '.  ', 0),
(2242, '', '', '', 6, '', '', '. ', 0),
(2243, '', '', '', 6, '', '', '. ', 0),
(2244, '', '', '', 6, '', '', '. ', 0),
(2245, '', '', '', 6, '', '', '. ', 0),
(2246, '', '', '', 6, '', '', '. ', 0),
(2247, '', '', '', 6, '', '', ' ', 0),
(2248, '', '', '', 6, '', '', '. ', 0),
(2249, '', '', '', 6, '', '', '. ', 0),
(2250, '', '', '', 6, '', '', '. ', 0),
(2251, '', '', '', 6, '', '', '. ', 0),
(2252, '', '', '', 6, '', '', '. ', 0),
(2253, '', '', '', 6, '', '', '. ', 0),
(2254, '', '', '', 6, '', '', '. ', 0),
(2255, '', '', '', 6, '', '', '.  ', 0),
(2256, '', '', '', 6, '', '', '. ', 0),
(2257, '', '', '', 6, '', '', ' ', 0),
(2258, '', '', '', 6, '', '', '. ', 0),
(2259, '', '', '', 6, '', '', '. ', 0),
(2260, '', '', '', 6, '', '', '. ', 0),
(2261, '', '', '', 6, '', '', '. ', 0),
(2262, '', '', '', 6, '', '', '. ', 0),
(2263, '', '', '', 6, '', '', '. ', 0),
(2264, '', '', '', 6, '', '', '.  ', 0),
(2265, '', '', '', 6, '', '', '. ', 0),
(2266, '', '', '', 6, '', '', '. ', 0),
(2267, '', '', '', 6, '', '', '.  ', 0),
(2268, '', '', '', 6, '', '', '. ', 0),
(2269, '', '', '', 6, '', '', '. ', 0),
(2270, '', '', '', 6, '', '', '. ', 0),
(2271, '', '', '', 6, '', '', '. ', 0),
(2272, '', '', '', 6, '', '', '.  ', 0),
(2273, '', '', '', 6, '', '', '. ', 0),
(2274, '', '', '', 6, '', '', '. ', 0),
(2275, '', '', '', 6, '', '', '. ', 0),
(2276, '', '', '', 6, '', '', '. ', 0),
(2277, '', '', '', 6, '', '', '. ', 0),
(2278, '', '', '', 6, '', '', '. ', 0),
(2279, '', '', '', 6, '', '', '. ', 0),
(2280, '', '', '', 6, '', '', '. ', 0),
(2281, '', '', '', 6, '', '', '. ', 0),
(2282, '', '', '', 6, '', '', '. ', 0),
(2283, '', '', '', 6, '', '', '. ', 0),
(2284, '', '', '', 6, '', '', '. ', 0),
(2285, '', '', '', 6, '', '', '.  ', 0),
(2286, '', '', '', 6, '', '', '. ', 0),
(2287, '', '', '', 6, '', '', '. ', 0),
(2288, '', '', '', 6, '', '', '. ', 0),
(2289, '', '', '', 6, '', '', '. ', 0),
(2290, '', '', '', 6, '', '', '. ', 0),
(2291, '', '', '', 6, '', '', '. ', 0),
(2292, '', '', '', 6, '', '', '. ', 0),
(2293, '', '', '', 6, '', '', '. ', 0),
(2294, '', '', '', 6, '', '', '. ', 0),
(2295, '', '', '', 6, '', '', '. ', 0),
(2296, '', '', '', 6, '', '', '. ', 0),
(2297, '', '', '', 6, '', '', '. ', 0),
(2298, '', '', '', 6, '', '', '. ', 0),
(2299, '', '', '', 6, '', '', '. ', 0),
(2300, '', '', '', 6, '', '', '. ', 0),
(2301, '', '', '', 6, '', '', '. ', 0),
(2302, '', '', '', 6, '', '', '. ', 0),
(2303, '', '', '', 6, '', '', '.  1', 0),
(2304, '', '', '', 6, '', '', '. ', 0),
(2305, '', '', '', 6, '', '', '. ', 0),
(2306, '', '', '', 6, '', '', '. ', 0),
(2307, '', '', '', 6, '', '', '. ', 0),
(2308, '', '', '', 6, '', '', '. ', 0),
(2309, '', '', '', 6, '', ' ', '. ', 0),
(2310, '', '', '', 6, '', '', '. ', 0),
(2311, '', '', '', 6, '', '', '. ', 0),
(2312, '', '', '', 6, '', '', '.  ', 0),
(2313, '', '', '', 6, '', '', '. ', 0),
(2314, '', '', '', 6, '', '', '. ', 0),
(2315, '', '', '', 6, '', '', '  1', 0),
(2316, '', '', '', 6, '', '', '.  2', 0),
(2317, '', '', '', 6, '', '', '. ', 0),
(2318, '', '', '', 6, '', '', '. ', 0),
(2319, '', '', '', 6, '', '', '. -1', 0),
(2320, '', '', '', 6, '', '', '. -2', 0),
(2321, '', '', '', 6, '', '', ' ', 0),
(2322, '', '', '', 6, '', '', '. ', 0),
(2323, '', '', '', 6, '', '', '. ', 0),
(2324, '', '', '', 6, '', '', '. ', 0),
(2325, '', '', '', 6, '', '', '. ', 0),
(2326, '', '', '', 6, '', '', '. ', 0),
(2327, '', '', '', 6, '', '', '. ', 0),
(2328, '', '', '', 6, '', '', '. ', 0),
(2329, '', '', '', 6, '', '', '. -', 0),
(2330, '', '', '', 6, '', '', '.  ', 0),
(2331, '', '', '', 6, '', '', '. ', 0),
(2332, '', '', '', 6, '', '', '. ', 0),
(2333, '', '', '', 6, '', '', '. ', 0),
(2334, '', '', '', 6, '', '', '.  ', 0),
(2335, '', '', '', 6, '', '', '. ', 0),
(2336, '', '', '', 6, '', '', '.  ', 0),
(2337, '', '', '', 6, '', '', '. ', 0),
(2338, '', '', '', 6, '', '', '. ', 0),
(2339, '', '', '', 6, '', '', '.  ', 0),
(2340, '', '', '', 6, '', '', '.  ', 0),
(2341, '', '', '', 6, '', '', '. ', 0),
(2342, '', '', '', 6, '', '', '.  ', 0),
(2343, '', '', '', 6, '', '', '. ', 0),
(2344, '', '', '', 6, '', '', '.  ', 0),
(2345, '', '', '', 6, '', '', '. ', 0),
(2346, '', '', '', 6, '', '', '. ', 0),
(2347, '', '', '', 6, '', '', ' ', 0),
(2348, '', '', '', 6, '', '', '. -', 0),
(2349, '', '', '', 6, '', '', '. ', 0),
(2350, '', '', '', 6, '', '', ' ', 0),
(2351, '', '', '', 6, '', '', '. ', 0),
(2352, '', '', '', 6, '', '', '. ', 0),
(2353, '', '', '', 6, '', '', ' ', 0),
(2354, '', '', '', 6, '', '', '.  ', 0),
(2355, '', '', '', 6, '', '', '. ', 0),
(2356, '', '', '', 6, '', '', '. ', 0),
(2357, '', '', '', 6, '', '', '. ', 0),
(2358, '', '', '', 6, '', '', '.  ', 0),
(2359, '', '', '', 6, '', '', '.  ', 0),
(2360, '', '', '', 6, '', '', '. ', 0),
(2361, '', '', '', 6, '', '', '. ', 0),
(2362, '', '', '', 6, '', '', '. ', 0),
(2363, '', '', '', 6, '', '', '. ', 0),
(2364, '', '', '', 6, '', '', '. ', 0),
(2365, '', '', '', 6, '', '', '. ', 0),
(2366, '', '', '', 6, '', '', '. ', 0),
(2367, '', '', '', 6, '', '', '. ', 0),
(2368, '', '', '', 6, '', '', '. ', 0),
(2369, '', '', '', 6, '', '', '. ', 0),
(2370, '', '', '', 6, '', '', '. ', 0),
(2371, '', '', '', 6, '', '', '. ', 0),
(2372, '', '', '', 6, '', '', '. ', 0),
(2373, '', '', '', 6, '', '', '. ', 0),
(2374, '', '', '', 6, '', '', '. ', 0),
(2375, '', '', '', 6, '', '', '. ', 0),
(2376, '', '', '', 6, '', '', '. ', 0),
(2377, '', '', '', 6, '', '', '. ', 0),
(2378, '', '', '', 6, '', '', '. ', 0),
(2379, '', '', '', 6, '', '', '. ', 0),
(2380, '', '', '', 6, '', '', '. ', 0),
(2381, '', '', '', 6, '', '', ' ', 0),
(2382, '', '', '', 6, '', '', '. ', 0),
(2383, '', '', '', 6, '', '', '. ', 0),
(2384, '', '', '', 6, '', '', '. ', 0),
(2385, '', '', '', 6, '', '', '. ', 0),
(2386, '', '', '', 6, '', '', '. ', 0),
(2387, '', '', '', 6, '', '', '. ', 0),
(2388, '', '', '', 6, '', '', '. ', 0),
(2389, '', '', '', 6, '', '', '. ', 0),
(2390, '', '', '', 6, '', '', '.  2', 0),
(2391, '', '', '', 6, '', '', '. ', 0);

DROP TABLE IF EXISTS `db_state`;
CREATE TABLE `db_state` (
  `id_state` int(11) NOT NULL AUTO_INCREMENT,
  `name` varchar(60) NOT NULL,
  `sname` varchar(60) NOT NULL,
  `abbr` varchar(60) NOT NULL,
  `color` varchar(8) NOT NULL,
  PRIMARY KEY (`id_state`)
) ENGINE=InnoDB AUTO_INCREMENT=3 /*!40101 DEFAULT CHARSET=cp1251 */;

INSERT INTO `db_state` VALUES
(1, '', '', '', '#ffffff'),
(2, '', '', '', '#DDDDDD');

DROP TABLE IF EXISTS `db_student`;
CREATE TABLE `db_student` (
  `id_student` int(11) NOT NULL AUTO_INCREMENT,
  `name` varchar(60) NOT NULL,
  `sname` varchar(60) NOT NULL,
  `abbr` varchar(50) NOT NULL,
  `style` varchar(100) NOT NULL,
  PRIMARY KEY (`id_student`)
) ENGINE=InnoDB AUTO_INCREMENT=3 /*!40101 DEFAULT CHARSET=cp1251 */;

INSERT INTO `db_student` VALUES
(1, '', '', '', 'background-color:#00C000;'),
(2, '', '', '', 'border:2px solid black;color:#f0f0f0;');

DROP TABLE IF EXISTS `db_subdiv`;
CREATE TABLE `db_subdiv` (
  `id_subdiv` int(11) NOT NULL AUTO_INCREMENT,
  `name` varchar(60) NOT NULL,
  `sname` varchar(60) NOT NULL,
  `abbr` varchar(60) NOT NULL,
  `relation_id` int(11) NOT NULL,
  `envelop_abbr` varchar(10) NOT NULL,
  `city_rang_id` int(11) NOT NULL,
  PRIMARY KEY (`id_subdiv`)
) ENGINE=InnoDB AUTO_INCREMENT=14 /*!40101 DEFAULT CHARSET=cp1251 */;

INSERT INTO `db_subdiv` VALUES
(1, ' ', '', '', 0, '', 1),
(2, '', '', '', 0, '', 1),
(3, '', '', '', 0, '', 2),
(4, '  ', '', '', 0, '', 1),
(5, ' ', '', '', 0, '', 2),
(6, ' ', '', '', 0, '', 2),
(7, '  ', '', '', 0, '', 2),
(8, '', '', '', 0, '', 2),
(9, '', '', '', 0, '', 2),
(10, '', '', '', 0, '', 2),
(11, '', '', '', 0, '', 2),
(12, '', '', '-', 0, '-', 2),
(13, '', '', '-', 0, '-', 2);

DROP TABLE IF EXISTS `db_subgrade`;
CREATE TABLE `db_subgrade` (
  `id_subgrade` int(11) NOT NULL AUTO_INCREMENT,
  `name` varchar(60) NOT NULL,
  `sname` varchar(60) NOT NULL,
  `abbr` varchar(50) NOT NULL,
  PRIMARY KEY (`id_subgrade`)
) ENGINE=InnoDB AUTO_INCREMENT=11 /*!40101 DEFAULT CHARSET=cp1251 */;

INSERT INTO `db_subgrade` VALUES
(1, ' I c.', '', ''),
(2, ' II c.', '', ''),
(3, ' III c.', '', ''),
(4, ' I c.', '', ''),
(5, ' II c.', '', ''),
(6, ' III c.', '', ''),
(7, ' I c.', '', ''),
(8, ' II c.', '', ''),
(9, ' III c.', '', ''),
(10, '    ', '', '');

DROP TABLE IF EXISTS `db_submission`;
CREATE TABLE `db_submission` (
  `id_submission` int(11) NOT NULL AUTO_INCREMENT,
  `name` varchar(60) NOT NULL,
  `sname` varchar(60) NOT NULL,
  `abbr` varchar(50) NOT NULL,
  `parent_id` int(11) NOT NULL,
  `child_id` int(11) NOT NULL,
  PRIMARY KEY (`id_submission`)
) ENGINE=InnoDB AUTO_INCREMENT=39 /*!40101 DEFAULT CHARSET=cp1251 */;

INSERT INTO `db_submission` VALUES
(1, '', '', '', 57, 45),
(2, '', '', '', 57, 37),
(3, '', '', '', 57, 39),
(4, '', '', '', 57, 38),
(5, '', '', '', 51, 45),
(6, '', '', '', 51, 37),
(7, '', '', '', 51, 39),
(8, '', '', '', 51, 38),
(9, '', '', '', 53, 49),
(10, '', '', '', 53, 67),
(11, '', '', '', 55, 66),
(12, '', '', '', 55, 44),
(13, '', '', '', 55, 43),
(14, '', '', '', 54, 66),
(15, '', '', '', 54, 44),
(16, '', '', '', 54, 43),
(19, '', '', '', 50, 41),
(20, '', '', '', 50, 46),
(21, '', '', '', 50, 42),
(22, '', '', '', 50, 40),
(23, '', '', '', 50, 47),
(24, '', '', '', 50, 48),
(25, '', '', '', 52, 41),
(26, '', '', '', 52, 46),
(27, '', '', '', 52, 42),
(28, '', '', '', 52, 40),
(29, '', '', '', 52, 47),
(30, '', '', '', 52, 48),
(31, '', '', '', 56, 48),
(32, '', '', '', 56, 41),
(33, '', '', '', 56, 46),
(34, '', '', '', 56, 42),
(35, '', '', '', 56, 40),
(36, '', '', '', 56, 47),
(37, '', '', '', 55, 47),
(38, '123', '', '', 72, 72);

DROP TABLE IF EXISTS `db_submitted`;
CREATE TABLE `db_submitted` (
  `id_submitted` int(11) NOT NULL AUTO_INCREMENT,
  `faculty_id` int(11) NOT NULL,
  `time_form_id` int(11) NOT NULL,
  `total` int(11) NOT NULL,
  PRIMARY KEY (`id_submitted`),
  UNIQUE KEY `faculty_id` (`faculty_id`,`time_form_id`)
) ENGINE=InnoDB AUTO_INCREMENT=45 /*!40101 DEFAULT CHARSET=cp1251 */;

INSERT INTO `db_submitted` VALUES
(1, 1, 1, 0),
(2, 1, 2, 0),
(3, 2, 1, 0),
(4, 2, 2, 0),
(9, 3, 1, 0),
(10, 3, 2, 0),
(11, 4, 1, 0),
(12, 4, 2, 0),
(13, 5, 1, 0),
(14, 5, 2, 0),
(15, 6, 1, 0),
(16, 6, 2, 0),
(19, 1, 3, 0),
(20, 1, 4, 0),
(23, 2, 3, 0),
(24, 2, 4, 0),
(27, 3, 3, 0),
(28, 3, 4, 0),
(31, 4, 3, 0),
(32, 4, 4, 0),
(35, 5, 3, 0),
(36, 5, 4, 0),
(39, 6, 3, 0),
(40, 6, 4, 0),
(41, 7, 1, 0),
(42, 7, 2, 0),
(43, 7, 3, 0),
(44, 7, 4, 0);

DROP TABLE IF EXISTS `db_tag`;
CREATE TABLE `db_tag` (
  `id_tag` int(11) NOT NULL AUTO_INCREMENT,
  `name` varchar(60) NOT NULL,
  `sname` varchar(60) NOT NULL,
  `abbr` varchar(50) NOT NULL,
  PRIMARY KEY (`id_tag`)
) ENGINE=InnoDB /*!40101 DEFAULT CHARSET=cp1251 */;

DROP TABLE IF EXISTS `db_tag_relation`;
CREATE TABLE `db_tag_relation` (
  `id_tag_relation` int(11) NOT NULL AUTO_INCREMENT,
  `person_id` int(11) NOT NULL,
  `tag_id` int(11) NOT NULL,
  PRIMARY KEY (`id_tag_relation`)
) ENGINE=InnoDB /*!40101 DEFAULT CHARSET=cp1251 */;

DROP TABLE IF EXISTS `db_target`;
CREATE TABLE `db_target` (
  `id_target` int(11) NOT NULL AUTO_INCREMENT,
  `name` varchar(60) NOT NULL,
  `sname` varchar(60) NOT NULL,
  `abbr` varchar(11) NOT NULL,
  PRIMARY KEY (`id_target`)
) ENGINE=InnoDB AUTO_INCREMENT=8 /*!40101 DEFAULT CHARSET=cp1251 */;

INSERT INTO `db_target` VALUES
(1, '', '', ''),
(2, ' ', ' .', ''),
(3, '', '', ''),
(4, ',  ', './', ''),
(5, ', ', ',', ''),
(6, ',  ', './', ''),
(7, '', '', '');

DROP TABLE IF EXISTS `db_target_allowable`;
CREATE TABLE `db_target_allowable` (
  `id_target_allowable` int(11) NOT NULL AUTO_INCREMENT,
  `faculty_id` int(11) NOT NULL,
  `time_form_id` int(11) NOT NULL,
  `edu_form_id` int(11) NOT NULL,
  `target_id` int(11) NOT NULL,
  `target_type_id` int(11) NOT NULL,
  `target_cell_id` int(11) NOT NULL,
  `region_cell_id` int(11) NOT NULL,
  PRIMARY KEY (`id_target_allowable`),
  UNIQUE KEY `faculty_id` (`faculty_id`,`time_form_id`,`edu_form_id`,`target_id`,`target_type_id`,`target_cell_id`,`region_cell_id`)
) ENGINE=InnoDB AUTO_INCREMENT=130 /*!40101 DEFAULT CHARSET=cp1251 */;

INSERT INTO `db_target_allowable` VALUES
(1, 1, 1, 1, 1, 1, 1, 1),
(2, 1, 1, 1, 1, 1, 1, 2),
(3, 1, 1, 1, 1, 1, 1, 3),
(4, 1, 1, 1, 1, 1, 1, 4),
(5, 1, 1, 1, 1, 1, 1, 5),
(124, 1, 1, 1, 1, 1, 1, 6),
(13, 1, 1, 1, 2, 0, 0, 0),
(14, 1, 1, 1, 3, 1, 0, 0),
(16, 1, 1, 1, 5, 0, 0, 0),
(17, 1, 1, 2, 3, 0, 0, 0),
(18, 1, 1, 2, 4, 0, 0, 0),
(19, 1, 1, 2, 6, 0, 0, 0),
(20, 2, 1, 1, 1, 1, 1, 1),
(21, 2, 1, 1, 1, 1, 1, 2),
(22, 2, 1, 1, 1, 1, 1, 3),
(23, 2, 1, 1, 1, 1, 1, 4),
(24, 2, 1, 1, 1, 1, 1, 5),
(25, 2, 1, 1, 1, 1, 1, 6),
(26, 2, 1, 1, 1, 2, 1, 1),
(27, 2, 1, 1, 1, 2, 1, 2),
(28, 2, 1, 1, 1, 2, 1, 3),
(29, 2, 1, 1, 1, 2, 1, 4),
(30, 2, 1, 1, 1, 2, 1, 5),
(31, 2, 1, 1, 1, 2, 1, 6),
(32, 2, 1, 1, 2, 0, 0, 0),
(33, 2, 1, 1, 3, 1, 0, 0),
(34, 2, 1, 1, 3, 2, 0, 0),
(35, 2, 1, 1, 5, 0, 0, 0),
(36, 2, 1, 2, 3, 0, 0, 0),
(37, 2, 1, 2, 4, 0, 0, 0),
(38, 2, 1, 2, 6, 0, 0, 0),
(39, 3, 1, 1, 1, 1, 1, 1),
(40, 3, 1, 1, 1, 1, 1, 2),
(41, 3, 1, 1, 1, 1, 1, 3),
(42, 3, 1, 1, 1, 1, 1, 4),
(43, 3, 1, 1, 1, 1, 1, 5),
(44, 3, 1, 1, 1, 1, 1, 6),
(45, 3, 1, 1, 1, 2, 1, 1),
(46, 3, 1, 1, 1, 2, 1, 2),
(47, 3, 1, 1, 1, 2, 1, 3),
(48, 3, 1, 1, 1, 2, 1, 4),
(49, 3, 1, 1, 1, 2, 1, 5),
(50, 3, 1, 1, 1, 2, 1, 6),
(51, 3, 1, 1, 2, 0, 0, 0),
(52, 3, 1, 1, 3, 1, 0, 0),
(53, 3, 1, 1, 3, 2, 0, 0),
(54, 3, 1, 1, 5, 0, 0, 0),
(55, 3, 1, 2, 3, 0, 0, 0),
(56, 3, 1, 2, 4, 0, 0, 0),
(57, 3, 1, 2, 6, 0, 0, 0),
(58, 4, 1, 1, 1, 1, 1, 1),
(59, 4, 1, 1, 1, 1, 1, 2),
(60, 4, 1, 1, 1, 1, 1, 3),
(61, 4, 1, 1, 1, 1, 1, 4),
(62, 4, 1, 1, 1, 1, 1, 5),
(63, 4, 1, 1, 1, 1, 1, 6),
(64, 4, 1, 1, 1, 2, 1, 1),
(65, 4, 1, 1, 1, 2, 1, 2),
(66, 4, 1, 1, 1, 2, 1, 3),
(67, 4, 1, 1, 1, 2, 1, 4),
(68, 4, 1, 1, 1, 2, 1, 5),
(69, 4, 1, 1, 1, 2, 1, 6),
(70, 4, 1, 1, 2, 0, 0, 0),
(71, 4, 1, 1, 3, 1, 0, 0),
(72, 4, 1, 1, 3, 2, 0, 0),
(73, 4, 1, 1, 5, 0, 0, 0),
(74, 4, 1, 2, 3, 0, 0, 0),
(75, 4, 1, 2, 4, 0, 0, 0),
(76, 4, 1, 2, 6, 0, 0, 0),
(125, 5, 1, 1, 2, 1, 0, 0),
(78, 5, 1, 1, 3, 1, 0, 0),
(80, 6, 1, 1, 1, 1, 1, 1),
(81, 6, 1, 1, 1, 1, 1, 2),
(82, 6, 1, 1, 1, 1, 1, 3),
(83, 6, 1, 1, 1, 1, 1, 4),
(84, 6, 1, 1, 1, 1, 1, 5),
(85, 6, 1, 1, 1, 1, 1, 6),
(92, 6, 1, 1, 1, 1, 2, 1),
(93, 6, 1, 1, 1, 1, 2, 2),
(94, 6, 1, 1, 1, 1, 2, 3),
(95, 6, 1, 1, 1, 1, 2, 4),
(96, 6, 1, 1, 1, 1, 2, 5),
(97, 6, 1, 1, 1, 1, 2, 6),
(86, 6, 1, 1, 1, 2, 1, 1),
(87, 6, 1, 1, 1, 2, 1, 2),
(88, 6, 1, 1, 1, 2, 1, 3),
(89, 6, 1, 1, 1, 2, 1, 4),
(90, 6, 1, 1, 1, 2, 1, 5),
(91, 6, 1, 1, 1, 2, 1, 6),
(98, 6, 1, 1, 1, 2, 2, 1),
(99, 6, 1, 1, 1, 2, 2, 2),
(100, 6, 1, 1, 1, 2, 2, 3),
(101, 6, 1, 1, 1, 2, 2, 4),
(102, 6, 1, 1, 1, 2, 2, 5),
(103, 6, 1, 1, 1, 2, 2, 6),
(104, 6, 1, 1, 2, 0, 0, 0),
(105, 6, 1, 1, 3, 1, 0, 0),
(106, 6, 1, 1, 3, 2, 0, 0),
(107, 6, 1, 1, 5, 0, 0, 0),
(108, 6, 1, 2, 3, 0, 0, 0),
(109, 6, 1, 2, 4, 0, 0, 0),
(110, 6, 1, 2, 6, 0, 0, 0),
(111, 6, 2, 1, 3, 1, 0, 0),
(112, 6, 2, 1, 3, 2, 0, 0),
(113, 6, 2, 2, 3, 0, 0, 0),
(126, 6, 2, 2, 3, 2, 0, 0),
(114, 6, 2, 2, 4, 0, 0, 0),
(115, 6, 2, 2, 6, 0, 0, 0),
(116, 7, 1, 1, 3, 0, 0, 0),
(117, 7, 1, 2, 3, 0, 0, 0),
(129, 7, 1, 2, 7, 0, 0, 0),
(118, 7, 2, 2, 3, 0, 0, 0),
(119, 7, 3, 2, 3, 0, 0, 0),
(120, 7, 4, 2, 3, 0, 0, 0);

DROP TABLE IF EXISTS `db_target_formable`;
CREATE TABLE `db_target_formable` (
  `id_target_formable` int(11) NOT NULL AUTO_INCREMENT,
  `faculty_id` int(11) NOT NULL,
  `time_form_id` int(11) NOT NULL,
  `edu_form_id` int(11) NOT NULL,
  `target_id` int(11) NOT NULL,
  `target_type_id` int(11) NOT NULL,
  `target_cell_id` int(11) NOT NULL,
  `region_cell_id` int(11) NOT NULL,
  PRIMARY KEY (`id_target_formable`),
  UNIQUE KEY `faculty_id` (`faculty_id`,`time_form_id`,`edu_form_id`,`target_id`,`target_type_id`,`target_cell_id`,`region_cell_id`)
) ENGINE=InnoDB AUTO_INCREMENT=125 /*!40101 DEFAULT CHARSET=cp1251 */;

INSERT INTO `db_target_formable` VALUES
(1, 1, 1, 1, 1, 1, 1, 1),
(2, 1, 1, 1, 1, 1, 1, 2),
(3, 1, 1, 1, 1, 1, 1, 3),
(4, 1, 1, 1, 1, 1, 1, 4),
(5, 1, 1, 1, 1, 1, 1, 5),
(121, 1, 1, 1, 1, 1, 1, 6),
(13, 1, 1, 1, 2, 0, 0, 0),
(14, 1, 1, 1, 3, 1, 0, 0),
(16, 1, 1, 1, 5, 0, 0, 0),
(17, 1, 1, 2, 3, 0, 0, 0),
(18, 1, 1, 2, 4, 0, 0, 0),
(19, 1, 1, 2, 6, 0, 0, 0),
(20, 2, 1, 1, 1, 1, 1, 1),
(21, 2, 1, 1, 1, 1, 1, 2),
(22, 2, 1, 1, 1, 1, 1, 3),
(23, 2, 1, 1, 1, 1, 1, 4),
(24, 2, 1, 1, 1, 1, 1, 5),
(25, 2, 1, 1, 1, 1, 1, 6),
(26, 2, 1, 1, 1, 2, 1, 1),
(27, 2, 1, 1, 1, 2, 1, 2),
(28, 2, 1, 1, 1, 2, 1, 3),
(29, 2, 1, 1, 1, 2, 1, 4),
(30, 2, 1, 1, 1, 2, 1, 5),
(31, 2, 1, 1, 1, 2, 1, 6),
(32, 2, 1, 1, 2, 0, 0, 0),
(33, 2, 1, 1, 3, 1, 0, 0),
(34, 2, 1, 1, 3, 2, 0, 0),
(35, 2, 1, 1, 5, 0, 0, 0),
(36, 2, 1, 2, 3, 0, 0, 0),
(37, 2, 1, 2, 4, 0, 0, 0),
(38, 2, 1, 2, 6, 0, 0, 0),
(39, 3, 1, 1, 1, 1, 1, 1),
(40, 3, 1, 1, 1, 1, 1, 2),
(41, 3, 1, 1, 1, 1, 1, 3),
(42, 3, 1, 1, 1, 1, 1, 4),
(43, 3, 1, 1, 1, 1, 1, 5),
(44, 3, 1, 1, 1, 1, 1, 6),
(45, 3, 1, 1, 1, 2, 1, 1),
(46, 3, 1, 1, 1, 2, 1, 2),
(47, 3, 1, 1, 1, 2, 1, 3),
(48, 3, 1, 1, 1, 2, 1, 4),
(49, 3, 1, 1, 1, 2, 1, 5),
(50, 3, 1, 1, 1, 2, 1, 6),
(51, 3, 1, 1, 2, 0, 0, 0),
(52, 3, 1, 1, 3, 1, 0, 0),
(53, 3, 1, 1, 3, 2, 0, 0),
(54, 3, 1, 1, 5, 0, 0, 0),
(55, 3, 1, 2, 3, 0, 0, 0),
(56, 3, 1, 2, 4, 0, 0, 0),
(57, 3, 1, 2, 6, 0, 0, 0),
(58, 4, 1, 1, 1, 1, 1, 1),
(59, 4, 1, 1, 1, 1, 1, 2),
(60, 4, 1, 1, 1, 1, 1, 3),
(61, 4, 1, 1, 1, 1, 1, 4),
(62, 4, 1, 1, 1, 1, 1, 5),
(63, 4, 1, 1, 1, 1, 1, 6),
(64, 4, 1, 1, 1, 2, 1, 1),
(65, 4, 1, 1, 1, 2, 1, 2),
(66, 4, 1, 1, 1, 2, 1, 3),
(67, 4, 1, 1, 1, 2, 1, 4),
(68, 4, 1, 1, 1, 2, 1, 5),
(69, 4, 1, 1, 1, 2, 1, 6),
(70, 4, 1, 1, 2, 0, 0, 0),
(71, 4, 1, 1, 3, 1, 0, 0),
(72, 4, 1, 1, 3, 2, 0, 0),
(73, 4, 1, 1, 5, 0, 0, 0),
(74, 4, 1, 2, 3, 0, 0, 0),
(75, 4, 1, 2, 4, 0, 0, 0),
(76, 4, 1, 2, 6, 0, 0, 0),
(123, 5, 1, 1, 2, 1, 0, 0),
(78, 5, 1, 1, 3, 1, 0, 0),
(80, 6, 1, 1, 1, 1, 1, 1),
(81, 6, 1, 1, 1, 1, 1, 2),
(82, 6, 1, 1, 1, 1, 1, 3),
(83, 6, 1, 1, 1, 1, 1, 4),
(84, 6, 1, 1, 1, 1, 1, 5),
(85, 6, 1, 1, 1, 1, 1, 6),
(92, 6, 1, 1, 1, 1, 2, 1),
(93, 6, 1, 1, 1, 1, 2, 2),
(94, 6, 1, 1, 1, 1, 2, 3),
(95, 6, 1, 1, 1, 1, 2, 4),
(96, 6, 1, 1, 1, 1, 2, 5),
(97, 6, 1, 1, 1, 1, 2, 6),
(86, 6, 1, 1, 1, 2, 1, 1),
(87, 6, 1, 1, 1, 2, 1, 2),
(88, 6, 1, 1, 1, 2, 1, 3),
(89, 6, 1, 1, 1, 2, 1, 4),
(90, 6, 1, 1, 1, 2, 1, 5),
(91, 6, 1, 1, 1, 2, 1, 6),
(98, 6, 1, 1, 1, 2, 2, 1),
(99, 6, 1, 1, 1, 2, 2, 2),
(100, 6, 1, 1, 1, 2, 2, 3),
(101, 6, 1, 1, 1, 2, 2, 4),
(102, 6, 1, 1, 1, 2, 2, 5),
(103, 6, 1, 1, 1, 2, 2, 6),
(104, 6, 1, 1, 2, 0, 0, 0),
(105, 6, 1, 1, 3, 1, 0, 0),
(106, 6, 1, 1, 3, 2, 0, 0),
(107, 6, 1, 1, 5, 0, 0, 0),
(108, 6, 1, 2, 3, 0, 0, 0),
(109, 6, 1, 2, 4, 0, 0, 0),
(110, 6, 1, 2, 6, 0, 0, 0),
(111, 6, 2, 1, 3, 1, 0, 0),
(112, 6, 2, 1, 3, 2, 0, 0),
(113, 6, 2, 2, 3, 0, 0, 0),
(114, 6, 2, 2, 4, 0, 0, 0),
(115, 6, 2, 2, 6, 0, 0, 0),
(116, 7, 1, 1, 3, 0, 0, 0),
(117, 7, 1, 2, 3, 0, 0, 0),
(124, 7, 1, 2, 7, 0, 0, 0),
(118, 7, 2, 2, 3, 0, 0, 0),
(119, 7, 3, 2, 3, 0, 0, 0),
(120, 7, 4, 2, 3, 0, 0, 0);

DROP TABLE IF EXISTS `db_target_history`;
CREATE TABLE `db_target_history` (
  `id_target_history` int(11) NOT NULL AUTO_INCREMENT,
  `person_id` int(11) NOT NULL,
  `vtime` datetime NOT NULL,
  `xtime` datetime NOT NULL,
  `faculty` int(11) NOT NULL,
  `time_form_id` int(11) NOT NULL,
  `edu_form` int(11) NOT NULL,
  `target` int(11) NOT NULL,
  `target_type` int(11) NOT NULL,
  `target_cell` int(11) NOT NULL,
  `region_cell` int(11) NOT NULL,
  `total` int(11) NOT NULL,
  `reason` int(11) NOT NULL,
  `reasoff` int(11) NOT NULL,
  `vuid` int(11) NOT NULL,
  `xuid` int(11) NOT NULL,
  PRIMARY KEY (`id_target_history`)
) ENGINE=InnoDB /*!40101 DEFAULT CHARSET=cp1251 */;

DROP TABLE IF EXISTS `db_target_use`;
CREATE TABLE `db_target_use` (
  `id_target_use` int(11) NOT NULL AUTO_INCREMENT,
  `name` varchar(60) NOT NULL,
  `sname` varchar(60) NOT NULL,
  `abbr` varchar(50) NOT NULL,
  PRIMARY KEY (`id_target_use`)
) ENGINE=InnoDB AUTO_INCREMENT=3 /*!40101 DEFAULT CHARSET=cp1251 */;

INSERT INTO `db_target_use` VALUES
(1, '25 ', '', ''),
(2, '2  ', '', '');

DROP TABLE IF EXISTS `db_targetcell`;
CREATE TABLE `db_targetcell` (
  `id_targetcell` int(11) NOT NULL AUTO_INCREMENT,
  `name` varchar(60) NOT NULL,
  `sname` varchar(60) NOT NULL,
  `abbr` varchar(60) NOT NULL,
  PRIMARY KEY (`id_targetcell`)
) ENGINE=InnoDB AUTO_INCREMENT=3 /*!40101 DEFAULT CHARSET=cp1251 */;

INSERT INTO `db_targetcell` VALUES
(1, '', '', ''),
(2, ' \"\"', '', '');

DROP TABLE IF EXISTS `db_targettype`;
CREATE TABLE `db_targettype` (
  `id_targettype` int(11) NOT NULL AUTO_INCREMENT,
  `name` varchar(60) NOT NULL,
  `sname` varchar(60) NOT NULL,
  `abbr` varchar(60) NOT NULL,
  PRIMARY KEY (`id_targettype`)
) ENGINE=InnoDB AUTO_INCREMENT=3 /*!40101 DEFAULT CHARSET=cp1251 */;

INSERT INTO `db_targettype` VALUES
(1, '', '', ''),
(2, '2-   ', '2- ', '2-');

DROP TABLE IF EXISTS `db_task`;
CREATE TABLE `db_task` (
  `id_task` int(11) NOT NULL AUTO_INCREMENT,
  `name` varchar(60) NOT NULL,
  `sname` varchar(60) NOT NULL,
  `abbr` varchar(50) NOT NULL,
  PRIMARY KEY (`id_task`)
) ENGINE=InnoDB /*!40101 DEFAULT CHARSET=cp1251 */;

DROP TABLE IF EXISTS `db_time_form`;
CREATE TABLE `db_time_form` (
  `id_time_form` int(11) NOT NULL AUTO_INCREMENT,
  `name` varchar(60) NOT NULL,
  `sname` varchar(60) NOT NULL,
  `abbr` varchar(60) NOT NULL,
  `abbrdelo` varchar(5) NOT NULL,
  `order_extract` varchar(100) NOT NULL,
  `notification` varchar(100) NOT NULL,
  PRIMARY KEY (`id_time_form`)
) ENGINE=InnoDB AUTO_INCREMENT=5 /*!40101 DEFAULT CHARSET=cp1251 */;

INSERT INTO `db_time_form` VALUES
(1, '', '', '', '', '', ''),
(2, '', '', '', '', '', ''),
(3, '', '', '', '', '', ''),
(4, '', '', '', '', '', '');

DROP TABLE IF EXISTS `db_try`;
CREATE TABLE `db_try` (
  `id_try` int(11) NOT NULL AUTO_INCREMENT,
  `name` varchar(60) NOT NULL,
  `sname` varchar(60) NOT NULL,
  `abbr` varchar(50) NOT NULL,
  PRIMARY KEY (`id_try`)
) ENGINE=InnoDB AUTO_INCREMENT=8 /*!40101 DEFAULT CHARSET=cp1251 */;

INSERT INTO `db_try` VALUES
(1, '1', '', ''),
(2, '2', '', ''),
(3, '3', '', ''),
(4, '4', '', ''),
(5, '5', '', ''),
(6, '6', '', ''),
(7, '7', '', '');

DROP TABLE IF EXISTS `db_users`;
CREATE TABLE `db_users` (
  `id` int(11) NOT NULL AUTO_INCREMENT,
  `username` varchar(60) NOT NULL,
  `password` varchar(60) NOT NULL,
  `realname` varchar(60) NOT NULL,
  `group_id` int(11) NOT NULL,
  `phones` varchar(50) NOT NULL,
  `def_faculty` int(11) NOT NULL,
  `use_tabs` int(11) NOT NULL,
  `queue_id` int(11) NOT NULL,
  `def_time_form` int(11) NOT NULL,
  `def_action` int(11) NOT NULL,
  `use_last` int(11) NOT NULL,
  `def_state_id` int(11) DEFAULT NULL,
  PRIMARY KEY (`id`)
) ENGINE=InnoDB AUTO_INCREMENT=73 /*!40101 DEFAULT CHARSET=cp1251 */;

INSERT INTO `db_users` VALUES
(1, 'pk_root', '', ' ..', 1, '', 7, 0, 0, 3, 0, 0, 0),
(35, 'pkBarsumianAK', '', ' ..', 1, '', 0, 0, 0, 0, 0, 0, 0),
(36, 'Dextran', '', ' ..', 1, '', 0, 0, 0, 0, 0, 0, 0),
(37, 'pkTroianAN', '', ' . .', 3, '', 2, 0, 0, 0, 0, 0, NULL),
(38, 'pkBorisevichES', '', ' .', 3, '', 4, 0, 0, 0, 0, 0, NULL),
(39, 'pkRudkovskaiaEV', '', ' ..', 3, '', 4, 0, 0, 0, 0, 0, 0),
(40, 'pkCHuhanovaKA', '', ' .. ', 3, '', 1, 0, 0, 0, 0, 0, NULL),
(41, 'pkDemidchikVU', '', ' ..', 3, '', 1, 0, 0, 0, 0, 0, NULL),
(42, 'pkMaskalikAN', '', ' . .', 3, '', 1, 0, 0, 0, 0, 0, NULL),
(43, 'pkIvanovaOU', '', ' ..', 3, '', 6, 0, 6, 0, 0, 0, NULL),
(44, 'pkPobolIN', '', ' ..', 3, '', 4, 0, 4, 0, 0, 0, NULL),
(45, 'pkKrasovskaia', '', ' . .', 3, '', 2, 0, 0, 0, 0, 0, NULL),
(46, 'pkKazachenkoIUG', '', ' ..', 3, '', 1, 0, 0, 0, 0, 0, NULL),
(47, 'pkMalkevichAV', '', ' . .', 3, '', 1, 0, 0, 0, 0, 0, 0),
(48, 'pkShulzhitckaiaOO', '', ' ..', 3, '', 7, 0, 0, 0, 0, 0, NULL),
(49, 'pkShepetkoNM', '', ' . .', 3, '', 3, 0, 0, 0, 0, 0, NULL),
(50, 'pkGodiaevEV', '', ' ..', 5, '', 1, 0, 0, 0, 0, 0, 0),
(51, 'pkKravchenkoNL', '', ' ..', 5, '', 7, 0, 0, 0, 0, 0, NULL),
(52, 'pkSaetOS', '', ' ..', 4, '', 1, 0, 0, 1, 0, 0, 1),
(53, 'pkShilovaMA', '', ' ..', 9, '', 3, 0, 0, 0, 0, 0, 0),
(54, 'pkChernousEA', '', ' ..', 5, '', 6, 0, 6, 0, 0, 0, NULL),
(55, 'pkIanulAN', '', ' ..', 9, '', 7, 0, 0, 0, 0, 0, NULL),
(56, 'pkTihonenkoEV', '', ' ..', 9, '', 1, 0, 0, 0, 1, 0, 0),
(57, 'pkPinchukAF', '', ' ..', 9, '', 2, 0, 2, 1, 0, 1, 1),
(58, 'pkKolesnikovaML', '', ' ..', 4, '', 7, 0, 0, 0, 0, 0, NULL),
(59, 'GorbichYL', '', ' ..', 1, '', 0, 0, 0, 0, 0, 0, 0),
(60, 'sstomButvilovskijAV', '', ' ..', 4, '', 7, 0, 0, 0, 0, 0, NULL),
(61, 'pkSekerinaAU', '', ' ..', 6, '', 7, 0, 0, 0, 0, 0, NULL),
(62, 'pkBalakirevaOS', '', ' ..', 6, '', 7, 0, 0, 0, 0, 0, NULL),
(63, 'BudopV1', '', '', 5, '', 7, 0, 0, 0, 0, 0, NULL),
(64, 'MitkevichIA', '', '', 5, '', 7, 0, 0, 0, 0, 0, NULL),
(65, 'BadulMI', '', '', 5, '', 7, 0, 0, 0, 0, 0, NULL),
(66, 'pkNaumenokTV', '', ' ..', 3, '', 5, 0, 0, 0, 0, 0, NULL),
(67, 'pkDoldovaVS', '', ' . .', 3, '', 3, 0, 0, 0, 0, 0, NULL),
(68, 'avetisov', '', '', 7, '', 2, 0, 0, 0, 0, 0, NULL),
(69, 'pkVolodkevichDL', '', '', 8, '', 0, 0, 0, 0, 0, 0, NULL),
(70, 'SavchenkoMA', '', '', 7, '', 0, 0, 0, 0, 0, 0, NULL),
(71, 'Volotovski', '', '', 7, '', 1, 0, 0, 0, 0, 0, NULL),
(72, 'ViltovskiyAG', '1FHNEH2bsmu', ' ', 1, '2726607', 0, 0, 0, 0, 0, 0, NULL);

DROP TABLE IF EXISTS `db_vized_cell`;
CREATE TABLE `db_vized_cell` (
  `id_vized_cell` int(11) NOT NULL AUTO_INCREMENT,
  `name` varchar(60) NOT NULL,
  `surname` varchar(200) NOT NULL,
  `midname` varchar(200) NOT NULL,
  `region_id` int(11) NOT NULL,
  `spec` varchar(100) NOT NULL,
  PRIMARY KEY (`id_vized_cell`)
) ENGINE=InnoDB /*!40101 DEFAULT CHARSET=cp1251 */;

DROP TABLE IF EXISTS `db_voenmed`;
CREATE TABLE `db_voenmed` (
  `id_voenmed` int(11) NOT NULL AUTO_INCREMENT,
  `name` varchar(60) NOT NULL,
  `sname` varchar(60) NOT NULL,
  `abbr` varchar(50) NOT NULL,
  `surname` varchar(200) NOT NULL,
  `midname` varchar(200) NOT NULL,
  PRIMARY KEY (`id_voenmed`)
) ENGINE=InnoDB AUTO_INCREMENT=106 /*!40101 DEFAULT CHARSET=cp1251 */;

INSERT INTO `db_voenmed` VALUES
(1, '', '', '', '', ''),
(2, '', '', '', '', ''),
(3, '', '', '', '', ''),
(4, '', '', '', '', ''),
(5, '', '', '', '', ''),
(6, '', '', '', '', ''),
(7, '', '', '', '', ''),
(8, '', '', '', '', ''),
(9, '', '', '', '', ''),
(10, '', '', '', '', ''),
(11, '', '', '', '', ''),
(12, '', '', '', '', ''),
(13, '', '', '', '', ''),
(14, '', '', '', '', ''),
(15, '', '', '', '', ''),
(16, '', '', '', '', ''),
(17, '', '', '', '', ''),
(18, '', '', '', '', ''),
(19, '', '', '', '', ''),
(20, '', '', '', '', ''),
(21, '', '', '', '', ''),
(22, '', '', '', '', ''),
(23, '', '', '', '', ''),
(24, '', '', '', '', ''),
(25, '', '', '', '', ''),
(26, '', '', '', '', ''),
(27, '', '', '', '', ''),
(28, '', '', '', '', ''),
(29, '', '', '', '', ''),
(30, '', '', '', '', ''),
(31, '', '', '', '', ''),
(32, '', '', '', '', ''),
(33, '', '', '', '', ''),
(34, '', '', '', '', ''),
(35, '', '', '', '', ''),
(36, '', '', '', '', ''),
(37, '', '', '', '', ''),
(38, '', '', '', '', ''),
(39, '', '', '', '', ''),
(40, '', '', '', '', ''),
(41, '', '', '', '', ''),
(42, '', '', '', '', ''),
(43, '', '', '', '', ''),
(44, '', '', '', '', ''),
(45, '', '', '', '', ''),
(46, '', '', '', '', ''),
(47, '', '', '', '', ''),
(48, '', '', '', '', ''),
(49, '', '', '', '', ''),
(50, '', '', '', '', ''),
(51, '', '', '', '', ''),
(52, '', '', '', '', ''),
(53, '', '', '', '', ''),
(54, '', '', '', '', ''),
(55, '', '', '', '', ''),
(56, '', '', '', '', ''),
(57, '', '', '', '', ''),
(58, '', '', '', '', ''),
(59, '', '', '', '', ''),
(60, '', '', '', '', ''),
(61, '', '', '', '', ''),
(62, '', '', '', '', ''),
(63, '', '', '', '', ''),
(64, '', '', '', '', ''),
(65, '', '', '', '', ''),
(66, '', '', '', '', ''),
(67, '', '', '', '', ''),
(68, '', '', '', '', ''),
(69, '', '', '', '', ''),
(70, '', '', '', '', ''),
(71, '', '', '', '', ''),
(72, '', '', '', '', ''),
(73, '', '', '', '', ''),
(74, '', '', '', '', ''),
(75, '', '', '', '', ''),
(76, '', '', '', '', ''),
(77, '', '', '', '', ''),
(78, '', '', '', '', ''),
(79, '', '', '', '', ''),
(80, '', '', '', '', ''),
(81, '', '', '', '', ''),
(82, '', '', '', '', ''),
(83, '', '', '', '', ''),
(84, '', '', '', '', ''),
(85, '', '', '', '', ''),
(86, '', '', '', '', ''),
(87, '', '', '', '', ''),
(88, '', '', '', '', ''),
(89, '', '', '', '', ''),
(90, '', '', '', '', ''),
(91, '', '', '', '', ''),
(92, '', '', '', '', ''),
(93, '', '', '', '', ''),
(94, '', '', '', '', ''),
(95, '', '', '', '', ''),
(96, '', '', '', '', ''),
(97, '', '', '', '', ''),
(98, '', '', '', '', ''),
(99, '', '', '', '', ''),
(100, '', '', '', '', ''),
(101, '', '', '', '', ''),
(102, '', '', '', '', ''),
(103, '', '', '', '', ''),
(104, '', '', '', '', ''),
(105, '', '', '', '', '');

DROP TABLE IF EXISTS `db_wouldbe`;
CREATE TABLE `db_wouldbe` (
  `id_wouldbe` int(11) NOT NULL AUTO_INCREMENT,
  `name` varchar(60) NOT NULL,
  `sname` varchar(60) NOT NULL,
  `abbr` varchar(50) NOT NULL,
  PRIMARY KEY (`id_wouldbe`)
) ENGINE=InnoDB AUTO_INCREMENT=2 /*!40101 DEFAULT CHARSET=cp1251 */;

INSERT INTO `db_wouldbe` VALUES
(1, ' ', '', '');

DROP TABLE IF EXISTS `db_xclass`;
CREATE TABLE `db_xclass` (
  `id_xclass` int(11) NOT NULL AUTO_INCREMENT,
  `name` varchar(60) NOT NULL,
  `sname` varchar(60) NOT NULL,
  `abbr` varchar(50) NOT NULL,
  PRIMARY KEY (`id_xclass`)
) ENGINE=InnoDB AUTO_INCREMENT=2 /*!40101 DEFAULT CHARSET=cp1251 */;

INSERT INTO `db_xclass` VALUES
(1, ' ', '', '');

DROP TABLE IF EXISTS `db_zip_by`;
CREATE TABLE `db_zip_by` (
  `id_zip_by` int(11) NOT NULL AUTO_INCREMENT,
  `zipcode` varchar(10) NOT NULL,
  `city_name` text NOT NULL,
  `stree_name` text NOT NULL,
  PRIMARY KEY (`id_zip_by`)
) ENGINE=InnoDB /*!40101 DEFAULT CHARSET=cp1251 */;

